# osCommerce, Open Source E-Commerce Solutions
# http://www.oscommerce.com
#
# Database Backup For Performance Auto
# Copyright (c) 2005 Performance Auto
#
# Database: performa_osc1
# Database Server: localhost
#
# Backup Date: 12/21/2005 19:26:01

drop table if exists address_book;
create table address_book (
  address_book_id int(11) not null auto_increment,
  customers_id int(11) default '0' not null ,
  entry_gender char(1) not null ,
  entry_company varchar(32) ,
  entry_firstname varchar(32) not null ,
  entry_lastname varchar(32) not null ,
  entry_street_address varchar(64) not null ,
  entry_suburb varchar(32) ,
  entry_postcode varchar(10) not null ,
  entry_city varchar(32) not null ,
  entry_state varchar(32) ,
  entry_country_id int(11) default '0' not null ,
  entry_zone_id int(11) default '0' not null ,
  PRIMARY KEY (address_book_id),
  KEY idx_address_book_customers_id (customers_id)
);

insert into address_book (address_book_id, customers_id, entry_gender, entry_company, entry_firstname, entry_lastname, entry_street_address, entry_suburb, entry_postcode, entry_city, entry_state, entry_country_id, entry_zone_id) values ('1', '1', 'm', 'ACME Inc.', 'John', 'Doe', '1 Way Street', '', '12345', 'NeverNever', '', '223', '12');
insert into address_book (address_book_id, customers_id, entry_gender, entry_company, entry_firstname, entry_lastname, entry_street_address, entry_suburb, entry_postcode, entry_city, entry_state, entry_country_id, entry_zone_id) values ('2', '2', 'm', '', 'KEVIN', 'SPECK', '1905 CEDAR ST.', '', '75154', 'RED OAK', '', '223', '57');
insert into address_book (address_book_id, customers_id, entry_gender, entry_company, entry_firstname, entry_lastname, entry_street_address, entry_suburb, entry_postcode, entry_city, entry_state, entry_country_id, entry_zone_id) values ('3', '3', 'm', '', 'Mike', 'Sheridan', '153 Toneff Drive', NULL, '50707', 'Elk Run Heights', '', '223', '25');
insert into address_book (address_book_id, customers_id, entry_gender, entry_company, entry_firstname, entry_lastname, entry_street_address, entry_suburb, entry_postcode, entry_city, entry_state, entry_country_id, entry_zone_id) values ('4', '4', 'm', '', 'Benjamin', 'Campana', '1944 jobs run road', NULL, '17740', 'jersey shore', '', '223', '51');
insert into address_book (address_book_id, customers_id, entry_gender, entry_company, entry_firstname, entry_lastname, entry_street_address, entry_suburb, entry_postcode, entry_city, entry_state, entry_country_id, entry_zone_id) values ('5', '5', 'f', '', 'lana', 'kirchhoff', '4202 w shaulis road', NULL, '50613', 'cedar fall;s', '', '223', '25');
insert into address_book (address_book_id, customers_id, entry_gender, entry_company, entry_firstname, entry_lastname, entry_street_address, entry_suburb, entry_postcode, entry_city, entry_state, entry_country_id, entry_zone_id) values ('6', '5', 'f', '', 'lana', 'kirchhoff', '7940 new jersey', NULL, '46323', 'hammond', '', '223', '24');
insert into address_book (address_book_id, customers_id, entry_gender, entry_company, entry_firstname, entry_lastname, entry_street_address, entry_suburb, entry_postcode, entry_city, entry_state, entry_country_id, entry_zone_id) values ('7', '6', 'm', 'none', 'Michael', 'Sheridan', '1217 River Forest Rd', NULL, '50707', 'Evansdale', '', '223', '25');
insert into address_book (address_book_id, customers_id, entry_gender, entry_company, entry_firstname, entry_lastname, entry_street_address, entry_suburb, entry_postcode, entry_city, entry_state, entry_country_id, entry_zone_id) values ('8', '7', 'm', '', 'Brian', 'McNeely', '4415 Norwick Dr.', NULL, '47909', 'Lafayette', '', '223', '24');
insert into address_book (address_book_id, customers_id, entry_gender, entry_company, entry_firstname, entry_lastname, entry_street_address, entry_suburb, entry_postcode, entry_city, entry_state, entry_country_id, entry_zone_id) values ('9', '5', 'f', '', 'Lana', 'Kirchoff', '4202 w Shaulis Rd', NULL, '50613', 'Cedar Falls', '', '223', '25');
insert into address_book (address_book_id, customers_id, entry_gender, entry_company, entry_firstname, entry_lastname, entry_street_address, entry_suburb, entry_postcode, entry_city, entry_state, entry_country_id, entry_zone_id) values ('10', '8', 'm', 'Copper Plus', 'Robert', 'Lewis', '102 Beverly Rd.', NULL, '29609', 'Greenville', '', '223', '54');
insert into address_book (address_book_id, customers_id, entry_gender, entry_company, entry_firstname, entry_lastname, entry_street_address, entry_suburb, entry_postcode, entry_city, entry_state, entry_country_id, entry_zone_id) values ('11', '9', 'm', '', 'Joe', 'Everett', '1585 Clay Pike Rd', NULL, '15944', 'New Florence', '', '223', '51');
insert into address_book (address_book_id, customers_id, entry_gender, entry_company, entry_firstname, entry_lastname, entry_street_address, entry_suburb, entry_postcode, entry_city, entry_state, entry_country_id, entry_zone_id) values ('12', '10', 'f', '', 'Lissa', 'Uselton', '4032 E street', NULL, '95503', 'Eureka', '', '223', '12');
insert into address_book (address_book_id, customers_id, entry_gender, entry_company, entry_firstname, entry_lastname, entry_street_address, entry_suburb, entry_postcode, entry_city, entry_state, entry_country_id, entry_zone_id) values ('13', '11', 'f', '', 'keri', 'morris', '337 WEST AIR DEPOT RD APT D-4', NULL, '35903', 'GADSDEN', '', '223', '1');
insert into address_book (address_book_id, customers_id, entry_gender, entry_company, entry_firstname, entry_lastname, entry_street_address, entry_suburb, entry_postcode, entry_city, entry_state, entry_country_id, entry_zone_id) values ('14', '12', 'm', '', 'tom', 'pierce', '512 spring street', NULL, '12118', 'mechanicville', '', '223', '43');
insert into address_book (address_book_id, customers_id, entry_gender, entry_company, entry_firstname, entry_lastname, entry_street_address, entry_suburb, entry_postcode, entry_city, entry_state, entry_country_id, entry_zone_id) values ('15', '12', 'm', 'environment one', 'tom', 'pierce', '2773 balltown road', NULL, '12309', 'schenectady', '', '223', '43');
insert into address_book (address_book_id, customers_id, entry_gender, entry_company, entry_firstname, entry_lastname, entry_street_address, entry_suburb, entry_postcode, entry_city, entry_state, entry_country_id, entry_zone_id) values ('16', '13', 'm', '', 'Mark', 'Barnes', 'PO Box 303', NULL, '301 Hwy 15', 'Coldspring', '', '223', '57');
insert into address_book (address_book_id, customers_id, entry_gender, entry_company, entry_firstname, entry_lastname, entry_street_address, entry_suburb, entry_postcode, entry_city, entry_state, entry_country_id, entry_zone_id) values ('17', '13', 'm', '', 'Mark', 'Barnes', '301 Hwy 150 East', NULL, '77331', 'Coldspring', '', '223', '57');
insert into address_book (address_book_id, customers_id, entry_gender, entry_company, entry_firstname, entry_lastname, entry_street_address, entry_suburb, entry_postcode, entry_city, entry_state, entry_country_id, entry_zone_id) values ('18', '14', 'm', 'Slot Rocket Chassis', 'Jeremy', 'Schaufenbuel', '324 Lincoln Street', NULL, '50659', 'New Hampton', '', '223', '25');
insert into address_book (address_book_id, customers_id, entry_gender, entry_company, entry_firstname, entry_lastname, entry_street_address, entry_suburb, entry_postcode, entry_city, entry_state, entry_country_id, entry_zone_id) values ('19', '15', 'm', '', 'Davey', 'pullen', '6915 Lost Colony Dr', NULL, '23124', 'New Kent', '', '223', '61');
insert into address_book (address_book_id, customers_id, entry_gender, entry_company, entry_firstname, entry_lastname, entry_street_address, entry_suburb, entry_postcode, entry_city, entry_state, entry_country_id, entry_zone_id) values ('20', '16', 'm', 'Impact Motorsports', 'Jeff', 'Lemiesz', '2230 Plymouth St', NULL, '54901', 'Oshkosh', '', '223', '64');
insert into address_book (address_book_id, customers_id, entry_gender, entry_company, entry_firstname, entry_lastname, entry_street_address, entry_suburb, entry_postcode, entry_city, entry_state, entry_country_id, entry_zone_id) values ('21', '17', 'f', '', 'keri', 'fordham', '419 lenford ave', NULL, '35905', 'gadsden', '', '223', '1');
insert into address_book (address_book_id, customers_id, entry_gender, entry_company, entry_firstname, entry_lastname, entry_street_address, entry_suburb, entry_postcode, entry_city, entry_state, entry_country_id, entry_zone_id) values ('22', '17', 'f', '', 'keri', 'fordham', '419 lenford ave', NULL, '35905', 'glencoe', '', '223', '1');
insert into address_book (address_book_id, customers_id, entry_gender, entry_company, entry_firstname, entry_lastname, entry_street_address, entry_suburb, entry_postcode, entry_city, entry_state, entry_country_id, entry_zone_id) values ('23', '18', 'm', '', 'Brian', 'Bednarz', '2 Pleasantview Ave', NULL, '13413', 'New Hartford', '', '223', '43');
insert into address_book (address_book_id, customers_id, entry_gender, entry_company, entry_firstname, entry_lastname, entry_street_address, entry_suburb, entry_postcode, entry_city, entry_state, entry_country_id, entry_zone_id) values ('24', '19', 'm', 'dunnings demo', 'tedd', 'dunning', '327 monroe st.', NULL, '43567', 'wauseon', '', '223', '1');
insert into address_book (address_book_id, customers_id, entry_gender, entry_company, entry_firstname, entry_lastname, entry_street_address, entry_suburb, entry_postcode, entry_city, entry_state, entry_country_id, entry_zone_id) values ('25', '20', 'm', '', 'cody', 'armstrong', '115 6th st ne', NULL, '58301', 'devils lake', '', '223', '45');
insert into address_book (address_book_id, customers_id, entry_gender, entry_company, entry_firstname, entry_lastname, entry_street_address, entry_suburb, entry_postcode, entry_city, entry_state, entry_country_id, entry_zone_id) values ('26', '21', 'm', '', 'Earl', 'Jones, Jr', 'Box 081 Hwy 1', NULL, '56671', 'Red Lake', '', '223', '34');
insert into address_book (address_book_id, customers_id, entry_gender, entry_company, entry_firstname, entry_lastname, entry_street_address, entry_suburb, entry_postcode, entry_city, entry_state, entry_country_id, entry_zone_id) values ('27', '22', 'm', '', 'John', 'Jarrel', '1500 S Kentucky', NULL, '79102', 'Amarillo', '', '223', '57');
insert into address_book (address_book_id, customers_id, entry_gender, entry_company, entry_firstname, entry_lastname, entry_street_address, entry_suburb, entry_postcode, entry_city, entry_state, entry_country_id, entry_zone_id) values ('28', '23', 'm', '', 'ken', 'neitzel', '1719 west 6th', NULL, '69101', 'north platte', '', '223', '38');
insert into address_book (address_book_id, customers_id, entry_gender, entry_company, entry_firstname, entry_lastname, entry_street_address, entry_suburb, entry_postcode, entry_city, entry_state, entry_country_id, entry_zone_id) values ('29', '24', 'm', '', 'Tim', 'Rupp', '223 South 10th street', NULL, '51012', 'Cherokee', '', '223', '25');
insert into address_book (address_book_id, customers_id, entry_gender, entry_company, entry_firstname, entry_lastname, entry_street_address, entry_suburb, entry_postcode, entry_city, entry_state, entry_country_id, entry_zone_id) values ('30', '25', 'm', '', 'Jay', 'Nakamura', '331B Ano St', NULL, '96732', 'Kahului', '', '223', '21');
insert into address_book (address_book_id, customers_id, entry_gender, entry_company, entry_firstname, entry_lastname, entry_street_address, entry_suburb, entry_postcode, entry_city, entry_state, entry_country_id, entry_zone_id) values ('31', '26', 'f', '', 'Lisa', 'New', 'RR8 Box 5855', NULL, '42633', 'Monticello', '', '223', '27');
insert into address_book (address_book_id, customers_id, entry_gender, entry_company, entry_firstname, entry_lastname, entry_street_address, entry_suburb, entry_postcode, entry_city, entry_state, entry_country_id, entry_zone_id) values ('32', '27', 'f', '', 'Mary Ann', 'Head', '1225 Conner Bowers Road', NULL, '25427', 'Hedgesville', '', '223', '63');
insert into address_book (address_book_id, customers_id, entry_gender, entry_company, entry_firstname, entry_lastname, entry_street_address, entry_suburb, entry_postcode, entry_city, entry_state, entry_country_id, entry_zone_id) values ('33', '28', 'm', '', 'Michael', 'Baggett', '401 Stewart St', NULL, '75771', 'Lindale', '', '223', '57');
insert into address_book (address_book_id, customers_id, entry_gender, entry_company, entry_firstname, entry_lastname, entry_street_address, entry_suburb, entry_postcode, entry_city, entry_state, entry_country_id, entry_zone_id) values ('34', '29', 'm', '', 'matias', 'navarro', '161 e. mayra drive', NULL, '85628', 'nogales', '', '223', '4');
insert into address_book (address_book_id, customers_id, entry_gender, entry_company, entry_firstname, entry_lastname, entry_street_address, entry_suburb, entry_postcode, entry_city, entry_state, entry_country_id, entry_zone_id) values ('35', '30', 'f', '', 'Karisha', 'Wheeler', '7908 W. Gate Blvd. #B', NULL, '78745', 'Austin', '', '223', '57');
insert into address_book (address_book_id, customers_id, entry_gender, entry_company, entry_firstname, entry_lastname, entry_street_address, entry_suburb, entry_postcode, entry_city, entry_state, entry_country_id, entry_zone_id) values ('36', '30', 'm', '', 'Matt', 'Wheeler', '212 E. Castleberry Drive', NULL, '78654', 'Granite Shoals', '', '223', '57');
insert into address_book (address_book_id, customers_id, entry_gender, entry_company, entry_firstname, entry_lastname, entry_street_address, entry_suburb, entry_postcode, entry_city, entry_state, entry_country_id, entry_zone_id) values ('37', '31', 'm', 'Midas', 'Clark', 'Garletts', '173 Bowman Dr', NULL, '39145', 'Pelahatchie', '', '223', '35');
insert into address_book (address_book_id, customers_id, entry_gender, entry_company, entry_firstname, entry_lastname, entry_street_address, entry_suburb, entry_postcode, entry_city, entry_state, entry_country_id, entry_zone_id) values ('38', '31', 'm', 'Midas Auto Service', 'Clark', 'Garletts', '2880 Hwy 80 E', NULL, '39208', 'Pearl', '', '223', '35');
insert into address_book (address_book_id, customers_id, entry_gender, entry_company, entry_firstname, entry_lastname, entry_street_address, entry_suburb, entry_postcode, entry_city, entry_state, entry_country_id, entry_zone_id) values ('39', '32', 'm', 'RPM AUTOMOTIVE', 'RODGER', 'DECK', '718 SOUTH GRANT AVE.', NULL, '47933', 'CRAWFORDSVILLE', '', '223', '24');
insert into address_book (address_book_id, customers_id, entry_gender, entry_company, entry_firstname, entry_lastname, entry_street_address, entry_suburb, entry_postcode, entry_city, entry_state, entry_country_id, entry_zone_id) values ('40', '33', 'm', 'advance auto', 'michael', 'huff', '472 jason dr', NULL, '30753', 'trion', '', '223', '19');
insert into address_book (address_book_id, customers_id, entry_gender, entry_company, entry_firstname, entry_lastname, entry_street_address, entry_suburb, entry_postcode, entry_city, entry_state, entry_country_id, entry_zone_id) values ('41', '33', 'm', 'advance auto parts', 'michael', 'huff', '10723 commerce st', NULL, '30747', 'summerville', '', '223', '19');
insert into address_book (address_book_id, customers_id, entry_gender, entry_company, entry_firstname, entry_lastname, entry_street_address, entry_suburb, entry_postcode, entry_city, entry_state, entry_country_id, entry_zone_id) values ('42', '34', 'm', 'Remus Motorsports', 'Justin', 'Remus', '28340 280th Ave.', NULL, '56085', 'Sleepy Eye', '', '223', '34');
insert into address_book (address_book_id, customers_id, entry_gender, entry_company, entry_firstname, entry_lastname, entry_street_address, entry_suburb, entry_postcode, entry_city, entry_state, entry_country_id, entry_zone_id) values ('43', '35', 'm', '', 'John R', 'Busch', '1133 Aspen Street', NULL, '80501', 'Longmont', '', '223', '13');
insert into address_book (address_book_id, customers_id, entry_gender, entry_company, entry_firstname, entry_lastname, entry_street_address, entry_suburb, entry_postcode, entry_city, entry_state, entry_country_id, entry_zone_id) values ('44', '36', 'm', '', 'Ron', 'Benway', '797 Spring Lake Dr.', NULL, '32541', 'Destin', '', '223', '18');
insert into address_book (address_book_id, customers_id, entry_gender, entry_company, entry_firstname, entry_lastname, entry_street_address, entry_suburb, entry_postcode, entry_city, entry_state, entry_country_id, entry_zone_id) values ('45', '37', 'm', '', 'keith', 'stamp', '469 eland dr.', NULL, '33917', 'north fort myers', '', '223', '18');
insert into address_book (address_book_id, customers_id, entry_gender, entry_company, entry_firstname, entry_lastname, entry_street_address, entry_suburb, entry_postcode, entry_city, entry_state, entry_country_id, entry_zone_id) values ('46', '38', 'm', '', 'David', 'Housman', '4743 Music Lane', NULL, '63128', 'St. Louis', '', '223', '36');
insert into address_book (address_book_id, customers_id, entry_gender, entry_company, entry_firstname, entry_lastname, entry_street_address, entry_suburb, entry_postcode, entry_city, entry_state, entry_country_id, entry_zone_id) values ('47', '39', 'm', '', 'Seth', 'Milam', '1760 Moran Ct', NULL, '80918', 'Colorado Spings', '', '223', '13');
insert into address_book (address_book_id, customers_id, entry_gender, entry_company, entry_firstname, entry_lastname, entry_street_address, entry_suburb, entry_postcode, entry_city, entry_state, entry_country_id, entry_zone_id) values ('48', '40', 'm', '', 'paul', 'guthrie', '1806 lee st.', NULL, '23181', 'west point', '', '223', '61');
insert into address_book (address_book_id, customers_id, entry_gender, entry_company, entry_firstname, entry_lastname, entry_street_address, entry_suburb, entry_postcode, entry_city, entry_state, entry_country_id, entry_zone_id) values ('49', '41', 'm', 'Silver\'s Automotive', 'Edward', 'Young', '1201 Progress Dr. Bldg. 63', NULL, '97504', 'Medford', '', '223', '49');
insert into address_book (address_book_id, customers_id, entry_gender, entry_company, entry_firstname, entry_lastname, entry_street_address, entry_suburb, entry_postcode, entry_city, entry_state, entry_country_id, entry_zone_id) values ('50', '42', 'm', '', 'shaun', 'witt', '42 guernsey st', NULL, '13815', 'Norwich', '', '223', '43');
insert into address_book (address_book_id, customers_id, entry_gender, entry_company, entry_firstname, entry_lastname, entry_street_address, entry_suburb, entry_postcode, entry_city, entry_state, entry_country_id, entry_zone_id) values ('51', '43', 'm', '', 'Christopher', 'Kilkus', '1044 Pacific Street #2', NULL, '90405', 'Santa Monica', '', '223', '12');
insert into address_book (address_book_id, customers_id, entry_gender, entry_company, entry_firstname, entry_lastname, entry_street_address, entry_suburb, entry_postcode, entry_city, entry_state, entry_country_id, entry_zone_id) values ('52', '44', 'm', '', 'Rick', 'Brown', '1342 Birch St.', NULL, '94565', 'Pittsburg', '', '223', '12');
insert into address_book (address_book_id, customers_id, entry_gender, entry_company, entry_firstname, entry_lastname, entry_street_address, entry_suburb, entry_postcode, entry_city, entry_state, entry_country_id, entry_zone_id) values ('53', '45', 'f', '', 'Stephanie', 'Lloyd', '9774 State Route 128', NULL, '45030', 'Harrison', '', '223', '47');
insert into address_book (address_book_id, customers_id, entry_gender, entry_company, entry_firstname, entry_lastname, entry_street_address, entry_suburb, entry_postcode, entry_city, entry_state, entry_country_id, entry_zone_id) values ('54', '46', 'f', '', 'Tara', 'Thatcher', '12115 Ellsworth St', NULL, '43722', 'Buffalo', '', '223', '47');
insert into address_book (address_book_id, customers_id, entry_gender, entry_company, entry_firstname, entry_lastname, entry_street_address, entry_suburb, entry_postcode, entry_city, entry_state, entry_country_id, entry_zone_id) values ('55', '47', 'f', '', 'Denise', 'Brown', '13 Boulder Ave', NULL, '04281', 'South Paris', '', '223', '29');
insert into address_book (address_book_id, customers_id, entry_gender, entry_company, entry_firstname, entry_lastname, entry_street_address, entry_suburb, entry_postcode, entry_city, entry_state, entry_country_id, entry_zone_id) values ('56', '47', 'f', 'Kennison Real Estate', 'Denise', 'Brown', '1560 Main Street', NULL, '04270', 'Oxford', '', '223', '29');
insert into address_book (address_book_id, customers_id, entry_gender, entry_company, entry_firstname, entry_lastname, entry_street_address, entry_suburb, entry_postcode, entry_city, entry_state, entry_country_id, entry_zone_id) values ('57', '48', 'm', '', 'Doug', 'Coffield', '7260 S. Elms Road', NULL, '48473', 'Swartz Creek', '', '223', '33');
insert into address_book (address_book_id, customers_id, entry_gender, entry_company, entry_firstname, entry_lastname, entry_street_address, entry_suburb, entry_postcode, entry_city, entry_state, entry_country_id, entry_zone_id) values ('58', '49', 'm', 'gentz racing', 'chad', 'gentz', '11521 380th st', NULL, '50436', 'forest city', '', '223', '25');
insert into address_book (address_book_id, customers_id, entry_gender, entry_company, entry_firstname, entry_lastname, entry_street_address, entry_suburb, entry_postcode, entry_city, entry_state, entry_country_id, entry_zone_id) values ('59', '50', 'm', 'parchman oilfield services', 'john', 'wheat', '6 miles north 281', NULL, '78540', 'edinburg', '', '223', '57');
insert into address_book (address_book_id, customers_id, entry_gender, entry_company, entry_firstname, entry_lastname, entry_street_address, entry_suburb, entry_postcode, entry_city, entry_state, entry_country_id, entry_zone_id) values ('60', '51', 'm', '', 'JON', 'MICKELSON', '812 8TH ST SE', NULL, '56501', 'DETROIT LAKES', '', '223', '34');
insert into address_book (address_book_id, customers_id, entry_gender, entry_company, entry_firstname, entry_lastname, entry_street_address, entry_suburb, entry_postcode, entry_city, entry_state, entry_country_id, entry_zone_id) values ('61', '52', 'f', '', 'Heather', 'Anderson', '402 Anderson Rd.', NULL, '28904', 'Hayesville', '', '223', '44');
insert into address_book (address_book_id, customers_id, entry_gender, entry_company, entry_firstname, entry_lastname, entry_street_address, entry_suburb, entry_postcode, entry_city, entry_state, entry_country_id, entry_zone_id) values ('62', '53', 'm', '', 'Ismael', 'Sanchez', '3022 Marblebrook Drive', NULL, '28105', 'Matthews', '', '223', '44');
insert into address_book (address_book_id, customers_id, entry_gender, entry_company, entry_firstname, entry_lastname, entry_street_address, entry_suburb, entry_postcode, entry_city, entry_state, entry_country_id, entry_zone_id) values ('63', '54', 'm', '', 'William', 'Odom', 'PO Box 434', NULL, '36445', 'Frisco City', '', '223', '1');
insert into address_book (address_book_id, customers_id, entry_gender, entry_company, entry_firstname, entry_lastname, entry_street_address, entry_suburb, entry_postcode, entry_city, entry_state, entry_country_id, entry_zone_id) values ('64', '54', 'm', 'ARP Hangar', 'William', 'Odom', '540 Hangar Road', NULL, '36460', 'Frisco City', '', '223', '1');
insert into address_book (address_book_id, customers_id, entry_gender, entry_company, entry_firstname, entry_lastname, entry_street_address, entry_suburb, entry_postcode, entry_city, entry_state, entry_country_id, entry_zone_id) values ('65', '55', 'm', '', 'Peter', 'Swanson', '310 South Center St.', NULL, '06096', 'Windsor Locks', '', '223', '14');
insert into address_book (address_book_id, customers_id, entry_gender, entry_company, entry_firstname, entry_lastname, entry_street_address, entry_suburb, entry_postcode, entry_city, entry_state, entry_country_id, entry_zone_id) values ('66', '56', 'f', '', 'Taren', 'Billingsley', '92 Tyrrell Street/PO Box 633', NULL, '45682', 'South Webster', '', '223', '47');
insert into address_book (address_book_id, customers_id, entry_gender, entry_company, entry_firstname, entry_lastname, entry_street_address, entry_suburb, entry_postcode, entry_city, entry_state, entry_country_id, entry_zone_id) values ('67', '57', 'm', '', 'Jim', 'Kollath', '1944 Hinchman Rd.', NULL, '49127', 'Baroda', '', '223', '33');
insert into address_book (address_book_id, customers_id, entry_gender, entry_company, entry_firstname, entry_lastname, entry_street_address, entry_suburb, entry_postcode, entry_city, entry_state, entry_country_id, entry_zone_id) values ('68', '58', 'f', '', 'Jan', 'Howard', '532 Hickory Drive', NULL, '30025', 'Social Circle', '', '223', '19');
insert into address_book (address_book_id, customers_id, entry_gender, entry_company, entry_firstname, entry_lastname, entry_street_address, entry_suburb, entry_postcode, entry_city, entry_state, entry_country_id, entry_zone_id) values ('69', '59', 'f', '', 'DONNA', 'BIDWELL', '26 CRANBERRY DRIVE', NULL, '16731', 'ELDRED', '', '223', '51');
insert into address_book (address_book_id, customers_id, entry_gender, entry_company, entry_firstname, entry_lastname, entry_street_address, entry_suburb, entry_postcode, entry_city, entry_state, entry_country_id, entry_zone_id) values ('70', '60', 'm', '', 'Garvey', 'Pennington', '236 Page Drive', NULL, '28694', 'West Jefferson', '', '223', '44');
insert into address_book (address_book_id, customers_id, entry_gender, entry_company, entry_firstname, entry_lastname, entry_street_address, entry_suburb, entry_postcode, entry_city, entry_state, entry_country_id, entry_zone_id) values ('71', '60', 'm', 'Gates Rubber', 'Garvey', 'Pennington', '101 Gates Lane', NULL, '28640', 'Jefferson', '', '223', '44');
insert into address_book (address_book_id, customers_id, entry_gender, entry_company, entry_firstname, entry_lastname, entry_street_address, entry_suburb, entry_postcode, entry_city, entry_state, entry_country_id, entry_zone_id) values ('72', '60', 'm', '', 'Garvey', 'Pennington', 'PO Box 1323', NULL, '28694', 'West Jefferson', '', '223', '44');
insert into address_book (address_book_id, customers_id, entry_gender, entry_company, entry_firstname, entry_lastname, entry_street_address, entry_suburb, entry_postcode, entry_city, entry_state, entry_country_id, entry_zone_id) values ('73', '61', 'm', '', 'Ricky', 'McShane', '3505 D. H. Watkins', NULL, '77536', 'Deer Park', '', '223', '57');
insert into address_book (address_book_id, customers_id, entry_gender, entry_company, entry_firstname, entry_lastname, entry_street_address, entry_suburb, entry_postcode, entry_city, entry_state, entry_country_id, entry_zone_id) values ('74', '62', 'm', '', 'Jeff', 'Havins', 'PO Box 566', NULL, '76380', 'Seymour', '', '223', '57');
insert into address_book (address_book_id, customers_id, entry_gender, entry_company, entry_firstname, entry_lastname, entry_street_address, entry_suburb, entry_postcode, entry_city, entry_state, entry_country_id, entry_zone_id) values ('75', '62', 'm', '', 'Jeff', 'Havins', '214 S Main', NULL, '76380', 'Seymour', '', '223', '57');
insert into address_book (address_book_id, customers_id, entry_gender, entry_company, entry_firstname, entry_lastname, entry_street_address, entry_suburb, entry_postcode, entry_city, entry_state, entry_country_id, entry_zone_id) values ('76', '63', 'f', '', 'Erin', 'O\'Neill', '119 Oak Lane', NULL, '1111', 'Tupelo', '', '223', '35');
insert into address_book (address_book_id, customers_id, entry_gender, entry_company, entry_firstname, entry_lastname, entry_street_address, entry_suburb, entry_postcode, entry_city, entry_state, entry_country_id, entry_zone_id) values ('77', '63', 'f', '', 'Erin', 'O\'Neill', '119 Oak Lane', NULL, '38801', 'Tupelo', '', '223', '35');
insert into address_book (address_book_id, customers_id, entry_gender, entry_company, entry_firstname, entry_lastname, entry_street_address, entry_suburb, entry_postcode, entry_city, entry_state, entry_country_id, entry_zone_id) values ('78', '63', 'f', '', 'Erin', 'O\'Neill', '1419 West Bristow Dr.', NULL, '38801', 'Tupelo', '', '223', '35');
insert into address_book (address_book_id, customers_id, entry_gender, entry_company, entry_firstname, entry_lastname, entry_street_address, entry_suburb, entry_postcode, entry_city, entry_state, entry_country_id, entry_zone_id) values ('79', '64', 'f', '', 'Deshonda', 'Hamby', '903 Pineburr Ave. Apt.1E', NULL, '28690', 'Valdese', '', '223', '44');
insert into address_book (address_book_id, customers_id, entry_gender, entry_company, entry_firstname, entry_lastname, entry_street_address, entry_suburb, entry_postcode, entry_city, entry_state, entry_country_id, entry_zone_id) values ('80', '65', 'f', '', 'Stacey', 'Farris', '2619 Robindale Drive', NULL, '36305', 'Dothan', '', '223', '1');
insert into address_book (address_book_id, customers_id, entry_gender, entry_company, entry_firstname, entry_lastname, entry_street_address, entry_suburb, entry_postcode, entry_city, entry_state, entry_country_id, entry_zone_id) values ('81', '66', 'f', '', 'LESLIE', 'HESSON', '414 SEMINARY ST', NULL, 'PO BOX 226', 'ROCKPORT', '', '223', '24');
insert into address_book (address_book_id, customers_id, entry_gender, entry_company, entry_firstname, entry_lastname, entry_street_address, entry_suburb, entry_postcode, entry_city, entry_state, entry_country_id, entry_zone_id) values ('82', '66', 'f', '', 'LESLIE', 'HESSON', '2212 FREDERICA ST', NULL, '42301', 'OWENSBORO', '', '223', '27');
insert into address_book (address_book_id, customers_id, entry_gender, entry_company, entry_firstname, entry_lastname, entry_street_address, entry_suburb, entry_postcode, entry_city, entry_state, entry_country_id, entry_zone_id) values ('83', '66', 'f', '', 'LESLIE', 'HESSON', 'PO BOX 226', NULL, '47635', 'ROCKPORT', '', '223', '24');
insert into address_book (address_book_id, customers_id, entry_gender, entry_company, entry_firstname, entry_lastname, entry_street_address, entry_suburb, entry_postcode, entry_city, entry_state, entry_country_id, entry_zone_id) values ('84', '67', 'm', 'All Star Motorsports', 'Efrain', 'Mendoza', '2360 Notre Dame Bvd #4', NULL, '95928', 'Chico', '', '223', '12');
insert into address_book (address_book_id, customers_id, entry_gender, entry_company, entry_firstname, entry_lastname, entry_street_address, entry_suburb, entry_postcode, entry_city, entry_state, entry_country_id, entry_zone_id) values ('85', '67', 'm', 'All Star Motorsports', 'Efrain', 'Mendoza', '1915 esplande', NULL, '95926', 'Chico', '', '223', '12');
insert into address_book (address_book_id, customers_id, entry_gender, entry_company, entry_firstname, entry_lastname, entry_street_address, entry_suburb, entry_postcode, entry_city, entry_state, entry_country_id, entry_zone_id) values ('86', '68', 'm', '', 'Doug', 'Rose', '20118 Ionia Rd', NULL, '65335', 'Ionia', '', '223', '36');
insert into address_book (address_book_id, customers_id, entry_gender, entry_company, entry_firstname, entry_lastname, entry_street_address, entry_suburb, entry_postcode, entry_city, entry_state, entry_country_id, entry_zone_id) values ('87', '68', 'm', '', 'Eric', 'Rose', '642 Main St.', NULL, '65338', 'Lincoln', '', '223', '36');
drop table if exists address_format;
create table address_format (
  address_format_id int(11) not null auto_increment,
  address_format varchar(128) not null ,
  address_summary varchar(48) not null ,
  PRIMARY KEY (address_format_id)
);

insert into address_format (address_format_id, address_format, address_summary) values ('1', '$firstname $lastname$cr$streets$cr$city, $postcode$cr$statecomma$country', '$city / $country');
insert into address_format (address_format_id, address_format, address_summary) values ('2', '$firstname $lastname$cr$streets$cr$city, $state    $postcode$cr$country', '$city, $state / $country');
insert into address_format (address_format_id, address_format, address_summary) values ('3', '$firstname $lastname$cr$streets$cr$city$cr$postcode - $statecomma$country', '$state / $country');
insert into address_format (address_format_id, address_format, address_summary) values ('4', '$firstname $lastname$cr$streets$cr$city ($postcode)$cr$country', '$postcode / $country');
insert into address_format (address_format_id, address_format, address_summary) values ('5', '$firstname $lastname$cr$streets$cr$postcode $city$cr$country', '$city / $country');
drop table if exists banners;
create table banners (
  banners_id int(11) not null auto_increment,
  banners_title varchar(64) not null ,
  banners_url varchar(255) not null ,
  banners_image varchar(64) not null ,
  banners_group varchar(10) not null ,
  banners_html_text text ,
  expires_impressions int(7) default '0' ,
  expires_date datetime ,
  date_scheduled datetime ,
  date_added datetime default '0000-00-00 00:00:00' not null ,
  date_status_change datetime ,
  status int(1) default '1' not null ,
  PRIMARY KEY (banners_id)
);

insert into banners (banners_id, banners_title, banners_url, banners_image, banners_group, banners_html_text, expires_impressions, expires_date, date_scheduled, date_added, date_status_change, status) values ('1', 'osCommerce', 'http://www.oscommerce.com', 'banners/oscommerce.gif', '468x50', '', '0', NULL, NULL, '2005-01-27 17:14:43', NULL, '1');
drop table if exists banners_history;
create table banners_history (
  banners_history_id int(11) not null auto_increment,
  banners_id int(11) default '0' not null ,
  banners_shown int(5) default '0' not null ,
  banners_clicked int(5) default '0' not null ,
  banners_history_date datetime default '0000-00-00 00:00:00' not null ,
  PRIMARY KEY (banners_history_id)
);

insert into banners_history (banners_history_id, banners_id, banners_shown, banners_clicked, banners_history_date) values ('1', '1', '3', '0', '2005-01-27 17:14:48');
drop table if exists categories;
create table categories (
  categories_id int(11) not null auto_increment,
  categories_image varchar(64) ,
  parent_id int(11) default '0' not null ,
  sort_order int(3) ,
  date_added datetime ,
  last_modified datetime ,
  PRIMARY KEY (categories_id),
  KEY idx_categories_parent_id (parent_id)
);

insert into categories (categories_id, categories_image, parent_id, sort_order, date_added, last_modified) values ('1', NULL, '0', '0', '2005-02-03 08:22:11', NULL);
insert into categories (categories_id, categories_image, parent_id, sort_order, date_added, last_modified) values ('2', NULL, '0', '0', '2005-02-03 08:22:46', NULL);
insert into categories (categories_id, categories_image, parent_id, sort_order, date_added, last_modified) values ('3', NULL, '0', '0', '2005-02-03 08:23:04', NULL);
insert into categories (categories_id, categories_image, parent_id, sort_order, date_added, last_modified) values ('4', NULL, '0', '0', '2005-02-03 08:23:18', NULL);
insert into categories (categories_id, categories_image, parent_id, sort_order, date_added, last_modified) values ('5', NULL, '0', '0', '2005-02-03 08:24:36', NULL);
insert into categories (categories_id, categories_image, parent_id, sort_order, date_added, last_modified) values ('6', NULL, '0', '0', '2005-02-03 08:24:51', '2005-02-03 08:28:39');
insert into categories (categories_id, categories_image, parent_id, sort_order, date_added, last_modified) values ('7', NULL, '0', '0', '2005-02-03 08:25:14', NULL);
insert into categories (categories_id, categories_image, parent_id, sort_order, date_added, last_modified) values ('8', NULL, '0', '0', '2005-02-03 08:25:26', NULL);
insert into categories (categories_id, categories_image, parent_id, sort_order, date_added, last_modified) values ('9', NULL, '0', '0', '2005-02-03 08:25:56', NULL);
insert into categories (categories_id, categories_image, parent_id, sort_order, date_added, last_modified) values ('10', NULL, '0', '0', '2005-02-03 08:26:16', NULL);
insert into categories (categories_id, categories_image, parent_id, sort_order, date_added, last_modified) values ('11', NULL, '0', '0', '2005-02-03 08:26:46', NULL);
insert into categories (categories_id, categories_image, parent_id, sort_order, date_added, last_modified) values ('12', NULL, '0', '0', '2005-02-03 08:27:00', '2005-03-20 14:37:50');
insert into categories (categories_id, categories_image, parent_id, sort_order, date_added, last_modified) values ('13', NULL, '1', '0', '2005-02-03 08:31:01', '2005-02-03 08:32:03');
insert into categories (categories_id, categories_image, parent_id, sort_order, date_added, last_modified) values ('14', NULL, '5', '0', '2005-02-03 08:43:42', NULL);
insert into categories (categories_id, categories_image, parent_id, sort_order, date_added, last_modified) values ('15', NULL, '11', '0', '2005-02-03 09:10:24', NULL);
insert into categories (categories_id, categories_image, parent_id, sort_order, date_added, last_modified) values ('16', NULL, '2', '0', '2005-02-03 09:15:18', '2005-02-04 09:08:03');
insert into categories (categories_id, categories_image, parent_id, sort_order, date_added, last_modified) values ('17', NULL, '2', '0', '2005-02-03 09:21:22', '2005-02-04 09:10:24');
insert into categories (categories_id, categories_image, parent_id, sort_order, date_added, last_modified) values ('18', NULL, '2', '0', '2005-02-03 09:29:03', '2005-02-04 09:01:02');
insert into categories (categories_id, categories_image, parent_id, sort_order, date_added, last_modified) values ('19', NULL, '2', '0', '2005-02-03 09:54:53', '2005-02-04 09:09:45');
insert into categories (categories_id, categories_image, parent_id, sort_order, date_added, last_modified) values ('20', NULL, '10', '0', '2005-02-03 10:06:35', NULL);
insert into categories (categories_id, categories_image, parent_id, sort_order, date_added, last_modified) values ('21', NULL, '2', '0', '2005-02-03 13:03:42', '2005-02-04 09:00:44');
insert into categories (categories_id, categories_image, parent_id, sort_order, date_added, last_modified) values ('22', NULL, '2', '0', '2005-02-04 09:02:27', NULL);
insert into categories (categories_id, categories_image, parent_id, sort_order, date_added, last_modified) values ('23', NULL, '2', '0', '2005-02-04 09:05:28', NULL);
insert into categories (categories_id, categories_image, parent_id, sort_order, date_added, last_modified) values ('24', NULL, '2', '0', '2005-02-04 09:05:50', NULL);
insert into categories (categories_id, categories_image, parent_id, sort_order, date_added, last_modified) values ('25', NULL, '2', '0', '2005-02-04 09:06:05', NULL);
insert into categories (categories_id, categories_image, parent_id, sort_order, date_added, last_modified) values ('26', NULL, '2', '0', '2005-02-04 09:06:23', NULL);
insert into categories (categories_id, categories_image, parent_id, sort_order, date_added, last_modified) values ('27', NULL, '2', '0', '2005-02-04 09:06:46', NULL);
insert into categories (categories_id, categories_image, parent_id, sort_order, date_added, last_modified) values ('28', NULL, '2', '0', '2005-02-04 09:08:29', NULL);
insert into categories (categories_id, categories_image, parent_id, sort_order, date_added, last_modified) values ('29', NULL, '2', '0', '2005-02-04 09:09:05', NULL);
insert into categories (categories_id, categories_image, parent_id, sort_order, date_added, last_modified) values ('30', NULL, '2', '0', '2005-02-04 09:10:53', NULL);
insert into categories (categories_id, categories_image, parent_id, sort_order, date_added, last_modified) values ('31', NULL, '2', '0', '2005-02-04 09:11:09', NULL);
insert into categories (categories_id, categories_image, parent_id, sort_order, date_added, last_modified) values ('32', NULL, '2', '0', '2005-02-04 09:11:56', NULL);
insert into categories (categories_id, categories_image, parent_id, sort_order, date_added, last_modified) values ('33', NULL, '2', '0', '2005-02-04 09:12:24', NULL);
insert into categories (categories_id, categories_image, parent_id, sort_order, date_added, last_modified) values ('34', NULL, '1', '0', '2005-02-04 09:13:14', NULL);
insert into categories (categories_id, categories_image, parent_id, sort_order, date_added, last_modified) values ('35', NULL, '1', '0', '2005-02-04 09:13:30', NULL);
insert into categories (categories_id, categories_image, parent_id, sort_order, date_added, last_modified) values ('36', NULL, '1', '0', '2005-02-04 09:13:46', NULL);
insert into categories (categories_id, categories_image, parent_id, sort_order, date_added, last_modified) values ('37', NULL, '1', '0', '2005-02-04 09:13:59', NULL);
insert into categories (categories_id, categories_image, parent_id, sort_order, date_added, last_modified) values ('38', NULL, '1', '0', '2005-02-04 09:14:16', NULL);
insert into categories (categories_id, categories_image, parent_id, sort_order, date_added, last_modified) values ('39', NULL, '1', '0', '2005-02-04 09:16:22', NULL);
insert into categories (categories_id, categories_image, parent_id, sort_order, date_added, last_modified) values ('40', NULL, '11', '0', '2005-02-04 09:17:17', NULL);
insert into categories (categories_id, categories_image, parent_id, sort_order, date_added, last_modified) values ('41', NULL, '11', '0', '2005-02-04 09:17:40', NULL);
insert into categories (categories_id, categories_image, parent_id, sort_order, date_added, last_modified) values ('42', NULL, '11', '0', '2005-02-04 09:18:03', NULL);
insert into categories (categories_id, categories_image, parent_id, sort_order, date_added, last_modified) values ('43', NULL, '11', '0', '2005-02-04 09:18:22', NULL);
insert into categories (categories_id, categories_image, parent_id, sort_order, date_added, last_modified) values ('44', NULL, '11', '0', '2005-02-04 09:18:39', NULL);
insert into categories (categories_id, categories_image, parent_id, sort_order, date_added, last_modified) values ('45', NULL, '11', '0', '2005-02-04 09:18:55', NULL);
insert into categories (categories_id, categories_image, parent_id, sort_order, date_added, last_modified) values ('46', NULL, '11', '0', '2005-02-04 09:19:07', NULL);
insert into categories (categories_id, categories_image, parent_id, sort_order, date_added, last_modified) values ('47', NULL, '11', '0', '2005-02-04 09:19:23', NULL);
insert into categories (categories_id, categories_image, parent_id, sort_order, date_added, last_modified) values ('48', NULL, '5', '0', '2005-02-04 09:21:18', NULL);
insert into categories (categories_id, categories_image, parent_id, sort_order, date_added, last_modified) values ('49', NULL, '5', '0', '2005-02-04 09:21:33', NULL);
insert into categories (categories_id, categories_image, parent_id, sort_order, date_added, last_modified) values ('50', NULL, '5', '0', '2005-02-04 09:22:05', NULL);
insert into categories (categories_id, categories_image, parent_id, sort_order, date_added, last_modified) values ('51', NULL, '3', '0', '2005-02-04 09:23:10', NULL);
insert into categories (categories_id, categories_image, parent_id, sort_order, date_added, last_modified) values ('52', NULL, '3', '0', '2005-02-04 09:23:21', NULL);
insert into categories (categories_id, categories_image, parent_id, sort_order, date_added, last_modified) values ('53', NULL, '3', '0', '2005-02-04 09:23:34', NULL);
insert into categories (categories_id, categories_image, parent_id, sort_order, date_added, last_modified) values ('54', NULL, '8', '0', '2005-02-04 09:24:00', '2005-03-13 11:07:10');
insert into categories (categories_id, categories_image, parent_id, sort_order, date_added, last_modified) values ('55', NULL, '8', '0', '2005-02-04 09:24:14', NULL);
insert into categories (categories_id, categories_image, parent_id, sort_order, date_added, last_modified) values ('56', NULL, '8', '0', '2005-02-04 09:24:28', NULL);
insert into categories (categories_id, categories_image, parent_id, sort_order, date_added, last_modified) values ('57', NULL, '8', '0', '2005-02-04 09:24:39', NULL);
insert into categories (categories_id, categories_image, parent_id, sort_order, date_added, last_modified) values ('58', NULL, '8', '0', '2005-02-04 09:24:49', NULL);
insert into categories (categories_id, categories_image, parent_id, sort_order, date_added, last_modified) values ('59', NULL, '4', '0', '2005-02-04 11:09:43', '2005-02-04 11:17:00');
insert into categories (categories_id, categories_image, parent_id, sort_order, date_added, last_modified) values ('60', NULL, '4', '0', '2005-02-04 11:10:56', NULL);
insert into categories (categories_id, categories_image, parent_id, sort_order, date_added, last_modified) values ('61', NULL, '4', '0', '2005-02-04 11:11:15', NULL);
insert into categories (categories_id, categories_image, parent_id, sort_order, date_added, last_modified) values ('62', NULL, '4', '0', '2005-02-04 11:11:33', NULL);
insert into categories (categories_id, categories_image, parent_id, sort_order, date_added, last_modified) values ('63', NULL, '4', '0', '2005-02-04 11:12:02', NULL);
insert into categories (categories_id, categories_image, parent_id, sort_order, date_added, last_modified) values ('64', NULL, '4', '0', '2005-02-04 11:12:28', NULL);
insert into categories (categories_id, categories_image, parent_id, sort_order, date_added, last_modified) values ('65', NULL, '4', '0', '2005-02-04 11:12:48', NULL);
insert into categories (categories_id, categories_image, parent_id, sort_order, date_added, last_modified) values ('66', NULL, '4', '0', '2005-02-04 11:13:24', NULL);
insert into categories (categories_id, categories_image, parent_id, sort_order, date_added, last_modified) values ('67', NULL, '4', '0', '2005-02-04 11:13:44', NULL);
insert into categories (categories_id, categories_image, parent_id, sort_order, date_added, last_modified) values ('68', NULL, '4', '0', '2005-02-04 11:14:17', NULL);
insert into categories (categories_id, categories_image, parent_id, sort_order, date_added, last_modified) values ('69', NULL, '4', '0', '2005-02-04 11:16:08', NULL);
insert into categories (categories_id, categories_image, parent_id, sort_order, date_added, last_modified) values ('70', NULL, '4', '0', '2005-02-04 11:20:58', NULL);
insert into categories (categories_id, categories_image, parent_id, sort_order, date_added, last_modified) values ('71', NULL, '6', '0', '2005-02-04 11:22:04', '2005-02-22 12:13:52');
insert into categories (categories_id, categories_image, parent_id, sort_order, date_added, last_modified) values ('72', NULL, '6', '0', '2005-02-04 11:22:38', NULL);
insert into categories (categories_id, categories_image, parent_id, sort_order, date_added, last_modified) values ('73', NULL, '6', '0', '2005-02-04 11:22:52', NULL);
insert into categories (categories_id, categories_image, parent_id, sort_order, date_added, last_modified) values ('74', NULL, '6', '0', '2005-02-04 11:23:15', NULL);
insert into categories (categories_id, categories_image, parent_id, sort_order, date_added, last_modified) values ('75', NULL, '7', '0', '2005-02-04 11:23:45', NULL);
insert into categories (categories_id, categories_image, parent_id, sort_order, date_added, last_modified) values ('76', NULL, '7', '0', '2005-02-04 11:24:04', NULL);
insert into categories (categories_id, categories_image, parent_id, sort_order, date_added, last_modified) values ('77', NULL, '7', '0', '2005-02-04 11:24:22', NULL);
insert into categories (categories_id, categories_image, parent_id, sort_order, date_added, last_modified) values ('78', NULL, '7', '0', '2005-02-04 11:24:38', NULL);
insert into categories (categories_id, categories_image, parent_id, sort_order, date_added, last_modified) values ('79', NULL, '7', '0', '2005-02-04 11:24:53', NULL);
insert into categories (categories_id, categories_image, parent_id, sort_order, date_added, last_modified) values ('80', NULL, '7', '0', '2005-02-04 11:25:33', NULL);
insert into categories (categories_id, categories_image, parent_id, sort_order, date_added, last_modified) values ('81', NULL, '7', '0', '2005-02-04 11:26:03', '2005-02-04 11:26:57');
insert into categories (categories_id, categories_image, parent_id, sort_order, date_added, last_modified) values ('82', NULL, '7', '0', '2005-02-04 11:27:26', NULL);
insert into categories (categories_id, categories_image, parent_id, sort_order, date_added, last_modified) values ('83', NULL, '7', '0', '2005-02-04 11:27:43', '2005-03-19 21:53:30');
insert into categories (categories_id, categories_image, parent_id, sort_order, date_added, last_modified) values ('84', NULL, '7', '0', '2005-02-04 11:27:59', NULL);
insert into categories (categories_id, categories_image, parent_id, sort_order, date_added, last_modified) values ('85', NULL, '9', '0', '2005-02-04 11:29:35', NULL);
insert into categories (categories_id, categories_image, parent_id, sort_order, date_added, last_modified) values ('86', NULL, '9', '0', '2005-02-04 11:29:50', NULL);
insert into categories (categories_id, categories_image, parent_id, sort_order, date_added, last_modified) values ('87', NULL, '9', '0', '2005-02-04 11:30:04', NULL);
insert into categories (categories_id, categories_image, parent_id, sort_order, date_added, last_modified) values ('88', NULL, '9', '0', '2005-02-04 11:30:14', NULL);
insert into categories (categories_id, categories_image, parent_id, sort_order, date_added, last_modified) values ('89', NULL, '9', '0', '2005-02-04 11:30:28', NULL);
insert into categories (categories_id, categories_image, parent_id, sort_order, date_added, last_modified) values ('90', NULL, '9', '0', '2005-02-04 11:30:43', NULL);
insert into categories (categories_id, categories_image, parent_id, sort_order, date_added, last_modified) values ('91', NULL, '9', '0', '2005-02-04 11:30:53', NULL);
insert into categories (categories_id, categories_image, parent_id, sort_order, date_added, last_modified) values ('92', NULL, '9', '0', '2005-02-04 11:31:07', NULL);
insert into categories (categories_id, categories_image, parent_id, sort_order, date_added, last_modified) values ('93', NULL, '9', '0', '2005-02-04 11:31:18', NULL);
insert into categories (categories_id, categories_image, parent_id, sort_order, date_added, last_modified) values ('94', NULL, '9', '0', '2005-02-04 11:31:30', NULL);
insert into categories (categories_id, categories_image, parent_id, sort_order, date_added, last_modified) values ('95', NULL, '9', '0', '2005-02-04 11:31:41', NULL);
insert into categories (categories_id, categories_image, parent_id, sort_order, date_added, last_modified) values ('96', NULL, '9', '0', '2005-02-04 11:32:14', NULL);
insert into categories (categories_id, categories_image, parent_id, sort_order, date_added, last_modified) values ('97', NULL, '9', '0', '2005-02-04 11:32:37', NULL);
insert into categories (categories_id, categories_image, parent_id, sort_order, date_added, last_modified) values ('98', NULL, '9', '0', '2005-02-04 11:33:14', NULL);
insert into categories (categories_id, categories_image, parent_id, sort_order, date_added, last_modified) values ('99', NULL, '10', '0', '2005-02-04 11:34:00', NULL);
insert into categories (categories_id, categories_image, parent_id, sort_order, date_added, last_modified) values ('100', NULL, '10', '0', '2005-02-04 11:34:21', '2005-03-20 09:38:18');
insert into categories (categories_id, categories_image, parent_id, sort_order, date_added, last_modified) values ('101', NULL, '10', '0', '2005-02-04 11:43:07', NULL);
insert into categories (categories_id, categories_image, parent_id, sort_order, date_added, last_modified) values ('102', NULL, '10', '0', '2005-02-04 11:43:27', NULL);
insert into categories (categories_id, categories_image, parent_id, sort_order, date_added, last_modified) values ('103', NULL, '10', '0', '2005-02-04 11:43:47', NULL);
insert into categories (categories_id, categories_image, parent_id, sort_order, date_added, last_modified) values ('104', NULL, '10', '0', '2005-02-04 11:44:13', NULL);
insert into categories (categories_id, categories_image, parent_id, sort_order, date_added, last_modified) values ('105', NULL, '10', '0', '2005-02-04 11:44:33', NULL);
insert into categories (categories_id, categories_image, parent_id, sort_order, date_added, last_modified) values ('106', NULL, '12', '0', '2005-02-04 11:45:10', NULL);
insert into categories (categories_id, categories_image, parent_id, sort_order, date_added, last_modified) values ('107', NULL, '12', '0', '2005-02-04 11:45:25', NULL);
insert into categories (categories_id, categories_image, parent_id, sort_order, date_added, last_modified) values ('108', NULL, '12', '0', '2005-02-04 11:45:41', NULL);
insert into categories (categories_id, categories_image, parent_id, sort_order, date_added, last_modified) values ('109', NULL, '12', '0', '2005-02-04 11:45:55', NULL);
insert into categories (categories_id, categories_image, parent_id, sort_order, date_added, last_modified) values ('110', NULL, '12', '0', '2005-02-04 11:46:26', NULL);
insert into categories (categories_id, categories_image, parent_id, sort_order, date_added, last_modified) values ('111', NULL, '5', '0', '2005-02-04 12:16:05', NULL);
insert into categories (categories_id, categories_image, parent_id, sort_order, date_added, last_modified) values ('112', NULL, '5', '0', '2005-02-04 12:16:22', NULL);
insert into categories (categories_id, categories_image, parent_id, sort_order, date_added, last_modified) values ('113', NULL, '5', '0', '2005-02-04 12:16:40', '2005-03-11 10:45:57');
insert into categories (categories_id, categories_image, parent_id, sort_order, date_added, last_modified) values ('114', NULL, '5', '0', '2005-02-04 12:17:02', NULL);
insert into categories (categories_id, categories_image, parent_id, sort_order, date_added, last_modified) values ('175', NULL, '12', '0', '2005-03-16 11:55:02', NULL);
insert into categories (categories_id, categories_image, parent_id, sort_order, date_added, last_modified) values ('116', NULL, '5', '0', '2005-02-04 12:18:04', NULL);
insert into categories (categories_id, categories_image, parent_id, sort_order, date_added, last_modified) values ('117', NULL, '5', '0', '2005-02-04 12:18:25', NULL);
insert into categories (categories_id, categories_image, parent_id, sort_order, date_added, last_modified) values ('118', NULL, '5', '0', '2005-02-04 12:18:40', NULL);
insert into categories (categories_id, categories_image, parent_id, sort_order, date_added, last_modified) values ('119', NULL, '5', '0', '2005-02-04 12:18:54', NULL);
insert into categories (categories_id, categories_image, parent_id, sort_order, date_added, last_modified) values ('120', NULL, '5', '0', '2005-02-04 12:19:13', NULL);
insert into categories (categories_id, categories_image, parent_id, sort_order, date_added, last_modified) values ('121', NULL, '2', '0', '2005-02-04 12:32:40', NULL);
insert into categories (categories_id, categories_image, parent_id, sort_order, date_added, last_modified) values ('122', NULL, '2', '0', '2005-02-04 12:49:36', '2005-02-17 13:05:49');
insert into categories (categories_id, categories_image, parent_id, sort_order, date_added, last_modified) values ('123', NULL, '2', '0', '2005-02-04 12:49:57', NULL);
insert into categories (categories_id, categories_image, parent_id, sort_order, date_added, last_modified) values ('124', NULL, '2', '0', '2005-02-04 12:50:18', NULL);
insert into categories (categories_id, categories_image, parent_id, sort_order, date_added, last_modified) values ('125', NULL, '2', '0', '2005-02-04 12:50:45', NULL);
insert into categories (categories_id, categories_image, parent_id, sort_order, date_added, last_modified) values ('126', NULL, '2', '0', '2005-02-04 12:51:05', NULL);
insert into categories (categories_id, categories_image, parent_id, sort_order, date_added, last_modified) values ('127', NULL, '2', '0', '2005-02-04 12:51:39', NULL);
insert into categories (categories_id, categories_image, parent_id, sort_order, date_added, last_modified) values ('128', NULL, '2', '0', '2005-02-04 13:18:10', NULL);
insert into categories (categories_id, categories_image, parent_id, sort_order, date_added, last_modified) values ('137', NULL, '5', '0', '2005-02-08 10:09:11', NULL);
insert into categories (categories_id, categories_image, parent_id, sort_order, date_added, last_modified) values ('136', NULL, '5', '0', '2005-02-08 10:08:52', NULL);
insert into categories (categories_id, categories_image, parent_id, sort_order, date_added, last_modified) values ('132', NULL, '12', '0', '2005-02-08 09:09:01', NULL);
insert into categories (categories_id, categories_image, parent_id, sort_order, date_added, last_modified) values ('133', NULL, '12', '0', '2005-02-08 09:12:29', NULL);
insert into categories (categories_id, categories_image, parent_id, sort_order, date_added, last_modified) values ('134', NULL, '12', '0', '2005-02-08 09:15:16', NULL);
insert into categories (categories_id, categories_image, parent_id, sort_order, date_added, last_modified) values ('138', NULL, '5', '0', '2005-02-08 10:17:28', NULL);
insert into categories (categories_id, categories_image, parent_id, sort_order, date_added, last_modified) values ('139', NULL, '5', '0', '2005-02-08 11:45:56', NULL);
insert into categories (categories_id, categories_image, parent_id, sort_order, date_added, last_modified) values ('140', NULL, '11', '0', '2005-02-11 09:28:00', NULL);
insert into categories (categories_id, categories_image, parent_id, sort_order, date_added, last_modified) values ('141', NULL, '5', '0', '2005-02-11 10:37:20', NULL);
insert into categories (categories_id, categories_image, parent_id, sort_order, date_added, last_modified) values ('142', NULL, '4', '0', '2005-02-11 11:27:41', NULL);
insert into categories (categories_id, categories_image, parent_id, sort_order, date_added, last_modified) values ('143', NULL, '5', '0', '2005-02-13 09:13:23', NULL);
insert into categories (categories_id, categories_image, parent_id, sort_order, date_added, last_modified) values ('144', NULL, '4', '0', '2005-02-15 11:21:33', NULL);
insert into categories (categories_id, categories_image, parent_id, sort_order, date_added, last_modified) values ('145', NULL, '7', '0', '2005-02-15 12:13:37', '2005-03-19 20:39:02');
insert into categories (categories_id, categories_image, parent_id, sort_order, date_added, last_modified) values ('146', NULL, '9', '0', '2005-02-15 12:25:12', '2005-03-27 07:30:22');
insert into categories (categories_id, categories_image, parent_id, sort_order, date_added, last_modified) values ('147', NULL, '5', '0', '2005-02-15 12:53:28', NULL);
insert into categories (categories_id, categories_image, parent_id, sort_order, date_added, last_modified) values ('148', NULL, '5', '0', '2005-02-15 13:02:07', '2005-02-17 19:20:25');
insert into categories (categories_id, categories_image, parent_id, sort_order, date_added, last_modified) values ('149', NULL, '7', '0', '2005-02-16 10:00:14', NULL);
insert into categories (categories_id, categories_image, parent_id, sort_order, date_added, last_modified) values ('150', NULL, '2', '0', '2005-02-16 10:54:40', NULL);
insert into categories (categories_id, categories_image, parent_id, sort_order, date_added, last_modified) values ('151', NULL, '6', '0', '2005-02-18 09:59:17', NULL);
insert into categories (categories_id, categories_image, parent_id, sort_order, date_added, last_modified) values ('152', NULL, '6', '0', '2005-02-22 11:58:10', NULL);
insert into categories (categories_id, categories_image, parent_id, sort_order, date_added, last_modified) values ('153', NULL, '12', '0', '2005-02-22 13:04:14', NULL);
insert into categories (categories_id, categories_image, parent_id, sort_order, date_added, last_modified) values ('154', NULL, '12', '0', '2005-02-22 13:15:21', NULL);
insert into categories (categories_id, categories_image, parent_id, sort_order, date_added, last_modified) values ('155', NULL, '12', '0', '2005-02-22 13:37:07', NULL);
insert into categories (categories_id, categories_image, parent_id, sort_order, date_added, last_modified) values ('156', NULL, '12', '0', '2005-02-22 13:37:46', '2005-02-22 13:38:33');
insert into categories (categories_id, categories_image, parent_id, sort_order, date_added, last_modified) values ('157', NULL, '5', '0', '2005-02-22 13:56:31', NULL);
insert into categories (categories_id, categories_image, parent_id, sort_order, date_added, last_modified) values ('158', NULL, '11', '0', '2005-02-28 11:21:23', NULL);
insert into categories (categories_id, categories_image, parent_id, sort_order, date_added, last_modified) values ('159', NULL, '2', '0', '2005-02-28 13:50:12', NULL);
insert into categories (categories_id, categories_image, parent_id, sort_order, date_added, last_modified) values ('160', NULL, '11', '0', '2005-03-01 12:07:21', NULL);
insert into categories (categories_id, categories_image, parent_id, sort_order, date_added, last_modified) values ('161', NULL, '11', '0', '2005-03-01 12:23:41', NULL);
insert into categories (categories_id, categories_image, parent_id, sort_order, date_added, last_modified) values ('162', NULL, '11', '0', '2005-03-01 12:42:24', NULL);
insert into categories (categories_id, categories_image, parent_id, sort_order, date_added, last_modified) values ('163', NULL, '2', '0', '2005-03-01 12:52:54', NULL);
insert into categories (categories_id, categories_image, parent_id, sort_order, date_added, last_modified) values ('164', NULL, '7', '0', '2005-03-10 10:31:24', NULL);
insert into categories (categories_id, categories_image, parent_id, sort_order, date_added, last_modified) values ('165', NULL, '2', '0', '2005-03-10 10:42:10', NULL);
insert into categories (categories_id, categories_image, parent_id, sort_order, date_added, last_modified) values ('167', NULL, '4', '0', '2005-03-10 11:30:51', '2005-03-21 18:41:36');
insert into categories (categories_id, categories_image, parent_id, sort_order, date_added, last_modified) values ('168', NULL, '2', '0', '2005-03-10 11:35:33', NULL);
insert into categories (categories_id, categories_image, parent_id, sort_order, date_added, last_modified) values ('169', NULL, '1', '0', '2005-03-10 11:43:54', NULL);
insert into categories (categories_id, categories_image, parent_id, sort_order, date_added, last_modified) values ('170', NULL, '2', '0', '2005-03-10 12:01:23', '2005-03-12 17:24:05');
insert into categories (categories_id, categories_image, parent_id, sort_order, date_added, last_modified) values ('171', NULL, '12', '0', '2005-03-11 10:15:13', NULL);
insert into categories (categories_id, categories_image, parent_id, sort_order, date_added, last_modified) values ('172', NULL, '5', '0', '2005-03-11 10:56:09', NULL);
insert into categories (categories_id, categories_image, parent_id, sort_order, date_added, last_modified) values ('173', NULL, '5', '0', '2005-03-11 11:06:04', NULL);
insert into categories (categories_id, categories_image, parent_id, sort_order, date_added, last_modified) values ('191', NULL, '8', '0', '2005-03-20 13:29:56', NULL);
insert into categories (categories_id, categories_image, parent_id, sort_order, date_added, last_modified) values ('189', NULL, '5', '0', '2005-03-17 11:47:54', NULL);
insert into categories (categories_id, categories_image, parent_id, sort_order, date_added, last_modified) values ('188', NULL, '2', '0', '2005-03-17 11:42:21', '2005-03-17 11:43:15');
insert into categories (categories_id, categories_image, parent_id, sort_order, date_added, last_modified) values ('187', NULL, '2', '0', '2005-03-17 11:28:40', NULL);
insert into categories (categories_id, categories_image, parent_id, sort_order, date_added, last_modified) values ('186', NULL, '5', '0', '2005-03-17 11:24:36', NULL);
insert into categories (categories_id, categories_image, parent_id, sort_order, date_added, last_modified) values ('185', NULL, '7', '0', '2005-03-17 09:43:11', '2005-03-19 21:39:41');
insert into categories (categories_id, categories_image, parent_id, sort_order, date_added, last_modified) values ('190', NULL, '8', '0', '2005-03-20 11:32:37', NULL);
insert into categories (categories_id, categories_image, parent_id, sort_order, date_added, last_modified) values ('192', NULL, '4', '0', '2005-03-23 13:41:22', NULL);
insert into categories (categories_id, categories_image, parent_id, sort_order, date_added, last_modified) values ('193', NULL, '0', '0', '2005-03-29 12:59:15', NULL);
insert into categories (categories_id, categories_image, parent_id, sort_order, date_added, last_modified) values ('194', NULL, '193', '0', '2005-03-29 13:01:58', NULL);
insert into categories (categories_id, categories_image, parent_id, sort_order, date_added, last_modified) values ('195', NULL, '193', '0', '2005-03-29 13:02:22', NULL);
insert into categories (categories_id, categories_image, parent_id, sort_order, date_added, last_modified) values ('196', NULL, '11', '0', '2005-04-08 12:38:14', NULL);
insert into categories (categories_id, categories_image, parent_id, sort_order, date_added, last_modified) values ('197', NULL, '11', '0', '2005-04-08 12:45:21', NULL);
insert into categories (categories_id, categories_image, parent_id, sort_order, date_added, last_modified) values ('198', NULL, '11', '0', '2005-04-08 12:51:20', NULL);
insert into categories (categories_id, categories_image, parent_id, sort_order, date_added, last_modified) values ('199', NULL, '9', '0', '2005-12-03 08:46:06', NULL);
drop table if exists categories_description;
create table categories_description (
  categories_id int(11) default '0' not null ,
  language_id int(11) default '1' not null ,
  categories_name varchar(32) not null ,
  PRIMARY KEY (categories_id, language_id),
  KEY idx_categories_name (categories_name)
);

insert into categories_description (categories_id, language_id, categories_name) values ('1', '1', 'Cooling System');
insert into categories_description (categories_id, language_id, categories_name) values ('2', '1', 'Engine Parts - SBC');
insert into categories_description (categories_id, language_id, categories_name) values ('29', '1', 'Gaskets');
insert into categories_description (categories_id, language_id, categories_name) values ('3', '1', 'Exhaust');
insert into categories_description (categories_id, language_id, categories_name) values ('22', '1', 'Harmonic Balancers');
insert into categories_description (categories_id, language_id, categories_name) values ('4', '1', 'Fuel System');
insert into categories_description (categories_id, language_id, categories_name) values ('28', '1', 'Timing Sets');
insert into categories_description (categories_id, language_id, categories_name) values ('5', '1', 'Drive Train & Brakes');
insert into categories_description (categories_id, language_id, categories_name) values ('21', '1', 'Camshafts');
insert into categories_description (categories_id, language_id, categories_name) values ('6', '1', 'Gauges & Gauge Panels');
insert into categories_description (categories_id, language_id, categories_name) values ('7', '1', 'Ignition & Electronics');
insert into categories_description (categories_id, language_id, categories_name) values ('8', '1', 'Fasteners');
insert into categories_description (categories_id, language_id, categories_name) values ('27', '1', 'Valve Springs');
insert into categories_description (categories_id, language_id, categories_name) values ('20', '1', 'Steering Wheels');
insert into categories_description (categories_id, language_id, categories_name) values ('9', '1', 'Safety Equipment');
insert into categories_description (categories_id, language_id, categories_name) values ('26', '1', 'Rings');
insert into categories_description (categories_id, language_id, categories_name) values ('10', '1', 'Steering Components');
insert into categories_description (categories_id, language_id, categories_name) values ('25', '1', 'Lifters');
insert into categories_description (categories_id, language_id, categories_name) values ('19', '1', 'Valve Covers & Acces.');
insert into categories_description (categories_id, language_id, categories_name) values ('11', '1', 'Chassis & Suspension');
insert into categories_description (categories_id, language_id, categories_name) values ('18', '1', 'Pistons');
insert into categories_description (categories_id, language_id, categories_name) values ('12', '1', 'Tools & Pit Equipment');
insert into categories_description (categories_id, language_id, categories_name) values ('24', '1', 'Bearings');
insert into categories_description (categories_id, language_id, categories_name) values ('17', '1', 'Cylinder Heads');
insert into categories_description (categories_id, language_id, categories_name) values ('13', '1', 'Pulley & Belt Kits');
insert into categories_description (categories_id, language_id, categories_name) values ('16', '1', 'Intake Manifolds');
insert into categories_description (categories_id, language_id, categories_name) values ('14', '1', 'Master Cylinders');
insert into categories_description (categories_id, language_id, categories_name) values ('23', '1', 'Oil Pumps');
insert into categories_description (categories_id, language_id, categories_name) values ('15', '1', 'Shocks');
insert into categories_description (categories_id, language_id, categories_name) values ('30', '1', 'Crankshafts');
insert into categories_description (categories_id, language_id, categories_name) values ('31', '1', 'Connecting Rods');
insert into categories_description (categories_id, language_id, categories_name) values ('32', '1', 'Oil Filters');
insert into categories_description (categories_id, language_id, categories_name) values ('33', '1', 'Rocker Arms');
insert into categories_description (categories_id, language_id, categories_name) values ('34', '1', 'Radiators');
insert into categories_description (categories_id, language_id, categories_name) values ('35', '1', 'Radiator Caps');
insert into categories_description (categories_id, language_id, categories_name) values ('36', '1', 'Fans');
insert into categories_description (categories_id, language_id, categories_name) values ('37', '1', 'Fan Spacers');
insert into categories_description (categories_id, language_id, categories_name) values ('38', '1', 'Water Pumps');
insert into categories_description (categories_id, language_id, categories_name) values ('39', '1', 'Water Additives');
insert into categories_description (categories_id, language_id, categories_name) values ('40', '1', 'Shock Brackets');
insert into categories_description (categories_id, language_id, categories_name) values ('41', '1', 'Springs');
insert into categories_description (categories_id, language_id, categories_name) values ('42', '1', 'Weight Jacks');
insert into categories_description (categories_id, language_id, categories_name) values ('43', '1', 'Polyurethane Bushings');
insert into categories_description (categories_id, language_id, categories_name) values ('44', '1', 'Panhard Bars');
insert into categories_description (categories_id, language_id, categories_name) values ('45', '1', 'Swage Tubes');
insert into categories_description (categories_id, language_id, categories_name) values ('46', '1', 'Rod Ends');
insert into categories_description (categories_id, language_id, categories_name) values ('47', '1', 'Torque Links');
insert into categories_description (categories_id, language_id, categories_name) values ('48', '1', 'Spools - 9\" Ford');
insert into categories_description (categories_id, language_id, categories_name) values ('49', '1', 'Shifters');
insert into categories_description (categories_id, language_id, categories_name) values ('50', '1', 'Pedals');
insert into categories_description (categories_id, language_id, categories_name) values ('51', '1', 'Headers');
insert into categories_description (categories_id, language_id, categories_name) values ('52', '1', 'Mufflers');
insert into categories_description (categories_id, language_id, categories_name) values ('53', '1', 'Turndowns');
insert into categories_description (categories_id, language_id, categories_name) values ('54', '1', 'Cleco Kits');
insert into categories_description (categories_id, language_id, categories_name) values ('55', '1', 'Dzus Fasteners');
insert into categories_description (categories_id, language_id, categories_name) values ('56', '1', 'Hood Pin Kits');
insert into categories_description (categories_id, language_id, categories_name) values ('57', '1', 'Rivets');
insert into categories_description (categories_id, language_id, categories_name) values ('58', '1', 'Riveters');
insert into categories_description (categories_id, language_id, categories_name) values ('59', '1', 'Carburetors');
insert into categories_description (categories_id, language_id, categories_name) values ('60', '1', 'Fuel Filters');
insert into categories_description (categories_id, language_id, categories_name) values ('61', '1', 'Fuel Log');
insert into categories_description (categories_id, language_id, categories_name) values ('62', '1', 'Fuel Pumps');
insert into categories_description (categories_id, language_id, categories_name) values ('63', '1', 'Carb Spacers');
insert into categories_description (categories_id, language_id, categories_name) values ('64', '1', 'Fuel Line');
insert into categories_description (categories_id, language_id, categories_name) values ('65', '1', 'Jet Kits');
insert into categories_description (categories_id, language_id, categories_name) values ('66', '1', 'Carb Adapters');
insert into categories_description (categories_id, language_id, categories_name) values ('67', '1', 'Carb Kits');
insert into categories_description (categories_id, language_id, categories_name) values ('68', '1', 'Air Cleaners & Acces.');
insert into categories_description (categories_id, language_id, categories_name) values ('69', '1', 'Fittings');
insert into categories_description (categories_id, language_id, categories_name) values ('70', '1', 'Throttle Rods');
insert into categories_description (categories_id, language_id, categories_name) values ('71', '1', 'Gauges Accutech');
insert into categories_description (categories_id, language_id, categories_name) values ('72', '1', 'Gauge Panels - Longacre');
insert into categories_description (categories_id, language_id, categories_name) values ('73', '1', 'Tachometers');
insert into categories_description (categories_id, language_id, categories_name) values ('74', '1', 'Tire Pressure Gauges');
insert into categories_description (categories_id, language_id, categories_name) values ('75', '1', 'Battery Box');
insert into categories_description (categories_id, language_id, categories_name) values ('76', '1', 'Battery Disconnects');
insert into categories_description (categories_id, language_id, categories_name) values ('77', '1', 'Ignition Coils');
insert into categories_description (categories_id, language_id, categories_name) values ('78', '1', 'Charging Posts');
insert into categories_description (categories_id, language_id, categories_name) values ('79', '1', 'Distributors');
insert into categories_description (categories_id, language_id, categories_name) values ('80', '1', 'Switches');
insert into categories_description (categories_id, language_id, categories_name) values ('81', '1', 'Ignition Switch Panels-Longacre');
insert into categories_description (categories_id, language_id, categories_name) values ('82', '1', 'Ignition Switch Panels-Rebco');
insert into categories_description (categories_id, language_id, categories_name) values ('83', '1', 'MSD Ignition Boxes');
insert into categories_description (categories_id, language_id, categories_name) values ('84', '1', 'Spark Plug Wires');
insert into categories_description (categories_id, language_id, categories_name) values ('85', '1', 'Arm Restraints');
insert into categories_description (categories_id, language_id, categories_name) values ('86', '1', 'Driving Suits');
insert into categories_description (categories_id, language_id, categories_name) values ('87', '1', 'Gloves');
insert into categories_description (categories_id, language_id, categories_name) values ('88', '1', 'Helmets');
insert into categories_description (categories_id, language_id, categories_name) values ('89', '1', 'Neck Braces');
insert into categories_description (categories_id, language_id, categories_name) values ('90', '1', 'Roll Bar Padding');
insert into categories_description (categories_id, language_id, categories_name) values ('91', '1', 'Seats');
insert into categories_description (categories_id, language_id, categories_name) values ('92', '1', 'Seat Belts');
insert into categories_description (categories_id, language_id, categories_name) values ('93', '1', 'Shoes');
insert into categories_description (categories_id, language_id, categories_name) values ('94', '1', 'Socks');
insert into categories_description (categories_id, language_id, categories_name) values ('95', '1', 'Underwear');
insert into categories_description (categories_id, language_id, categories_name) values ('96', '1', 'Window Nets');
insert into categories_description (categories_id, language_id, categories_name) values ('97', '1', 'Window Net Install. Kits');
insert into categories_description (categories_id, language_id, categories_name) values ('98', '1', 'Tearoffs');
insert into categories_description (categories_id, language_id, categories_name) values ('99', '1', 'Power Steering Kits');
insert into categories_description (categories_id, language_id, categories_name) values ('100', '1', 'Quick Disconnect Steering Hubs');
insert into categories_description (categories_id, language_id, categories_name) values ('101', '1', 'Quick Steers');
insert into categories_description (categories_id, language_id, categories_name) values ('102', '1', 'Steering Shaft Heim');
insert into categories_description (categories_id, language_id, categories_name) values ('103', '1', 'Steering Shaft Mounts');
insert into categories_description (categories_id, language_id, categories_name) values ('104', '1', 'Steering U-Joints');
insert into categories_description (categories_id, language_id, categories_name) values ('105', '1', 'Steering Box Fittings');
insert into categories_description (categories_id, language_id, categories_name) values ('106', '1', 'Caster Camber Gauges');
insert into categories_description (categories_id, language_id, categories_name) values ('107', '1', 'Stagger Gauge');
insert into categories_description (categories_id, language_id, categories_name) values ('108', '1', 'Tire Pressure Gauges');
insert into categories_description (categories_id, language_id, categories_name) values ('109', '1', 'Temp Gun');
insert into categories_description (categories_id, language_id, categories_name) values ('110', '1', 'Riveters');
insert into categories_description (categories_id, language_id, categories_name) values ('111', '1', 'Braided Lines');
insert into categories_description (categories_id, language_id, categories_name) values ('112', '1', 'Brake Fluid');
insert into categories_description (categories_id, language_id, categories_name) values ('113', '1', 'Brake Line Fittings and Kits');
insert into categories_description (categories_id, language_id, categories_name) values ('114', '1', 'Brake Adjusters');
insert into categories_description (categories_id, language_id, categories_name) values ('136', '1', 'Clutch Slave Cylinders');
insert into categories_description (categories_id, language_id, categories_name) values ('116', '1', 'Plastic Brake Line Kits');
insert into categories_description (categories_id, language_id, categories_name) values ('117', '1', 'Caliper Brackets');
insert into categories_description (categories_id, language_id, categories_name) values ('118', '1', 'Calipers');
insert into categories_description (categories_id, language_id, categories_name) values ('119', '1', 'Rotors');
insert into categories_description (categories_id, language_id, categories_name) values ('120', '1', 'Bellhousings');
insert into categories_description (categories_id, language_id, categories_name) values ('121', '1', 'Pushrods');
insert into categories_description (categories_id, language_id, categories_name) values ('122', '1', 'Oil Pans & Pickup Tube');
insert into categories_description (categories_id, language_id, categories_name) values ('123', '1', 'Guideplates');
insert into categories_description (categories_id, language_id, categories_name) values ('124', '1', 'Valves');
insert into categories_description (categories_id, language_id, categories_name) values ('125', '1', 'Rocker Arm Studs');
insert into categories_description (categories_id, language_id, categories_name) values ('126', '1', 'Timing Covers');
insert into categories_description (categories_id, language_id, categories_name) values ('127', '1', 'Valve Spring Retainers');
insert into categories_description (categories_id, language_id, categories_name) values ('128', '1', 'Rering Kits');
insert into categories_description (categories_id, language_id, categories_name) values ('175', '1', 'Push Rod Length Checker');
insert into categories_description (categories_id, language_id, categories_name) values ('132', '1', 'Tire Accessories');
insert into categories_description (categories_id, language_id, categories_name) values ('133', '1', 'Bead Breaker');
insert into categories_description (categories_id, language_id, categories_name) values ('134', '1', 'Lug Wrench');
insert into categories_description (categories_id, language_id, categories_name) values ('137', '1', 'Clutches');
insert into categories_description (categories_id, language_id, categories_name) values ('138', '1', 'Throwout Bearings');
insert into categories_description (categories_id, language_id, categories_name) values ('139', '1', 'Lug Nuts');
insert into categories_description (categories_id, language_id, categories_name) values ('140', '1', 'Motor Mounts');
insert into categories_description (categories_id, language_id, categories_name) values ('141', '1', 'Wheel Studs');
insert into categories_description (categories_id, language_id, categories_name) values ('142', '1', 'Carb Linkage');
insert into categories_description (categories_id, language_id, categories_name) values ('143', '1', 'Pedal Assemblys');
insert into categories_description (categories_id, language_id, categories_name) values ('144', '1', 'Gas Pedals');
insert into categories_description (categories_id, language_id, categories_name) values ('145', '1', 'Bronze Distributor Gears');
insert into categories_description (categories_id, language_id, categories_name) values ('146', '1', 'Helmet & Gear Bags');
insert into categories_description (categories_id, language_id, categories_name) values ('147', '1', 'Flexplates');
insert into categories_description (categories_id, language_id, categories_name) values ('148', '1', 'Couplers-Powerglide');
insert into categories_description (categories_id, language_id, categories_name) values ('149', '1', 'Starters');
insert into categories_description (categories_id, language_id, categories_name) values ('150', '1', 'Engine Kits');
insert into categories_description (categories_id, language_id, categories_name) values ('151', '1', 'Warning Lights');
insert into categories_description (categories_id, language_id, categories_name) values ('152', '1', 'Gauge Panels - Rebco');
insert into categories_description (categories_id, language_id, categories_name) values ('153', '1', 'Crank Rotation Tools');
insert into categories_description (categories_id, language_id, categories_name) values ('154', '1', 'Oil Primer Rods');
insert into categories_description (categories_id, language_id, categories_name) values ('155', '1', 'Degree Wheels');
insert into categories_description (categories_id, language_id, categories_name) values ('156', '1', 'Harmonic Balancer Install Tool');
insert into categories_description (categories_id, language_id, categories_name) values ('157', '1', 'Mud Covers');
insert into categories_description (categories_id, language_id, categories_name) values ('158', '1', 'Weight Brackets');
insert into categories_description (categories_id, language_id, categories_name) values ('159', '1', 'Stud Girdles');
insert into categories_description (categories_id, language_id, categories_name) values ('160', '1', 'Rod Mount Brackets');
insert into categories_description (categories_id, language_id, categories_name) values ('161', '1', 'Spring Spacers');
insert into categories_description (categories_id, language_id, categories_name) values ('162', '1', 'Gussets');
insert into categories_description (categories_id, language_id, categories_name) values ('163', '1', 'Poly Locks');
insert into categories_description (categories_id, language_id, categories_name) values ('164', '1', 'Ignition Caps & Rotors');
insert into categories_description (categories_id, language_id, categories_name) values ('165', '1', 'Head Bolts');
insert into categories_description (categories_id, language_id, categories_name) values ('167', '1', 'Carb Mount Gaskets');
insert into categories_description (categories_id, language_id, categories_name) values ('168', '1', 'Oil Restricters');
insert into categories_description (categories_id, language_id, categories_name) values ('169', '1', 'Water Restrictor');
insert into categories_description (categories_id, language_id, categories_name) values ('170', '1', 'Lifter Valley Baffle');
insert into categories_description (categories_id, language_id, categories_name) values ('171', '1', 'Racer Tape');
insert into categories_description (categories_id, language_id, categories_name) values ('172', '1', 'Axle Seals');
insert into categories_description (categories_id, language_id, categories_name) values ('173', '1', 'Ford 9\" Gears');
insert into categories_description (categories_id, language_id, categories_name) values ('191', '1', 'Racer Tape');
insert into categories_description (categories_id, language_id, categories_name) values ('190', '1', 'Zip Ties');
insert into categories_description (categories_id, language_id, categories_name) values ('189', '1', 'Wheel Adapters');
insert into categories_description (categories_id, language_id, categories_name) values ('188', '1', 'Camshaft Accessories');
insert into categories_description (categories_id, language_id, categories_name) values ('187', '1', 'Oil Pump Shafts');
insert into categories_description (categories_id, language_id, categories_name) values ('186', '1', 'Pilot Bushing');
insert into categories_description (categories_id, language_id, categories_name) values ('185', '1', 'Modules - GM HEI');
insert into categories_description (categories_id, language_id, categories_name) values ('192', '1', 'Fuel Cells');
insert into categories_description (categories_id, language_id, categories_name) values ('193', '1', 'Fittings');
insert into categories_description (categories_id, language_id, categories_name) values ('194', '1', 'Steel Fittings');
insert into categories_description (categories_id, language_id, categories_name) values ('195', '1', 'Aluminum Fittings');
insert into categories_description (categories_id, language_id, categories_name) values ('196', '1', 'Spring Seats');
insert into categories_description (categories_id, language_id, categories_name) values ('197', '1', 'Swing Arms');
insert into categories_description (categories_id, language_id, categories_name) values ('198', '1', 'Control Arms');
insert into categories_description (categories_id, language_id, categories_name) values ('199', '1', 'Fresh Air Systems');
drop table if exists configuration;
create table configuration (
  configuration_id int(11) not null auto_increment,
  configuration_title varchar(64) not null ,
  configuration_key varchar(64) not null ,
  configuration_value varchar(255) not null ,
  configuration_description varchar(255) not null ,
  configuration_group_id int(11) default '0' not null ,
  sort_order int(5) ,
  last_modified datetime ,
  date_added datetime default '0000-00-00 00:00:00' not null ,
  use_function varchar(255) ,
  set_function varchar(255) ,
  PRIMARY KEY (configuration_id)
);

insert into configuration (configuration_id, configuration_title, configuration_key, configuration_value, configuration_description, configuration_group_id, sort_order, last_modified, date_added, use_function, set_function) values ('1', 'Store Name', 'STORE_NAME', 'Performance Auto', 'The name of my store', '1', '1', '2005-02-13 19:36:59', '2005-01-27 17:14:43', NULL, NULL);
insert into configuration (configuration_id, configuration_title, configuration_key, configuration_value, configuration_description, configuration_group_id, sort_order, last_modified, date_added, use_function, set_function) values ('2', 'Store Owner', 'STORE_OWNER', 'Performance Auto', 'The name of my store owner', '1', '2', '2005-03-03 20:03:17', '2005-01-27 17:14:43', NULL, NULL);
insert into configuration (configuration_id, configuration_title, configuration_key, configuration_value, configuration_description, configuration_group_id, sort_order, last_modified, date_added, use_function, set_function) values ('3', 'E-Mail Address', 'STORE_OWNER_EMAIL_ADDRESS', 'tommyk2801@yahoo.com', 'The e-mail address of my store owner', '1', '3', '2005-03-02 19:51:48', '2005-01-27 17:14:43', NULL, NULL);
insert into configuration (configuration_id, configuration_title, configuration_key, configuration_value, configuration_description, configuration_group_id, sort_order, last_modified, date_added, use_function, set_function) values ('4', 'E-Mail From', 'EMAIL_FROM', 'tommyk2801@yahoo.com', 'The e-mail address used in (sent) e-mails', '1', '4', '2005-03-02 19:51:58', '2005-01-27 17:14:43', NULL, NULL);
insert into configuration (configuration_id, configuration_title, configuration_key, configuration_value, configuration_description, configuration_group_id, sort_order, last_modified, date_added, use_function, set_function) values ('5', 'Country', 'STORE_COUNTRY', '223', 'The country my store is located in <br><br><b>Note: Please remember to update the store zone.</b>', '1', '6', NULL, '2005-01-27 17:14:43', 'tep_get_country_name', 'tep_cfg_pull_down_country_list(');
insert into configuration (configuration_id, configuration_title, configuration_key, configuration_value, configuration_description, configuration_group_id, sort_order, last_modified, date_added, use_function, set_function) values ('6', 'Zone', 'STORE_ZONE', '25', 'The zone my store is located in', '1', '7', '2005-02-13 19:37:51', '2005-01-27 17:14:43', 'tep_cfg_get_zone_name', 'tep_cfg_pull_down_zone_list(');
insert into configuration (configuration_id, configuration_title, configuration_key, configuration_value, configuration_description, configuration_group_id, sort_order, last_modified, date_added, use_function, set_function) values ('7', 'Expected Sort Order', 'EXPECTED_PRODUCTS_SORT', 'desc', 'This is the sort order used in the expected products box.', '1', '8', NULL, '2005-01-27 17:14:43', NULL, 'tep_cfg_select_option(array(\'asc\', \'desc\'),');
insert into configuration (configuration_id, configuration_title, configuration_key, configuration_value, configuration_description, configuration_group_id, sort_order, last_modified, date_added, use_function, set_function) values ('8', 'Expected Sort Field', 'EXPECTED_PRODUCTS_FIELD', 'date_expected', 'The column to sort by in the expected products box.', '1', '9', NULL, '2005-01-27 17:14:43', NULL, 'tep_cfg_select_option(array(\'products_name\', \'date_expected\'),');
insert into configuration (configuration_id, configuration_title, configuration_key, configuration_value, configuration_description, configuration_group_id, sort_order, last_modified, date_added, use_function, set_function) values ('9', 'Switch To Default Language Currency', 'USE_DEFAULT_LANGUAGE_CURRENCY', 'false', 'Automatically switch to the language\'s currency when it is changed', '1', '10', NULL, '2005-01-27 17:14:43', NULL, 'tep_cfg_select_option(array(\'true\', \'false\'),');
insert into configuration (configuration_id, configuration_title, configuration_key, configuration_value, configuration_description, configuration_group_id, sort_order, last_modified, date_added, use_function, set_function) values ('10', 'Send Extra Order Emails To', 'SEND_EXTRA_ORDER_EMAILS_TO', 'tommyk2801@yahoo.com', 'Send extra order emails to the following email addresses, in this format: Name 1 &lt;email@address1&gt;, Name 2 &lt;email@address2&gt;', '1', '11', '2005-03-16 17:06:17', '2005-01-27 17:14:43', NULL, NULL);
insert into configuration (configuration_id, configuration_title, configuration_key, configuration_value, configuration_description, configuration_group_id, sort_order, last_modified, date_added, use_function, set_function) values ('11', 'Use Search-Engine Safe URLs (still in development)', 'SEARCH_ENGINE_FRIENDLY_URLS', 'false', 'Use search-engine safe urls for all site links', '1', '12', NULL, '2005-01-27 17:14:43', NULL, 'tep_cfg_select_option(array(\'true\', \'false\'),');
insert into configuration (configuration_id, configuration_title, configuration_key, configuration_value, configuration_description, configuration_group_id, sort_order, last_modified, date_added, use_function, set_function) values ('12', 'Display Cart After Adding Product', 'DISPLAY_CART', 'true', 'Display the shopping cart after adding a product (or return back to their origin)', '1', '14', NULL, '2005-01-27 17:14:43', NULL, 'tep_cfg_select_option(array(\'true\', \'false\'),');
insert into configuration (configuration_id, configuration_title, configuration_key, configuration_value, configuration_description, configuration_group_id, sort_order, last_modified, date_added, use_function, set_function) values ('13', 'Allow Guest To Tell A Friend', 'ALLOW_GUEST_TO_TELL_A_FRIEND', 'false', 'Allow guests to tell a friend about a product', '1', '15', NULL, '2005-01-27 17:14:43', NULL, 'tep_cfg_select_option(array(\'true\', \'false\'),');
insert into configuration (configuration_id, configuration_title, configuration_key, configuration_value, configuration_description, configuration_group_id, sort_order, last_modified, date_added, use_function, set_function) values ('14', 'Default Search Operator', 'ADVANCED_SEARCH_DEFAULT_OPERATOR', 'and', 'Default search operators', '1', '17', NULL, '2005-01-27 17:14:43', NULL, 'tep_cfg_select_option(array(\'and\', \'or\'),');
insert into configuration (configuration_id, configuration_title, configuration_key, configuration_value, configuration_description, configuration_group_id, sort_order, last_modified, date_added, use_function, set_function) values ('15', 'Store Address and Phone', 'STORE_NAME_ADDRESS', 'Performance Auto
2801 Falls Ave
Waterloo, IA', 'This is the Store Name, Address and Phone used on printable documents and displayed online', '1', '18', '2005-02-13 19:39:16', '2005-01-27 17:14:43', NULL, 'tep_cfg_textarea(');
insert into configuration (configuration_id, configuration_title, configuration_key, configuration_value, configuration_description, configuration_group_id, sort_order, last_modified, date_added, use_function, set_function) values ('16', 'Show Category Counts', 'SHOW_COUNTS', 'true', 'Count recursively how many products are in each category', '1', '19', NULL, '2005-01-27 17:14:43', NULL, 'tep_cfg_select_option(array(\'true\', \'false\'),');
insert into configuration (configuration_id, configuration_title, configuration_key, configuration_value, configuration_description, configuration_group_id, sort_order, last_modified, date_added, use_function, set_function) values ('17', 'Tax Decimal Places', 'TAX_DECIMAL_PLACES', '0', 'Pad the tax value this amount of decimal places', '1', '20', NULL, '2005-01-27 17:14:43', NULL, NULL);
insert into configuration (configuration_id, configuration_title, configuration_key, configuration_value, configuration_description, configuration_group_id, sort_order, last_modified, date_added, use_function, set_function) values ('18', 'Display Prices with Tax', 'DISPLAY_PRICE_WITH_TAX', 'false', 'Display prices with tax included (true) or add the tax at the end (false)', '1', '21', NULL, '2005-01-27 17:14:43', NULL, 'tep_cfg_select_option(array(\'true\', \'false\'),');
insert into configuration (configuration_id, configuration_title, configuration_key, configuration_value, configuration_description, configuration_group_id, sort_order, last_modified, date_added, use_function, set_function) values ('19', 'First Name', 'ENTRY_FIRST_NAME_MIN_LENGTH', '2', 'Minimum length of first name', '2', '1', NULL, '2005-01-27 17:14:43', NULL, NULL);
insert into configuration (configuration_id, configuration_title, configuration_key, configuration_value, configuration_description, configuration_group_id, sort_order, last_modified, date_added, use_function, set_function) values ('20', 'Last Name', 'ENTRY_LAST_NAME_MIN_LENGTH', '2', 'Minimum length of last name', '2', '2', NULL, '2005-01-27 17:14:43', NULL, NULL);
insert into configuration (configuration_id, configuration_title, configuration_key, configuration_value, configuration_description, configuration_group_id, sort_order, last_modified, date_added, use_function, set_function) values ('21', 'Date of Birth', 'ENTRY_DOB_MIN_LENGTH', '10', 'Minimum length of date of birth', '2', '3', NULL, '2005-01-27 17:14:43', NULL, NULL);
insert into configuration (configuration_id, configuration_title, configuration_key, configuration_value, configuration_description, configuration_group_id, sort_order, last_modified, date_added, use_function, set_function) values ('22', 'E-Mail Address', 'ENTRY_EMAIL_ADDRESS_MIN_LENGTH', '6', 'Minimum length of e-mail address', '2', '4', NULL, '2005-01-27 17:14:43', NULL, NULL);
insert into configuration (configuration_id, configuration_title, configuration_key, configuration_value, configuration_description, configuration_group_id, sort_order, last_modified, date_added, use_function, set_function) values ('23', 'Street Address', 'ENTRY_STREET_ADDRESS_MIN_LENGTH', '5', 'Minimum length of street address', '2', '5', NULL, '2005-01-27 17:14:43', NULL, NULL);
insert into configuration (configuration_id, configuration_title, configuration_key, configuration_value, configuration_description, configuration_group_id, sort_order, last_modified, date_added, use_function, set_function) values ('24', 'Company', 'ENTRY_COMPANY_MIN_LENGTH', '2', 'Minimum length of company name', '2', '6', NULL, '2005-01-27 17:14:43', NULL, NULL);
insert into configuration (configuration_id, configuration_title, configuration_key, configuration_value, configuration_description, configuration_group_id, sort_order, last_modified, date_added, use_function, set_function) values ('25', 'Post Code', 'ENTRY_POSTCODE_MIN_LENGTH', '4', 'Minimum length of post code', '2', '7', NULL, '2005-01-27 17:14:43', NULL, NULL);
insert into configuration (configuration_id, configuration_title, configuration_key, configuration_value, configuration_description, configuration_group_id, sort_order, last_modified, date_added, use_function, set_function) values ('26', 'City', 'ENTRY_CITY_MIN_LENGTH', '3', 'Minimum length of city', '2', '8', NULL, '2005-01-27 17:14:43', NULL, NULL);
insert into configuration (configuration_id, configuration_title, configuration_key, configuration_value, configuration_description, configuration_group_id, sort_order, last_modified, date_added, use_function, set_function) values ('27', 'State', 'ENTRY_STATE_MIN_LENGTH', '2', 'Minimum length of state', '2', '9', NULL, '2005-01-27 17:14:43', NULL, NULL);
insert into configuration (configuration_id, configuration_title, configuration_key, configuration_value, configuration_description, configuration_group_id, sort_order, last_modified, date_added, use_function, set_function) values ('28', 'Telephone Number', 'ENTRY_TELEPHONE_MIN_LENGTH', '3', 'Minimum length of telephone number', '2', '10', NULL, '2005-01-27 17:14:43', NULL, NULL);
insert into configuration (configuration_id, configuration_title, configuration_key, configuration_value, configuration_description, configuration_group_id, sort_order, last_modified, date_added, use_function, set_function) values ('29', 'Password', 'ENTRY_PASSWORD_MIN_LENGTH', '5', 'Minimum length of password', '2', '11', NULL, '2005-01-27 17:14:43', NULL, NULL);
insert into configuration (configuration_id, configuration_title, configuration_key, configuration_value, configuration_description, configuration_group_id, sort_order, last_modified, date_added, use_function, set_function) values ('30', 'Credit Card Owner Name', 'CC_OWNER_MIN_LENGTH', '3', 'Minimum length of credit card owner name', '2', '12', NULL, '2005-01-27 17:14:43', NULL, NULL);
insert into configuration (configuration_id, configuration_title, configuration_key, configuration_value, configuration_description, configuration_group_id, sort_order, last_modified, date_added, use_function, set_function) values ('31', 'Credit Card Number', 'CC_NUMBER_MIN_LENGTH', '10', 'Minimum length of credit card number', '2', '13', NULL, '2005-01-27 17:14:43', NULL, NULL);
insert into configuration (configuration_id, configuration_title, configuration_key, configuration_value, configuration_description, configuration_group_id, sort_order, last_modified, date_added, use_function, set_function) values ('32', 'Review Text', 'REVIEW_TEXT_MIN_LENGTH', '50', 'Minimum length of review text', '2', '14', NULL, '2005-01-27 17:14:43', NULL, NULL);
insert into configuration (configuration_id, configuration_title, configuration_key, configuration_value, configuration_description, configuration_group_id, sort_order, last_modified, date_added, use_function, set_function) values ('33', 'Best Sellers', 'MIN_DISPLAY_BESTSELLERS', '1', 'Minimum number of best sellers to display', '2', '15', NULL, '2005-01-27 17:14:43', NULL, NULL);
insert into configuration (configuration_id, configuration_title, configuration_key, configuration_value, configuration_description, configuration_group_id, sort_order, last_modified, date_added, use_function, set_function) values ('34', 'Also Purchased', 'MIN_DISPLAY_ALSO_PURCHASED', '1', 'Minimum number of products to display in the \'This Customer Also Purchased\' box', '2', '16', NULL, '2005-01-27 17:14:43', NULL, NULL);
insert into configuration (configuration_id, configuration_title, configuration_key, configuration_value, configuration_description, configuration_group_id, sort_order, last_modified, date_added, use_function, set_function) values ('35', 'Address Book Entries', 'MAX_ADDRESS_BOOK_ENTRIES', '5', 'Maximum address book entries a customer is allowed to have', '3', '1', NULL, '2005-01-27 17:14:43', NULL, NULL);
insert into configuration (configuration_id, configuration_title, configuration_key, configuration_value, configuration_description, configuration_group_id, sort_order, last_modified, date_added, use_function, set_function) values ('36', 'Search Results', 'MAX_DISPLAY_SEARCH_RESULTS', '20', 'Amount of products to list', '3', '2', NULL, '2005-01-27 17:14:43', NULL, NULL);
insert into configuration (configuration_id, configuration_title, configuration_key, configuration_value, configuration_description, configuration_group_id, sort_order, last_modified, date_added, use_function, set_function) values ('37', 'Page Links', 'MAX_DISPLAY_PAGE_LINKS', '5', 'Number of \'number\' links use for page-sets', '3', '3', NULL, '2005-01-27 17:14:43', NULL, NULL);
insert into configuration (configuration_id, configuration_title, configuration_key, configuration_value, configuration_description, configuration_group_id, sort_order, last_modified, date_added, use_function, set_function) values ('38', 'Special Products', 'MAX_DISPLAY_SPECIAL_PRODUCTS', '0', 'Maximum number of products on special to display', '3', '4', '2005-02-03 10:50:25', '2005-01-27 17:14:43', NULL, NULL);
insert into configuration (configuration_id, configuration_title, configuration_key, configuration_value, configuration_description, configuration_group_id, sort_order, last_modified, date_added, use_function, set_function) values ('39', 'New Products Module', 'MAX_DISPLAY_NEW_PRODUCTS', '9', 'Maximum number of new products to display in a category', '3', '5', NULL, '2005-01-27 17:14:43', NULL, NULL);
insert into configuration (configuration_id, configuration_title, configuration_key, configuration_value, configuration_description, configuration_group_id, sort_order, last_modified, date_added, use_function, set_function) values ('40', 'Products Expected', 'MAX_DISPLAY_UPCOMING_PRODUCTS', '10', 'Maximum number of products expected to display', '3', '6', NULL, '2005-01-27 17:14:43', NULL, NULL);
insert into configuration (configuration_id, configuration_title, configuration_key, configuration_value, configuration_description, configuration_group_id, sort_order, last_modified, date_added, use_function, set_function) values ('41', 'Manufacturers List', 'MAX_DISPLAY_MANUFACTURERS_IN_A_LIST', '0', 'Used in manufacturers box; when the number of manufacturers exceeds this number, a drop-down list will be displayed instead of the default list', '3', '7', NULL, '2005-01-27 17:14:43', NULL, NULL);
insert into configuration (configuration_id, configuration_title, configuration_key, configuration_value, configuration_description, configuration_group_id, sort_order, last_modified, date_added, use_function, set_function) values ('42', 'Manufacturers Select Size', 'MAX_MANUFACTURERS_LIST', '1', 'Used in manufacturers box; when this value is \'1\' the classic drop-down list will be used for the manufacturers box. Otherwise, a list-box with the specified number of rows will be displayed.', '3', '7', NULL, '2005-01-27 17:14:43', NULL, NULL);
insert into configuration (configuration_id, configuration_title, configuration_key, configuration_value, configuration_description, configuration_group_id, sort_order, last_modified, date_added, use_function, set_function) values ('43', 'Length of Manufacturers Name', 'MAX_DISPLAY_MANUFACTURER_NAME_LEN', '15', 'Used in manufacturers box; maximum length of manufacturers name to display', '3', '8', NULL, '2005-01-27 17:14:43', NULL, NULL);
insert into configuration (configuration_id, configuration_title, configuration_key, configuration_value, configuration_description, configuration_group_id, sort_order, last_modified, date_added, use_function, set_function) values ('44', 'New Reviews', 'MAX_DISPLAY_NEW_REVIEWS', '6', 'Maximum number of new reviews to display', '3', '9', NULL, '2005-01-27 17:14:43', NULL, NULL);
insert into configuration (configuration_id, configuration_title, configuration_key, configuration_value, configuration_description, configuration_group_id, sort_order, last_modified, date_added, use_function, set_function) values ('45', 'Selection of Random Reviews', 'MAX_RANDOM_SELECT_REVIEWS', '10', 'How many records to select from to choose one random product review', '3', '10', NULL, '2005-01-27 17:14:43', NULL, NULL);
insert into configuration (configuration_id, configuration_title, configuration_key, configuration_value, configuration_description, configuration_group_id, sort_order, last_modified, date_added, use_function, set_function) values ('46', 'Selection of Random New Products', 'MAX_RANDOM_SELECT_NEW', '10', 'How many records to select from to choose one random new product to display', '3', '11', NULL, '2005-01-27 17:14:43', NULL, NULL);
insert into configuration (configuration_id, configuration_title, configuration_key, configuration_value, configuration_description, configuration_group_id, sort_order, last_modified, date_added, use_function, set_function) values ('47', 'Selection of Products on Special', 'MAX_RANDOM_SELECT_SPECIALS', '0', 'How many records to select from to choose one random product special to display', '3', '12', '2005-02-03 10:48:21', '2005-01-27 17:14:43', NULL, NULL);
insert into configuration (configuration_id, configuration_title, configuration_key, configuration_value, configuration_description, configuration_group_id, sort_order, last_modified, date_added, use_function, set_function) values ('48', 'Categories To List Per Row', 'MAX_DISPLAY_CATEGORIES_PER_ROW', '3', 'How many categories to list per row', '3', '13', NULL, '2005-01-27 17:14:43', NULL, NULL);
insert into configuration (configuration_id, configuration_title, configuration_key, configuration_value, configuration_description, configuration_group_id, sort_order, last_modified, date_added, use_function, set_function) values ('49', 'New Products Listing', 'MAX_DISPLAY_PRODUCTS_NEW', '10', 'Maximum number of new products to display in new products page', '3', '14', NULL, '2005-01-27 17:14:43', NULL, NULL);
insert into configuration (configuration_id, configuration_title, configuration_key, configuration_value, configuration_description, configuration_group_id, sort_order, last_modified, date_added, use_function, set_function) values ('50', 'Best Sellers', 'MAX_DISPLAY_BESTSELLERS', '10', 'Maximum number of best sellers to display', '3', '15', NULL, '2005-01-27 17:14:43', NULL, NULL);
insert into configuration (configuration_id, configuration_title, configuration_key, configuration_value, configuration_description, configuration_group_id, sort_order, last_modified, date_added, use_function, set_function) values ('51', 'Also Purchased', 'MAX_DISPLAY_ALSO_PURCHASED', '6', 'Maximum number of products to display in the \'This Customer Also Purchased\' box', '3', '16', NULL, '2005-01-27 17:14:43', NULL, NULL);
insert into configuration (configuration_id, configuration_title, configuration_key, configuration_value, configuration_description, configuration_group_id, sort_order, last_modified, date_added, use_function, set_function) values ('52', 'Customer Order History Box', 'MAX_DISPLAY_PRODUCTS_IN_ORDER_HISTORY_BOX', '6', 'Maximum number of products to display in the customer order history box', '3', '17', NULL, '2005-01-27 17:14:43', NULL, NULL);
insert into configuration (configuration_id, configuration_title, configuration_key, configuration_value, configuration_description, configuration_group_id, sort_order, last_modified, date_added, use_function, set_function) values ('53', 'Order History', 'MAX_DISPLAY_ORDER_HISTORY', '10', 'Maximum number of orders to display in the order history page', '3', '18', NULL, '2005-01-27 17:14:43', NULL, NULL);
insert into configuration (configuration_id, configuration_title, configuration_key, configuration_value, configuration_description, configuration_group_id, sort_order, last_modified, date_added, use_function, set_function) values ('54', 'Small Image Width', 'SMALL_IMAGE_WIDTH', '100', 'The pixel width of small images', '4', '1', NULL, '2005-01-27 17:14:43', NULL, NULL);
insert into configuration (configuration_id, configuration_title, configuration_key, configuration_value, configuration_description, configuration_group_id, sort_order, last_modified, date_added, use_function, set_function) values ('55', 'Small Image Height', 'SMALL_IMAGE_HEIGHT', '80', 'The pixel height of small images', '4', '2', NULL, '2005-01-27 17:14:43', NULL, NULL);
insert into configuration (configuration_id, configuration_title, configuration_key, configuration_value, configuration_description, configuration_group_id, sort_order, last_modified, date_added, use_function, set_function) values ('56', 'Heading Image Width', 'HEADING_IMAGE_WIDTH', '57', 'The pixel width of heading images', '4', '3', NULL, '2005-01-27 17:14:43', NULL, NULL);
insert into configuration (configuration_id, configuration_title, configuration_key, configuration_value, configuration_description, configuration_group_id, sort_order, last_modified, date_added, use_function, set_function) values ('57', 'Heading Image Height', 'HEADING_IMAGE_HEIGHT', '40', 'The pixel height of heading images', '4', '4', NULL, '2005-01-27 17:14:43', NULL, NULL);
insert into configuration (configuration_id, configuration_title, configuration_key, configuration_value, configuration_description, configuration_group_id, sort_order, last_modified, date_added, use_function, set_function) values ('58', 'Subcategory Image Width', 'SUBCATEGORY_IMAGE_WIDTH', '100', 'The pixel width of subcategory images', '4', '5', NULL, '2005-01-27 17:14:43', NULL, NULL);
insert into configuration (configuration_id, configuration_title, configuration_key, configuration_value, configuration_description, configuration_group_id, sort_order, last_modified, date_added, use_function, set_function) values ('59', 'Subcategory Image Height', 'SUBCATEGORY_IMAGE_HEIGHT', '57', 'The pixel height of subcategory images', '4', '6', NULL, '2005-01-27 17:14:43', NULL, NULL);
insert into configuration (configuration_id, configuration_title, configuration_key, configuration_value, configuration_description, configuration_group_id, sort_order, last_modified, date_added, use_function, set_function) values ('60', 'Calculate Image Size', 'CONFIG_CALCULATE_IMAGE_SIZE', 'true', 'Calculate the size of images?', '4', '7', NULL, '2005-01-27 17:14:43', NULL, 'tep_cfg_select_option(array(\'true\', \'false\'),');
insert into configuration (configuration_id, configuration_title, configuration_key, configuration_value, configuration_description, configuration_group_id, sort_order, last_modified, date_added, use_function, set_function) values ('61', 'Image Required', 'IMAGE_REQUIRED', 'false', 'Enable to display broken images. Good for development.', '4', '8', '2005-02-03 14:05:23', '2005-01-27 17:14:43', NULL, 'tep_cfg_select_option(array(\'true\', \'false\'),');
insert into configuration (configuration_id, configuration_title, configuration_key, configuration_value, configuration_description, configuration_group_id, sort_order, last_modified, date_added, use_function, set_function) values ('62', 'Gender', 'ACCOUNT_GENDER', 'true', 'Display gender in the customers account', '5', '1', NULL, '2005-01-27 17:14:43', NULL, 'tep_cfg_select_option(array(\'true\', \'false\'),');
insert into configuration (configuration_id, configuration_title, configuration_key, configuration_value, configuration_description, configuration_group_id, sort_order, last_modified, date_added, use_function, set_function) values ('63', 'Date of Birth', 'ACCOUNT_DOB', 'true', 'Display date of birth in the customers account', '5', '2', NULL, '2005-01-27 17:14:43', NULL, 'tep_cfg_select_option(array(\'true\', \'false\'),');
insert into configuration (configuration_id, configuration_title, configuration_key, configuration_value, configuration_description, configuration_group_id, sort_order, last_modified, date_added, use_function, set_function) values ('64', 'Company', 'ACCOUNT_COMPANY', 'true', 'Display company in the customers account', '5', '3', NULL, '2005-01-27 17:14:43', NULL, 'tep_cfg_select_option(array(\'true\', \'false\'),');
insert into configuration (configuration_id, configuration_title, configuration_key, configuration_value, configuration_description, configuration_group_id, sort_order, last_modified, date_added, use_function, set_function) values ('65', 'Suburb', 'ACCOUNT_SUBURB', 'false', 'Display suburb in the customers account', '5', '4', '2005-02-13 19:39:54', '2005-01-27 17:14:43', NULL, 'tep_cfg_select_option(array(\'true\', \'false\'),');
insert into configuration (configuration_id, configuration_title, configuration_key, configuration_value, configuration_description, configuration_group_id, sort_order, last_modified, date_added, use_function, set_function) values ('66', 'State', 'ACCOUNT_STATE', 'true', 'Display state in the customers account', '5', '5', NULL, '2005-01-27 17:14:43', NULL, 'tep_cfg_select_option(array(\'true\', \'false\'),');
insert into configuration (configuration_id, configuration_title, configuration_key, configuration_value, configuration_description, configuration_group_id, sort_order, last_modified, date_added, use_function, set_function) values ('67', 'Installed Modules', 'MODULE_PAYMENT_INSTALLED', 'cc.php;paypal_ipn.php', 'List of payment module filenames separated by a semi-colon. This is automatically updated. No need to edit. (Example: cc.php;cod.php;paypal.php)', '6', '0', '2005-12-21 19:22:33', '2005-01-27 17:14:43', NULL, NULL);
insert into configuration (configuration_id, configuration_title, configuration_key, configuration_value, configuration_description, configuration_group_id, sort_order, last_modified, date_added, use_function, set_function) values ('68', 'Installed Modules', 'MODULE_ORDER_TOTAL_INSTALLED', 'ot_subtotal.php;ot_shipping.php;ot_tax.php;ot_total.php', 'List of order_total module filenames separated by a semi-colon. This is automatically updated. No need to edit. (Example: ot_subtotal.php;ot_tax.php;ot_shipping.php;ot_total.php)', '6', '0', '2005-12-04 20:18:59', '2005-01-27 17:14:43', NULL, NULL);
insert into configuration (configuration_id, configuration_title, configuration_key, configuration_value, configuration_description, configuration_group_id, sort_order, last_modified, date_added, use_function, set_function) values ('69', 'Installed Modules', 'MODULE_SHIPPING_INSTALLED', 'fedex1.php', 'List of shipping module filenames separated by a semi-colon. This is automatically updated. No need to edit. (Example: ups.php;flat.php;item.php)', '6', '0', '2005-02-21 18:11:11', '2005-01-27 17:14:43', NULL, NULL);
insert into configuration (configuration_id, configuration_title, configuration_key, configuration_value, configuration_description, configuration_group_id, sort_order, last_modified, date_added, use_function, set_function) values ('152', 'Your Fedex Meter ID', 'MODULE_SHIPPING_FEDEX1_METER', '8258085', 'Enter the Fedex MeterID assigned to you, set to NONE to obtain a new meter number', '6', '12', NULL, '2005-02-13 20:07:27', NULL, NULL);
insert into configuration (configuration_id, configuration_title, configuration_key, configuration_value, configuration_description, configuration_group_id, sort_order, last_modified, date_added, use_function, set_function) values ('151', 'Your Fedex Account Number', 'MODULE_SHIPPING_FEDEX1_ACCOUNT', '287340222', 'Enter the fedex Account Number assigned to you, required', '6', '11', NULL, '2005-02-13 20:07:27', NULL, NULL);
insert into configuration (configuration_id, configuration_title, configuration_key, configuration_value, configuration_description, configuration_group_id, sort_order, last_modified, date_added, use_function, set_function) values ('150', 'Display Transit Times', 'MODULE_SHIPPING_FEDEX1_TRANSIT', 'False', 'Do you want to show transit times for ground or home delivery rates?', '6', '10', NULL, '2005-02-13 20:07:27', NULL, 'tep_cfg_select_option(array(\'True\', \'False\'),');
insert into configuration (configuration_id, configuration_title, configuration_key, configuration_value, configuration_description, configuration_group_id, sort_order, last_modified, date_added, use_function, set_function) values ('149', 'Enable Fedex Shipping', 'MODULE_SHIPPING_FEDEX1_STATUS', 'True', 'Do you want to offer Fedex shipping?', '6', '10', NULL, '2005-02-13 20:07:27', NULL, 'tep_cfg_select_option(array(\'True\', \'False\'),');
insert into configuration (configuration_id, configuration_title, configuration_key, configuration_value, configuration_description, configuration_group_id, sort_order, last_modified, date_added, use_function, set_function) values ('74', 'Enable Credit Card Module', 'MODULE_PAYMENT_CC_STATUS', 'True', 'Do you want to accept credit card payments?', '6', '0', NULL, '2005-01-27 17:14:43', NULL, 'tep_cfg_select_option(array(\'True\', \'False\'),');
insert into configuration (configuration_id, configuration_title, configuration_key, configuration_value, configuration_description, configuration_group_id, sort_order, last_modified, date_added, use_function, set_function) values ('75', 'Split Credit Card E-Mail Address', 'MODULE_PAYMENT_CC_EMAIL', '', 'If an e-mail address is entered, the middle digits of the credit card number will be sent to the e-mail address (the outside digits are stored in the database with the middle digits censored)', '6', '0', NULL, '2005-01-27 17:14:43', NULL, NULL);
insert into configuration (configuration_id, configuration_title, configuration_key, configuration_value, configuration_description, configuration_group_id, sort_order, last_modified, date_added, use_function, set_function) values ('76', 'Sort order of display.', 'MODULE_PAYMENT_CC_SORT_ORDER', '0', 'Sort order of display. Lowest is displayed first.', '6', '0', NULL, '2005-01-27 17:14:43', NULL, NULL);
insert into configuration (configuration_id, configuration_title, configuration_key, configuration_value, configuration_description, configuration_group_id, sort_order, last_modified, date_added, use_function, set_function) values ('77', 'Payment Zone', 'MODULE_PAYMENT_CC_ZONE', '0', 'If a zone is selected, only enable this payment method for that zone.', '6', '2', NULL, '2005-01-27 17:14:43', 'tep_get_zone_class_title', 'tep_cfg_pull_down_zone_classes(');
insert into configuration (configuration_id, configuration_title, configuration_key, configuration_value, configuration_description, configuration_group_id, sort_order, last_modified, date_added, use_function, set_function) values ('78', 'Set Order Status', 'MODULE_PAYMENT_CC_ORDER_STATUS_ID', '1', 'Set the status of orders made with this payment module to this value', '6', '0', NULL, '2005-01-27 17:14:43', 'tep_get_order_status_name', 'tep_cfg_pull_down_order_statuses(');
insert into configuration (configuration_id, configuration_title, configuration_key, configuration_value, configuration_description, configuration_group_id, sort_order, last_modified, date_added, use_function, set_function) values ('206', 'Your PayPal Public Certificate ID', 'MODULE_PAYMENT_PAYPAL_IPN_EWP_CERT_ID', '', 'The Certificate ID to use from your PayPal Encrypted Payment Settings Profile.', '6', '4', NULL, '2005-03-16 16:28:42', NULL, NULL);
insert into configuration (configuration_id, configuration_title, configuration_key, configuration_value, configuration_description, configuration_group_id, sort_order, last_modified, date_added, use_function, set_function) values ('205', 'PayPals Public Certificate', 'MODULE_PAYMENT_PAYPAL_IPN_EWP_PAYPAL_KEY', '', 'The location of the PayPal Public Certificate for encrypting the data.', '6', '4', NULL, '2005-03-16 16:28:42', NULL, NULL);
insert into configuration (configuration_id, configuration_title, configuration_key, configuration_value, configuration_description, configuration_group_id, sort_order, last_modified, date_added, use_function, set_function) values ('203', 'Your Private Key', 'MODULE_PAYMENT_PAYPAL_IPN_EWP_PRIVATE_KEY', '', 'The location of your Private Key to use for signing the data. (*.pem)', '6', '4', NULL, '2005-03-16 16:28:42', NULL, NULL);
insert into configuration (configuration_id, configuration_title, configuration_key, configuration_value, configuration_description, configuration_group_id, sort_order, last_modified, date_added, use_function, set_function) values ('204', 'Your Public Certificate', 'MODULE_PAYMENT_PAYPAL_IPN_EWP_PUBLIC_KEY', '', 'The location of your Public Certificate to use for signing the data. (*.pem)', '6', '4', NULL, '2005-03-16 16:28:42', NULL, NULL);
insert into configuration (configuration_id, configuration_title, configuration_key, configuration_value, configuration_description, configuration_group_id, sort_order, last_modified, date_added, use_function, set_function) values ('84', 'Default Currency', 'DEFAULT_CURRENCY', 'USD', 'Default Currency', '6', '0', NULL, '2005-01-27 17:14:43', NULL, NULL);
insert into configuration (configuration_id, configuration_title, configuration_key, configuration_value, configuration_description, configuration_group_id, sort_order, last_modified, date_added, use_function, set_function) values ('85', 'Default Language', 'DEFAULT_LANGUAGE', 'en', 'Default Language', '6', '0', NULL, '2005-01-27 17:14:43', NULL, NULL);
insert into configuration (configuration_id, configuration_title, configuration_key, configuration_value, configuration_description, configuration_group_id, sort_order, last_modified, date_added, use_function, set_function) values ('86', 'Default Order Status For New Orders', 'DEFAULT_ORDERS_STATUS_ID', '1', 'When a new order is created, this order status will be assigned to it.', '6', '0', NULL, '2005-01-27 17:14:43', NULL, NULL);
insert into configuration (configuration_id, configuration_title, configuration_key, configuration_value, configuration_description, configuration_group_id, sort_order, last_modified, date_added, use_function, set_function) values ('87', 'Display Shipping', 'MODULE_ORDER_TOTAL_SHIPPING_STATUS', 'true', 'Do you want to display the order shipping cost?', '6', '1', NULL, '2005-01-27 17:14:43', NULL, 'tep_cfg_select_option(array(\'true\', \'false\'),');
insert into configuration (configuration_id, configuration_title, configuration_key, configuration_value, configuration_description, configuration_group_id, sort_order, last_modified, date_added, use_function, set_function) values ('88', 'Sort Order', 'MODULE_ORDER_TOTAL_SHIPPING_SORT_ORDER', '2', 'Sort order of display.', '6', '2', NULL, '2005-01-27 17:14:43', NULL, NULL);
insert into configuration (configuration_id, configuration_title, configuration_key, configuration_value, configuration_description, configuration_group_id, sort_order, last_modified, date_added, use_function, set_function) values ('89', 'Allow Free Shipping', 'MODULE_ORDER_TOTAL_SHIPPING_FREE_SHIPPING', 'false', 'Do you want to allow free shipping?', '6', '3', NULL, '2005-01-27 17:14:43', NULL, 'tep_cfg_select_option(array(\'true\', \'false\'),');
insert into configuration (configuration_id, configuration_title, configuration_key, configuration_value, configuration_description, configuration_group_id, sort_order, last_modified, date_added, use_function, set_function) values ('90', 'Free Shipping For Orders Over', 'MODULE_ORDER_TOTAL_SHIPPING_FREE_SHIPPING_OVER', '50', 'Provide free shipping for orders over the set amount.', '6', '4', NULL, '2005-01-27 17:14:43', 'currencies->format', NULL);
insert into configuration (configuration_id, configuration_title, configuration_key, configuration_value, configuration_description, configuration_group_id, sort_order, last_modified, date_added, use_function, set_function) values ('91', 'Provide Free Shipping For Orders Made', 'MODULE_ORDER_TOTAL_SHIPPING_DESTINATION', 'national', 'Provide free shipping for orders sent to the set destination.', '6', '5', NULL, '2005-01-27 17:14:43', NULL, 'tep_cfg_select_option(array(\'national\', \'international\', \'both\'),');
insert into configuration (configuration_id, configuration_title, configuration_key, configuration_value, configuration_description, configuration_group_id, sort_order, last_modified, date_added, use_function, set_function) values ('92', 'Display Sub-Total', 'MODULE_ORDER_TOTAL_SUBTOTAL_STATUS', 'true', 'Do you want to display the order sub-total cost?', '6', '1', NULL, '2005-01-27 17:14:43', NULL, 'tep_cfg_select_option(array(\'true\', \'false\'),');
insert into configuration (configuration_id, configuration_title, configuration_key, configuration_value, configuration_description, configuration_group_id, sort_order, last_modified, date_added, use_function, set_function) values ('93', 'Sort Order', 'MODULE_ORDER_TOTAL_SUBTOTAL_SORT_ORDER', '1', 'Sort order of display.', '6', '2', NULL, '2005-01-27 17:14:43', NULL, NULL);
insert into configuration (configuration_id, configuration_title, configuration_key, configuration_value, configuration_description, configuration_group_id, sort_order, last_modified, date_added, use_function, set_function) values ('94', 'Display Tax', 'MODULE_ORDER_TOTAL_TAX_STATUS', 'true', 'Do you want to display the order tax value?', '6', '1', NULL, '2005-01-27 17:14:43', NULL, 'tep_cfg_select_option(array(\'true\', \'false\'),');
insert into configuration (configuration_id, configuration_title, configuration_key, configuration_value, configuration_description, configuration_group_id, sort_order, last_modified, date_added, use_function, set_function) values ('95', 'Sort Order', 'MODULE_ORDER_TOTAL_TAX_SORT_ORDER', '3', 'Sort order of display.', '6', '2', NULL, '2005-01-27 17:14:43', NULL, NULL);
insert into configuration (configuration_id, configuration_title, configuration_key, configuration_value, configuration_description, configuration_group_id, sort_order, last_modified, date_added, use_function, set_function) values ('96', 'Display Total', 'MODULE_ORDER_TOTAL_TOTAL_STATUS', 'true', 'Do you want to display the total order value?', '6', '1', NULL, '2005-01-27 17:14:43', NULL, 'tep_cfg_select_option(array(\'true\', \'false\'),');
insert into configuration (configuration_id, configuration_title, configuration_key, configuration_value, configuration_description, configuration_group_id, sort_order, last_modified, date_added, use_function, set_function) values ('97', 'Sort Order', 'MODULE_ORDER_TOTAL_TOTAL_SORT_ORDER', '4', 'Sort order of display.', '6', '2', NULL, '2005-01-27 17:14:43', NULL, NULL);
insert into configuration (configuration_id, configuration_title, configuration_key, configuration_value, configuration_description, configuration_group_id, sort_order, last_modified, date_added, use_function, set_function) values ('98', 'Country of Origin', 'SHIPPING_ORIGIN_COUNTRY', '223', 'Select the country of origin to be used in shipping quotes.', '7', '1', NULL, '2005-01-27 17:14:43', 'tep_get_country_name', 'tep_cfg_pull_down_country_list(');
insert into configuration (configuration_id, configuration_title, configuration_key, configuration_value, configuration_description, configuration_group_id, sort_order, last_modified, date_added, use_function, set_function) values ('99', 'Postal Code', 'SHIPPING_ORIGIN_ZIP', '50701', 'Enter the Postal Code (ZIP) of the Store to be used in shipping quotes.', '7', '2', '2005-03-03 20:17:51', '2005-01-27 17:14:43', NULL, NULL);
insert into configuration (configuration_id, configuration_title, configuration_key, configuration_value, configuration_description, configuration_group_id, sort_order, last_modified, date_added, use_function, set_function) values ('100', 'Enter the Maximum Package Weight you will ship', 'SHIPPING_MAX_WEIGHT', '50', 'Carriers have a max weight limit for a single package. This is a common one for all.', '7', '3', NULL, '2005-01-27 17:14:43', NULL, NULL);
insert into configuration (configuration_id, configuration_title, configuration_key, configuration_value, configuration_description, configuration_group_id, sort_order, last_modified, date_added, use_function, set_function) values ('101', 'Package Tare weight.', 'SHIPPING_BOX_WEIGHT', '3', 'What is the weight of typical packaging of small to medium packages?', '7', '4', NULL, '2005-01-27 17:14:43', NULL, NULL);
insert into configuration (configuration_id, configuration_title, configuration_key, configuration_value, configuration_description, configuration_group_id, sort_order, last_modified, date_added, use_function, set_function) values ('102', 'Larger packages - percentage increase.', 'SHIPPING_BOX_PADDING', '10', 'For 10% enter 10', '7', '5', NULL, '2005-01-27 17:14:43', NULL, NULL);
insert into configuration (configuration_id, configuration_title, configuration_key, configuration_value, configuration_description, configuration_group_id, sort_order, last_modified, date_added, use_function, set_function) values ('103', 'Display Product Image', 'PRODUCT_LIST_IMAGE', '1', 'Do you want to display the Product Image?', '8', '1', NULL, '2005-01-27 17:14:43', NULL, NULL);
insert into configuration (configuration_id, configuration_title, configuration_key, configuration_value, configuration_description, configuration_group_id, sort_order, last_modified, date_added, use_function, set_function) values ('104', 'Display Product Manufaturer Name', 'PRODUCT_LIST_MANUFACTURER', '0', 'Do you want to display the Product Manufacturer Name?', '8', '2', NULL, '2005-01-27 17:14:43', NULL, NULL);
insert into configuration (configuration_id, configuration_title, configuration_key, configuration_value, configuration_description, configuration_group_id, sort_order, last_modified, date_added, use_function, set_function) values ('105', 'Display Product Model', 'PRODUCT_LIST_MODEL', '0', 'Do you want to display the Product Model?', '8', '3', NULL, '2005-01-27 17:14:43', NULL, NULL);
insert into configuration (configuration_id, configuration_title, configuration_key, configuration_value, configuration_description, configuration_group_id, sort_order, last_modified, date_added, use_function, set_function) values ('106', 'Display Product Name', 'PRODUCT_LIST_NAME', '2', 'Do you want to display the Product Name?', '8', '4', NULL, '2005-01-27 17:14:43', NULL, NULL);
insert into configuration (configuration_id, configuration_title, configuration_key, configuration_value, configuration_description, configuration_group_id, sort_order, last_modified, date_added, use_function, set_function) values ('107', 'Display Product Price', 'PRODUCT_LIST_PRICE', '3', 'Do you want to display the Product Price', '8', '5', NULL, '2005-01-27 17:14:43', NULL, NULL);
insert into configuration (configuration_id, configuration_title, configuration_key, configuration_value, configuration_description, configuration_group_id, sort_order, last_modified, date_added, use_function, set_function) values ('108', 'Display Product Quantity', 'PRODUCT_LIST_QUANTITY', '0', 'Do you want to display the Product Quantity?', '8', '6', NULL, '2005-01-27 17:14:43', NULL, NULL);
insert into configuration (configuration_id, configuration_title, configuration_key, configuration_value, configuration_description, configuration_group_id, sort_order, last_modified, date_added, use_function, set_function) values ('109', 'Display Product Weight', 'PRODUCT_LIST_WEIGHT', '0', 'Do you want to display the Product Weight?', '8', '7', NULL, '2005-01-27 17:14:43', NULL, NULL);
insert into configuration (configuration_id, configuration_title, configuration_key, configuration_value, configuration_description, configuration_group_id, sort_order, last_modified, date_added, use_function, set_function) values ('110', 'Display Buy Now column', 'PRODUCT_LIST_BUY_NOW', '4', 'Do you want to display the Buy Now column?', '8', '8', NULL, '2005-01-27 17:14:43', NULL, NULL);
insert into configuration (configuration_id, configuration_title, configuration_key, configuration_value, configuration_description, configuration_group_id, sort_order, last_modified, date_added, use_function, set_function) values ('111', 'Display Category/Manufacturer Filter (0=disable; 1=enable)', 'PRODUCT_LIST_FILTER', '1', 'Do you want to display the Category/Manufacturer Filter?', '8', '9', NULL, '2005-01-27 17:14:43', NULL, NULL);
insert into configuration (configuration_id, configuration_title, configuration_key, configuration_value, configuration_description, configuration_group_id, sort_order, last_modified, date_added, use_function, set_function) values ('112', 'Location of Prev/Next Navigation Bar (1-top, 2-bottom, 3-both)', 'PREV_NEXT_BAR_LOCATION', '2', 'Sets the location of the Prev/Next Navigation Bar (1-top, 2-bottom, 3-both)', '8', '10', NULL, '2005-01-27 17:14:43', NULL, NULL);
insert into configuration (configuration_id, configuration_title, configuration_key, configuration_value, configuration_description, configuration_group_id, sort_order, last_modified, date_added, use_function, set_function) values ('113', 'Check stock level', 'STOCK_CHECK', 'false', 'Check to see if sufficent stock is available', '9', '1', '2005-02-21 17:58:24', '2005-01-27 17:14:43', NULL, 'tep_cfg_select_option(array(\'true\', \'false\'),');
insert into configuration (configuration_id, configuration_title, configuration_key, configuration_value, configuration_description, configuration_group_id, sort_order, last_modified, date_added, use_function, set_function) values ('114', 'Subtract stock', 'STOCK_LIMITED', 'true', 'Subtract product in stock by product orders', '9', '2', NULL, '2005-01-27 17:14:43', NULL, 'tep_cfg_select_option(array(\'true\', \'false\'),');
insert into configuration (configuration_id, configuration_title, configuration_key, configuration_value, configuration_description, configuration_group_id, sort_order, last_modified, date_added, use_function, set_function) values ('115', 'Allow Checkout', 'STOCK_ALLOW_CHECKOUT', 'true', 'Allow customer to checkout even if there is insufficient stock', '9', '3', NULL, '2005-01-27 17:14:43', NULL, 'tep_cfg_select_option(array(\'true\', \'false\'),');
insert into configuration (configuration_id, configuration_title, configuration_key, configuration_value, configuration_description, configuration_group_id, sort_order, last_modified, date_added, use_function, set_function) values ('116', 'Mark product out of stock', 'STOCK_MARK_PRODUCT_OUT_OF_STOCK', '***', 'Display something on screen so customer can see which product has insufficient stock', '9', '4', NULL, '2005-01-27 17:14:43', NULL, NULL);
insert into configuration (configuration_id, configuration_title, configuration_key, configuration_value, configuration_description, configuration_group_id, sort_order, last_modified, date_added, use_function, set_function) values ('117', 'Stock Re-order level', 'STOCK_REORDER_LEVEL', '5', 'Define when stock needs to be re-ordered', '9', '5', NULL, '2005-01-27 17:14:43', NULL, NULL);
insert into configuration (configuration_id, configuration_title, configuration_key, configuration_value, configuration_description, configuration_group_id, sort_order, last_modified, date_added, use_function, set_function) values ('118', 'Store Page Parse Time', 'STORE_PAGE_PARSE_TIME', 'false', 'Store the time it takes to parse a page', '10', '1', NULL, '2005-01-27 17:14:43', NULL, 'tep_cfg_select_option(array(\'true\', \'false\'),');
insert into configuration (configuration_id, configuration_title, configuration_key, configuration_value, configuration_description, configuration_group_id, sort_order, last_modified, date_added, use_function, set_function) values ('119', 'Log Destination', 'STORE_PAGE_PARSE_TIME_LOG', '/var/log/www/tep/page_parse_time.log', 'Directory and filename of the page parse time log', '10', '2', NULL, '2005-01-27 17:14:43', NULL, NULL);
insert into configuration (configuration_id, configuration_title, configuration_key, configuration_value, configuration_description, configuration_group_id, sort_order, last_modified, date_added, use_function, set_function) values ('120', 'Log Date Format', 'STORE_PARSE_DATE_TIME_FORMAT', '%d/%m/%Y %H:%M:%S', 'The date format', '10', '3', NULL, '2005-01-27 17:14:43', NULL, NULL);
insert into configuration (configuration_id, configuration_title, configuration_key, configuration_value, configuration_description, configuration_group_id, sort_order, last_modified, date_added, use_function, set_function) values ('121', 'Display The Page Parse Time', 'DISPLAY_PAGE_PARSE_TIME', 'true', 'Display the page parse time (store page parse time must be enabled)', '10', '4', NULL, '2005-01-27 17:14:43', NULL, 'tep_cfg_select_option(array(\'true\', \'false\'),');
insert into configuration (configuration_id, configuration_title, configuration_key, configuration_value, configuration_description, configuration_group_id, sort_order, last_modified, date_added, use_function, set_function) values ('122', 'Store Database Queries', 'STORE_DB_TRANSACTIONS', 'false', 'Store the database queries in the page parse time log (PHP4 only)', '10', '5', NULL, '2005-01-27 17:14:43', NULL, 'tep_cfg_select_option(array(\'true\', \'false\'),');
insert into configuration (configuration_id, configuration_title, configuration_key, configuration_value, configuration_description, configuration_group_id, sort_order, last_modified, date_added, use_function, set_function) values ('123', 'Use Cache', 'USE_CACHE', 'false', 'Use caching features', '11', '1', NULL, '2005-01-27 17:14:43', NULL, 'tep_cfg_select_option(array(\'true\', \'false\'),');
insert into configuration (configuration_id, configuration_title, configuration_key, configuration_value, configuration_description, configuration_group_id, sort_order, last_modified, date_added, use_function, set_function) values ('124', 'Cache Directory', 'DIR_FS_CACHE', '/tmp/', 'The directory where the cached files are saved', '11', '2', NULL, '2005-01-27 17:14:43', NULL, NULL);
insert into configuration (configuration_id, configuration_title, configuration_key, configuration_value, configuration_description, configuration_group_id, sort_order, last_modified, date_added, use_function, set_function) values ('125', 'E-Mail Transport Method', 'EMAIL_TRANSPORT', 'sendmail', 'Defines if this server uses a local connection to sendmail or uses an SMTP connection via TCP/IP. Servers running on Windows and MacOS should change this setting to SMTP.', '12', '1', NULL, '2005-01-27 17:14:43', NULL, 'tep_cfg_select_option(array(\'sendmail\', \'smtp\'),');
insert into configuration (configuration_id, configuration_title, configuration_key, configuration_value, configuration_description, configuration_group_id, sort_order, last_modified, date_added, use_function, set_function) values ('126', 'E-Mail Linefeeds', 'EMAIL_LINEFEED', 'LF', 'Defines the character sequence used to separate mail headers.', '12', '2', NULL, '2005-01-27 17:14:43', NULL, 'tep_cfg_select_option(array(\'LF\', \'CRLF\'),');
insert into configuration (configuration_id, configuration_title, configuration_key, configuration_value, configuration_description, configuration_group_id, sort_order, last_modified, date_added, use_function, set_function) values ('127', 'Use MIME HTML When Sending Emails', 'EMAIL_USE_HTML', 'false', 'Send e-mails in HTML format', '12', '3', NULL, '2005-01-27 17:14:43', NULL, 'tep_cfg_select_option(array(\'true\', \'false\'),');
insert into configuration (configuration_id, configuration_title, configuration_key, configuration_value, configuration_description, configuration_group_id, sort_order, last_modified, date_added, use_function, set_function) values ('128', 'Verify E-Mail Addresses Through DNS', 'ENTRY_EMAIL_ADDRESS_CHECK', 'false', 'Verify e-mail address through a DNS server', '12', '4', NULL, '2005-01-27 17:14:43', NULL, 'tep_cfg_select_option(array(\'true\', \'false\'),');
insert into configuration (configuration_id, configuration_title, configuration_key, configuration_value, configuration_description, configuration_group_id, sort_order, last_modified, date_added, use_function, set_function) values ('129', 'Send E-Mails', 'SEND_EMAILS', 'true', 'Send out e-mails', '12', '5', NULL, '2005-01-27 17:14:43', NULL, 'tep_cfg_select_option(array(\'true\', \'false\'),');
insert into configuration (configuration_id, configuration_title, configuration_key, configuration_value, configuration_description, configuration_group_id, sort_order, last_modified, date_added, use_function, set_function) values ('130', 'Enable download', 'DOWNLOAD_ENABLED', 'false', 'Enable the products download functions.', '13', '1', NULL, '2005-01-27 17:14:43', NULL, 'tep_cfg_select_option(array(\'true\', \'false\'),');
insert into configuration (configuration_id, configuration_title, configuration_key, configuration_value, configuration_description, configuration_group_id, sort_order, last_modified, date_added, use_function, set_function) values ('131', 'Download by redirect', 'DOWNLOAD_BY_REDIRECT', 'false', 'Use browser redirection for download. Disable on non-Unix systems.', '13', '2', NULL, '2005-01-27 17:14:43', NULL, 'tep_cfg_select_option(array(\'true\', \'false\'),');
insert into configuration (configuration_id, configuration_title, configuration_key, configuration_value, configuration_description, configuration_group_id, sort_order, last_modified, date_added, use_function, set_function) values ('132', 'Expiry delay (days)', 'DOWNLOAD_MAX_DAYS', '7', 'Set number of days before the download link expires. 0 means no limit.', '13', '3', NULL, '2005-01-27 17:14:43', NULL, '');
insert into configuration (configuration_id, configuration_title, configuration_key, configuration_value, configuration_description, configuration_group_id, sort_order, last_modified, date_added, use_function, set_function) values ('133', 'Maximum number of downloads', 'DOWNLOAD_MAX_COUNT', '5', 'Set the maximum number of downloads. 0 means no download authorized.', '13', '4', NULL, '2005-01-27 17:14:43', NULL, '');
insert into configuration (configuration_id, configuration_title, configuration_key, configuration_value, configuration_description, configuration_group_id, sort_order, last_modified, date_added, use_function, set_function) values ('134', 'Enable GZip Compression', 'GZIP_COMPRESSION', 'false', 'Enable HTTP GZip compression.', '14', '1', NULL, '2005-01-27 17:14:43', NULL, 'tep_cfg_select_option(array(\'true\', \'false\'),');
insert into configuration (configuration_id, configuration_title, configuration_key, configuration_value, configuration_description, configuration_group_id, sort_order, last_modified, date_added, use_function, set_function) values ('135', 'Compression Level', 'GZIP_LEVEL', '5', 'Use this compression level 0-9 (0 = minimum, 9 = maximum).', '14', '2', NULL, '2005-01-27 17:14:43', NULL, NULL);
insert into configuration (configuration_id, configuration_title, configuration_key, configuration_value, configuration_description, configuration_group_id, sort_order, last_modified, date_added, use_function, set_function) values ('136', 'Session Directory', 'SESSION_WRITE_DIRECTORY', '/tmp', 'If sessions are file based, store them in this directory.', '15', '1', NULL, '2005-01-27 17:14:43', NULL, NULL);
insert into configuration (configuration_id, configuration_title, configuration_key, configuration_value, configuration_description, configuration_group_id, sort_order, last_modified, date_added, use_function, set_function) values ('137', 'Force Cookie Use', 'SESSION_FORCE_COOKIE_USE', 'False', 'Force the use of sessions when cookies are only enabled.', '15', '2', NULL, '2005-01-27 17:14:43', NULL, 'tep_cfg_select_option(array(\'True\', \'False\'),');
insert into configuration (configuration_id, configuration_title, configuration_key, configuration_value, configuration_description, configuration_group_id, sort_order, last_modified, date_added, use_function, set_function) values ('138', 'Check SSL Session ID', 'SESSION_CHECK_SSL_SESSION_ID', 'False', 'Validate the SSL_SESSION_ID on every secure HTTPS page request.', '15', '3', NULL, '2005-01-27 17:14:43', NULL, 'tep_cfg_select_option(array(\'True\', \'False\'),');
insert into configuration (configuration_id, configuration_title, configuration_key, configuration_value, configuration_description, configuration_group_id, sort_order, last_modified, date_added, use_function, set_function) values ('139', 'Check User Agent', 'SESSION_CHECK_USER_AGENT', 'False', 'Validate the clients browser user agent on every page request.', '15', '4', NULL, '2005-01-27 17:14:43', NULL, 'tep_cfg_select_option(array(\'True\', \'False\'),');
insert into configuration (configuration_id, configuration_title, configuration_key, configuration_value, configuration_description, configuration_group_id, sort_order, last_modified, date_added, use_function, set_function) values ('140', 'Check IP Address', 'SESSION_CHECK_IP_ADDRESS', 'False', 'Validate the clients IP address on every page request.', '15', '5', NULL, '2005-01-27 17:14:43', NULL, 'tep_cfg_select_option(array(\'True\', \'False\'),');
insert into configuration (configuration_id, configuration_title, configuration_key, configuration_value, configuration_description, configuration_group_id, sort_order, last_modified, date_added, use_function, set_function) values ('141', 'Prevent Spider Sessions', 'SESSION_BLOCK_SPIDERS', 'False', 'Prevent known spiders from starting a session.', '15', '6', NULL, '2005-01-27 17:14:43', NULL, 'tep_cfg_select_option(array(\'True\', \'False\'),');
insert into configuration (configuration_id, configuration_title, configuration_key, configuration_value, configuration_description, configuration_group_id, sort_order, last_modified, date_added, use_function, set_function) values ('142', 'Recreate Session', 'SESSION_RECREATE', 'False', 'Recreate the session to generate a new session ID when the customer logs on or creates an account (PHP >=4.1 needed).', '15', '7', NULL, '2005-01-27 17:14:43', NULL, 'tep_cfg_select_option(array(\'True\', \'False\'),');
insert into configuration (configuration_id, configuration_title, configuration_key, configuration_value, configuration_description, configuration_group_id, sort_order, last_modified, date_added, use_function, set_function) values ('153', 'cURL Path', 'MODULE_SHIPPING_FEDEX1_CURL', 'NONE', 'Enter the path to the cURL program, normally, leave this set to NONE to execute cURL using PHP', '6', '12', NULL, '2005-02-13 20:07:27', NULL, NULL);
insert into configuration (configuration_id, configuration_title, configuration_key, configuration_value, configuration_description, configuration_group_id, sort_order, last_modified, date_added, use_function, set_function) values ('154', 'Debug Mode', 'MODULE_SHIPPING_FEDEX1_DEBUG', 'False', 'Turn on Debug', '6', '19', NULL, '2005-02-13 20:07:27', NULL, 'tep_cfg_select_option(array(\'True\', \'False\'),');
insert into configuration (configuration_id, configuration_title, configuration_key, configuration_value, configuration_description, configuration_group_id, sort_order, last_modified, date_added, use_function, set_function) values ('155', 'Weight Units', 'MODULE_SHIPPING_FEDEX1_WEIGHT', 'LBS', 'Weight Units:', '6', '19', NULL, '2005-02-13 20:07:27', NULL, 'tep_cfg_select_option(array(\'LBS\', \'KGS\'),');
insert into configuration (configuration_id, configuration_title, configuration_key, configuration_value, configuration_description, configuration_group_id, sort_order, last_modified, date_added, use_function, set_function) values ('156', 'First line of street address', 'MODULE_SHIPPING_FEDEX1_ADDRESS_1', '2801 Falls Ave', 'Enter the first line of your ship from street address, required', '6', '13', NULL, '2005-02-13 20:07:27', NULL, NULL);
insert into configuration (configuration_id, configuration_title, configuration_key, configuration_value, configuration_description, configuration_group_id, sort_order, last_modified, date_added, use_function, set_function) values ('157', 'Second line of street address', 'MODULE_SHIPPING_FEDEX1_ADDRESS_2', 'NONE', 'Enter the second line of your ship from street address, leave set to NONE if you do not need to specify a second line', '6', '14', NULL, '2005-02-13 20:07:27', NULL, NULL);
insert into configuration (configuration_id, configuration_title, configuration_key, configuration_value, configuration_description, configuration_group_id, sort_order, last_modified, date_added, use_function, set_function) values ('158', 'City name', 'MODULE_SHIPPING_FEDEX1_CITY', 'Waterloo', 'Enter the city name for the ship from street address, required', '6', '15', NULL, '2005-02-13 20:07:27', NULL, NULL);
insert into configuration (configuration_id, configuration_title, configuration_key, configuration_value, configuration_description, configuration_group_id, sort_order, last_modified, date_added, use_function, set_function) values ('159', 'State or Province name', 'MODULE_SHIPPING_FEDEX1_STATE', 'IA', 'Enter the 2 letter state or province name for the ship from street address, required for Canada and US', '6', '16', NULL, '2005-02-13 20:07:27', NULL, NULL);
insert into configuration (configuration_id, configuration_title, configuration_key, configuration_value, configuration_description, configuration_group_id, sort_order, last_modified, date_added, use_function, set_function) values ('160', 'Postal code', 'MODULE_SHIPPING_FEDEX1_POSTAL', '50701', 'Enter the postal code for the ship from street address, required', '6', '17', NULL, '2005-02-13 20:07:27', NULL, NULL);
insert into configuration (configuration_id, configuration_title, configuration_key, configuration_value, configuration_description, configuration_group_id, sort_order, last_modified, date_added, use_function, set_function) values ('161', 'Phone number', 'MODULE_SHIPPING_FEDEX1_PHONE', '319-291-6580', 'Enter a contact phone number for your company, required', '6', '18', NULL, '2005-02-13 20:07:27', NULL, NULL);
insert into configuration (configuration_id, configuration_title, configuration_key, configuration_value, configuration_description, configuration_group_id, sort_order, last_modified, date_added, use_function, set_function) values ('162', 'Which server to use', 'MODULE_SHIPPING_FEDEX1_SERVER', 'production', 'You must have an account with Fedex', '6', '19', NULL, '2005-02-13 20:07:27', NULL, 'tep_cfg_select_option(array(\'test\', \'production\'),');
insert into configuration (configuration_id, configuration_title, configuration_key, configuration_value, configuration_description, configuration_group_id, sort_order, last_modified, date_added, use_function, set_function) values ('163', 'Drop off type', 'MODULE_SHIPPING_FEDEX1_DROPOFF', '3', 'Dropoff type (1 = Regular pickup, 2 = request courier, 3 = drop box, 4 = drop at BSC, 5 = drop at station)?', '6', '20', NULL, '2005-02-13 20:07:27', NULL, NULL);
insert into configuration (configuration_id, configuration_title, configuration_key, configuration_value, configuration_description, configuration_group_id, sort_order, last_modified, date_added, use_function, set_function) values ('164', 'Fedex surcharge?', 'MODULE_SHIPPING_FEDEX1_SURCHARGE', '0', 'Surcharge amount to add to shipping charge?', '6', '21', NULL, '2005-02-13 20:07:27', NULL, NULL);
insert into configuration (configuration_id, configuration_title, configuration_key, configuration_value, configuration_description, configuration_group_id, sort_order, last_modified, date_added, use_function, set_function) values ('165', 'Show List Rates?', 'MODULE_SHIPPING_FEDEX1_LIST_RATES', 'False', 'Show LIST Rates?', '6', '21', NULL, '2005-02-13 20:07:27', NULL, 'tep_cfg_select_option(array(\'True\', \'False\'),');
insert into configuration (configuration_id, configuration_title, configuration_key, configuration_value, configuration_description, configuration_group_id, sort_order, last_modified, date_added, use_function, set_function) values ('166', 'Residential surcharge?', 'MODULE_SHIPPING_FEDEX1_RESIDENTIAL', '0', 'Residential Surcharge (in addition to other surcharge) for Express packages within US, or ground packages within Canada?', '6', '21', NULL, '2005-02-13 20:07:27', NULL, NULL);
insert into configuration (configuration_id, configuration_title, configuration_key, configuration_value, configuration_description, configuration_group_id, sort_order, last_modified, date_added, use_function, set_function) values ('167', 'Insurance?', 'MODULE_SHIPPING_FEDEX1_INSURE', 'NONE', 'Insure packages over what dollar amount?', '6', '22', NULL, '2005-02-13 20:07:27', NULL, NULL);
insert into configuration (configuration_id, configuration_title, configuration_key, configuration_value, configuration_description, configuration_group_id, sort_order, last_modified, date_added, use_function, set_function) values ('168', 'Enable Envelope Rates?', 'MODULE_SHIPPING_FEDEX1_ENVELOPE', 'False', 'Do you want to offer Fedex Envelope rates? All items under 1/2 LB (.23KG) will quote using the envelope rate if True.', '6', '10', NULL, '2005-02-13 20:07:27', NULL, 'tep_cfg_select_option(array(\'True\', \'False\'),');
insert into configuration (configuration_id, configuration_title, configuration_key, configuration_value, configuration_description, configuration_group_id, sort_order, last_modified, date_added, use_function, set_function) values ('169', 'Sort rates:', 'MODULE_SHIPPING_FEDEX1_WEIGHT_SORT', 'Low to High', 'Sort rates top to bottom:', '6', '19', NULL, '2005-02-13 20:07:27', NULL, 'tep_cfg_select_option(array(\'High to Low\', \'Low to High\'),');
insert into configuration (configuration_id, configuration_title, configuration_key, configuration_value, configuration_description, configuration_group_id, sort_order, last_modified, date_added, use_function, set_function) values ('170', 'Timeout in Seconds', 'MODULE_SHIPPING_FEDEX1_TIMEOUT', 'NONE', 'Enter the maximum time in seconds you would wait for a rate request from Fedex? Leave NONE for default timeout.', '6', '22', NULL, '2005-02-13 20:07:27', NULL, NULL);
insert into configuration (configuration_id, configuration_title, configuration_key, configuration_value, configuration_description, configuration_group_id, sort_order, last_modified, date_added, use_function, set_function) values ('171', 'Tax Class', 'MODULE_SHIPPING_FEDEX1_TAX_CLASS', '0', 'Use the following tax class on the shipping fee.', '6', '23', NULL, '2005-02-13 20:07:27', 'tep_get_tax_class_title', 'tep_cfg_pull_down_tax_classes(');
insert into configuration (configuration_id, configuration_title, configuration_key, configuration_value, configuration_description, configuration_group_id, sort_order, last_modified, date_added, use_function, set_function) values ('172', 'Sort Order', 'MODULE_SHIPPING_FEDEX1_SORT_ORDER', '0', 'Sort order of display.', '6', '24', NULL, '2005-02-13 20:07:27', NULL, NULL);
insert into configuration (configuration_id, configuration_title, configuration_key, configuration_value, configuration_description, configuration_group_id, sort_order, last_modified, date_added, use_function, set_function) values ('202', 'Enable Encrypted Web Payments', 'MODULE_PAYMENT_PAYPAL_IPN_EWP_STATUS', 'False', 'Do you want to enable Encrypted Web Payments?', '6', '3', NULL, '2005-03-16 16:28:42', NULL, 'tep_cfg_select_option(array(\'True\', \'False\'),');
insert into configuration (configuration_id, configuration_title, configuration_key, configuration_value, configuration_description, configuration_group_id, sort_order, last_modified, date_added, use_function, set_function) values ('201', 'Debug E-Mail Address', 'MODULE_PAYMENT_PAYPAL_IPN_DEBUG_EMAIL', '', 'All parameters of an Invalid IPN notification will be sent to this email address if one is entered.', '6', '4', NULL, '2005-03-16 16:28:42', NULL, NULL);
insert into configuration (configuration_id, configuration_title, configuration_key, configuration_value, configuration_description, configuration_group_id, sort_order, last_modified, date_added, use_function, set_function) values ('200', 'Page Style', 'MODULE_PAYMENT_PAYPAL_IPN_PAGE_STYLE', '', 'The page style to use for the transaction procedure (defined at your PayPal Profile page)', '6', '4', NULL, '2005-03-16 16:28:42', NULL, NULL);
insert into configuration (configuration_id, configuration_title, configuration_key, configuration_value, configuration_description, configuration_group_id, sort_order, last_modified, date_added, use_function, set_function) values ('199', 'Gateway Server', 'MODULE_PAYMENT_PAYPAL_IPN_GATEWAY_SERVER', 'Live', 'Use the testing (sandbox) or live gateway server for transactions?', '6', '6', NULL, '2005-03-16 16:28:42', NULL, 'tep_cfg_select_option(array(\'Testing\',\'Live\'),');
insert into configuration (configuration_id, configuration_title, configuration_key, configuration_value, configuration_description, configuration_group_id, sort_order, last_modified, date_added, use_function, set_function) values ('198', 'Transaction Type', 'MODULE_PAYMENT_PAYPAL_IPN_TRANSACTION_TYPE', 'Aggregate', 'Send individual items to PayPal or aggregate all as one total item?', '6', '6', NULL, '2005-03-16 16:28:42', NULL, 'tep_cfg_select_option(array(\'Per Item\',\'Aggregate\'),');
insert into configuration (configuration_id, configuration_title, configuration_key, configuration_value, configuration_description, configuration_group_id, sort_order, last_modified, date_added, use_function, set_function) values ('197', 'Set PayPal Acknowledged Order Status', 'MODULE_PAYMENT_PAYPAL_IPN_ORDER_STATUS_ID', '0', 'Set the status of orders made with this payment module to this value', '6', '0', NULL, '2005-03-16 16:28:42', 'tep_get_order_status_name', 'tep_cfg_pull_down_order_statuses(');
insert into configuration (configuration_id, configuration_title, configuration_key, configuration_value, configuration_description, configuration_group_id, sort_order, last_modified, date_added, use_function, set_function) values ('196', 'Set Preparing Order Status', 'MODULE_PAYMENT_PAYPAL_IPN_PREPARE_ORDER_STATUS_ID', '4', 'Set the status of prepared orders made with this payment module to this value', '6', '0', NULL, '2005-03-16 16:28:42', 'tep_get_order_status_name', 'tep_cfg_pull_down_order_statuses(');
insert into configuration (configuration_id, configuration_title, configuration_key, configuration_value, configuration_description, configuration_group_id, sort_order, last_modified, date_added, use_function, set_function) values ('195', 'Payment Zone', 'MODULE_PAYMENT_PAYPAL_IPN_ZONE', '0', 'If a zone is selected, only enable this payment method for that zone.', '6', '2', NULL, '2005-03-16 16:28:42', 'tep_get_zone_class_title', 'tep_cfg_pull_down_zone_classes(');
insert into configuration (configuration_id, configuration_title, configuration_key, configuration_value, configuration_description, configuration_group_id, sort_order, last_modified, date_added, use_function, set_function) values ('194', 'Sort order of display.', 'MODULE_PAYMENT_PAYPAL_IPN_SORT_ORDER', '0', 'Sort order of display. Lowest is displayed first.', '6', '0', NULL, '2005-03-16 16:28:42', NULL, NULL);
insert into configuration (configuration_id, configuration_title, configuration_key, configuration_value, configuration_description, configuration_group_id, sort_order, last_modified, date_added, use_function, set_function) values ('193', 'Transaction Currency', 'MODULE_PAYMENT_PAYPAL_IPN_CURRENCY', 'Selected Currency', 'The currency to use for transactions', '6', '6', NULL, '2005-03-16 16:28:42', NULL, 'tep_cfg_select_option(array(\'Selected Currency\',\'Only USD\',\'Only CAD\',\'Only EUR\',\'Only GBP\',\'Only JPY\'),');
insert into configuration (configuration_id, configuration_title, configuration_key, configuration_value, configuration_description, configuration_group_id, sort_order, last_modified, date_added, use_function, set_function) values ('192', 'E-Mail Address', 'MODULE_PAYMENT_PAYPAL_IPN_ID', 'tommyk2801@yahoo.com', 'The e-mail address to use for the PayPal IPN service', '6', '4', NULL, '2005-03-16 16:28:42', NULL, NULL);
insert into configuration (configuration_id, configuration_title, configuration_key, configuration_value, configuration_description, configuration_group_id, sort_order, last_modified, date_added, use_function, set_function) values ('191', 'Enable PayPal IPN Module', 'MODULE_PAYMENT_PAYPAL_IPN_STATUS', 'True', 'Do you want to accept PayPal IPN payments?', '6', '3', NULL, '2005-03-16 16:28:42', NULL, 'tep_cfg_select_option(array(\'True\', \'False\'),');
insert into configuration (configuration_id, configuration_title, configuration_key, configuration_value, configuration_description, configuration_group_id, sort_order, last_modified, date_added, use_function, set_function) values ('207', 'Working Directory', 'MODULE_PAYMENT_PAYPAL_IPN_EWP_WORKING_DIRECTORY', '', 'The working directory to use for temporary files. (trailing slash needed)', '6', '4', NULL, '2005-03-16 16:28:42', NULL, NULL);
insert into configuration (configuration_id, configuration_title, configuration_key, configuration_value, configuration_description, configuration_group_id, sort_order, last_modified, date_added, use_function, set_function) values ('208', 'OpenSSL Location', 'MODULE_PAYMENT_PAYPAL_IPN_EWP_OPENSSL', '/usr/bin/openssl', 'The location of the openssl binary file.', '6', '4', NULL, '2005-03-16 16:28:42', NULL, NULL);
drop table if exists configuration_group;
create table configuration_group (
  configuration_group_id int(11) not null auto_increment,
  configuration_group_title varchar(64) not null ,
  configuration_group_description varchar(255) not null ,
  sort_order int(5) ,
  visible int(1) default '1' ,
  PRIMARY KEY (configuration_group_id)
);

insert into configuration_group (configuration_group_id, configuration_group_title, configuration_group_description, sort_order, visible) values ('1', 'My Store', 'General information about my store', '1', '1');
insert into configuration_group (configuration_group_id, configuration_group_title, configuration_group_description, sort_order, visible) values ('2', 'Minimum Values', 'The minimum values for functions / data', '2', '1');
insert into configuration_group (configuration_group_id, configuration_group_title, configuration_group_description, sort_order, visible) values ('3', 'Maximum Values', 'The maximum values for functions / data', '3', '1');
insert into configuration_group (configuration_group_id, configuration_group_title, configuration_group_description, sort_order, visible) values ('4', 'Images', 'Image parameters', '4', '1');
insert into configuration_group (configuration_group_id, configuration_group_title, configuration_group_description, sort_order, visible) values ('5', 'Customer Details', 'Customer account configuration', '5', '1');
insert into configuration_group (configuration_group_id, configuration_group_title, configuration_group_description, sort_order, visible) values ('6', 'Module Options', 'Hidden from configuration', '6', '0');
insert into configuration_group (configuration_group_id, configuration_group_title, configuration_group_description, sort_order, visible) values ('7', 'Shipping/Packaging', 'Shipping options available at my store', '7', '1');
insert into configuration_group (configuration_group_id, configuration_group_title, configuration_group_description, sort_order, visible) values ('8', 'Product Listing', 'Product Listing    configuration options', '8', '1');
insert into configuration_group (configuration_group_id, configuration_group_title, configuration_group_description, sort_order, visible) values ('9', 'Stock', 'Stock configuration options', '9', '1');
insert into configuration_group (configuration_group_id, configuration_group_title, configuration_group_description, sort_order, visible) values ('10', 'Logging', 'Logging configuration options', '10', '1');
insert into configuration_group (configuration_group_id, configuration_group_title, configuration_group_description, sort_order, visible) values ('11', 'Cache', 'Caching configuration options', '11', '1');
insert into configuration_group (configuration_group_id, configuration_group_title, configuration_group_description, sort_order, visible) values ('12', 'E-Mail Options', 'General setting for E-Mail transport and HTML E-Mails', '12', '1');
insert into configuration_group (configuration_group_id, configuration_group_title, configuration_group_description, sort_order, visible) values ('13', 'Download', 'Downloadable products options', '13', '1');
insert into configuration_group (configuration_group_id, configuration_group_title, configuration_group_description, sort_order, visible) values ('14', 'GZip Compression', 'GZip compression options', '14', '1');
insert into configuration_group (configuration_group_id, configuration_group_title, configuration_group_description, sort_order, visible) values ('15', 'Sessions', 'Session options', '15', '1');
drop table if exists counter;
create table counter (
  startdate char(8) ,
  counter int(12) 
);

insert into counter (startdate, counter) values ('20050127', '3');
drop table if exists counter_history;
create table counter_history (
  month char(8) ,
  counter int(12) 
);

drop table if exists countries;
create table countries (
  countries_id int(11) not null auto_increment,
  countries_name varchar(64) not null ,
  countries_iso_code_2 char(2) not null ,
  countries_iso_code_3 char(3) not null ,
  address_format_id int(11) default '0' not null ,
  PRIMARY KEY (countries_id),
  KEY IDX_COUNTRIES_NAME (countries_name)
);

insert into countries (countries_id, countries_name, countries_iso_code_2, countries_iso_code_3, address_format_id) values ('223', 'United States', 'US', 'USA', '2');
drop table if exists currencies;
create table currencies (
  currencies_id int(11) not null auto_increment,
  title varchar(32) not null ,
  code char(3) not null ,
  symbol_left varchar(12) ,
  symbol_right varchar(12) ,
  decimal_point char(1) ,
  thousands_point char(1) ,
  decimal_places char(1) ,
  value float(13,8) ,
  last_updated datetime ,
  PRIMARY KEY (currencies_id)
);

insert into currencies (currencies_id, title, code, symbol_left, symbol_right, decimal_point, thousands_point, decimal_places, value, last_updated) values ('1', 'US Dollar', 'USD', '$', '', '.', ',', '2', '1.00000000', '2005-01-27 17:14:43');
drop table if exists customers;
create table customers (
  customers_id int(11) not null auto_increment,
  customers_gender char(1) not null ,
  customers_firstname varchar(32) not null ,
  customers_lastname varchar(32) not null ,
  customers_dob datetime default '0000-00-00 00:00:00' not null ,
  customers_email_address varchar(96) not null ,
  customers_default_address_id int(11) default '0' not null ,
  customers_telephone varchar(32) not null ,
  customers_fax varchar(32) ,
  customers_password varchar(40) not null ,
  customers_newsletter char(1) ,
  PRIMARY KEY (customers_id)
);

insert into customers (customers_id, customers_gender, customers_firstname, customers_lastname, customers_dob, customers_email_address, customers_default_address_id, customers_telephone, customers_fax, customers_password, customers_newsletter) values ('1', 'm', 'John', 'doe', '2001-01-01 00:00:00', 'root@localhost', '1', '12345', '', 'd95e8fa7f20a009372eb3477473fcd34:1c', '0');
insert into customers (customers_id, customers_gender, customers_firstname, customers_lastname, customers_dob, customers_email_address, customers_default_address_id, customers_telephone, customers_fax, customers_password, customers_newsletter) values ('2', 'm', 'KEVIN', 'SPECK', '1967-04-01 00:00:00', 'RACERX086@SBCGLOBAL.NET', '2', '972-935-3733', '', '66586360ffb38ea78f534665d2daf63d:4b', '1');
insert into customers (customers_id, customers_gender, customers_firstname, customers_lastname, customers_dob, customers_email_address, customers_default_address_id, customers_telephone, customers_fax, customers_password, customers_newsletter) values ('3', 'm', 'Mike', 'Sheridan', '1975-12-19 00:00:00', 'mikesheridan5@msn.com', '3', '319-233-1044', '', 'abf67f2da09dfebeb28c5215aadd5cc0:b5', '');
insert into customers (customers_id, customers_gender, customers_firstname, customers_lastname, customers_dob, customers_email_address, customers_default_address_id, customers_telephone, customers_fax, customers_password, customers_newsletter) values ('4', 'm', 'Benjamin', 'Campana', '1984-02-14 00:00:00', 'camben66@email.pct.edu', '4', '15703233998', '', 'a577f58fff35c6b40061be299c01e83a:01', '');
insert into customers (customers_id, customers_gender, customers_firstname, customers_lastname, customers_dob, customers_email_address, customers_default_address_id, customers_telephone, customers_fax, customers_password, customers_newsletter) values ('5', 'f', 'lana', 'kirchhoff', '1955-05-06 00:00:00', 'lana5655@yahoo.com', '5', '319-988-4346', '', 'e8e9b8ad4492a1caed2e77f751662243:a1', '');
insert into customers (customers_id, customers_gender, customers_firstname, customers_lastname, customers_dob, customers_email_address, customers_default_address_id, customers_telephone, customers_fax, customers_password, customers_newsletter) values ('6', 'm', 'Michael', 'Sheridan', '1975-12-19 00:00:00', 'mikes@ecreativegroup.com', '7', '319-961-2379', '', '87629c23ae9721162eeb1ad9875eb1bd:45', '');
insert into customers (customers_id, customers_gender, customers_firstname, customers_lastname, customers_dob, customers_email_address, customers_default_address_id, customers_telephone, customers_fax, customers_password, customers_newsletter) values ('7', 'm', 'Brian', 'McNeely', '1969-03-01 00:00:00', 'bmcn6769@insightbb.com', '8', '765-471-8980', '', '7805525cc05fa4f84b0ba6d4df8e3a41:08', '');
insert into customers (customers_id, customers_gender, customers_firstname, customers_lastname, customers_dob, customers_email_address, customers_default_address_id, customers_telephone, customers_fax, customers_password, customers_newsletter) values ('8', 'm', 'Robert', 'Lewis', '1970-12-12 00:00:00', 'Robert@copperplus.net', '10', '864-505-8357', '864-7520981', '9f8592d7bf3242dcc9f24b4c2642248f:c6', '1');
insert into customers (customers_id, customers_gender, customers_firstname, customers_lastname, customers_dob, customers_email_address, customers_default_address_id, customers_telephone, customers_fax, customers_password, customers_newsletter) values ('9', 'm', 'Joe', 'Everett', '1978-09-15 00:00:00', 'jewls963@aol.com', '11', '724/235-9997', '', '9618fd240693549162d84f65a32dea35:4d', '1');
insert into customers (customers_id, customers_gender, customers_firstname, customers_lastname, customers_dob, customers_email_address, customers_default_address_id, customers_telephone, customers_fax, customers_password, customers_newsletter) values ('10', 'f', 'Lissa', 'Uselton', '1964-11-14 00:00:00', 'girlracin29@racintheacres.com', '12', '707-269-0574', '', '50fa04d57ff8b71a99487d95a4bebb18:1e', '');
insert into customers (customers_id, customers_gender, customers_firstname, customers_lastname, customers_dob, customers_email_address, customers_default_address_id, customers_telephone, customers_fax, customers_password, customers_newsletter) values ('11', 'f', 'keri', 'morris', '1982-07-02 00:00:00', 'KERI_MORRIS10@HOTMAIL.COM', '13', '2564949766', '2565466298', '8b0206e1b5030f1fbb63847f6f63954d:1d', '');
insert into customers (customers_id, customers_gender, customers_firstname, customers_lastname, customers_dob, customers_email_address, customers_default_address_id, customers_telephone, customers_fax, customers_password, customers_newsletter) values ('12', 'm', 'tom', 'pierce', '1976-06-10 00:00:00', 'dodgemantjp@aol.com', '14', '518 858-9097', '', '29532d1c92bfa34d5bd78ece6dda0e6e:a3', '');
insert into customers (customers_id, customers_gender, customers_firstname, customers_lastname, customers_dob, customers_email_address, customers_default_address_id, customers_telephone, customers_fax, customers_password, customers_newsletter) values ('13', 'm', 'Mark', 'Barnes', '1962-04-09 00:00:00', 'mfbarnes@eastex.net', '16', '936-520-7829', '936-653-5887', 'de3086037d7da3334326e834710e23d6:d8', '');
insert into customers (customers_id, customers_gender, customers_firstname, customers_lastname, customers_dob, customers_email_address, customers_default_address_id, customers_telephone, customers_fax, customers_password, customers_newsletter) values ('14', 'm', 'Jeremy', 'Schaufenbuel', '1983-03-24 00:00:00', 'JSchauf01@hotmail.com', '18', '6413305683', '', '4f57bbe59c56e4102bf337de58de9d21:fe', '1');
insert into customers (customers_id, customers_gender, customers_firstname, customers_lastname, customers_dob, customers_email_address, customers_default_address_id, customers_telephone, customers_fax, customers_password, customers_newsletter) values ('15', 'm', 'Davey', 'pullen', '1977-11-17 00:00:00', 'fastimzracing@yahoo.com', '19', '804-241-4064', '', 'd8842301faf510ba1a70c19ab431afb3:38', '');
insert into customers (customers_id, customers_gender, customers_firstname, customers_lastname, customers_dob, customers_email_address, customers_default_address_id, customers_telephone, customers_fax, customers_password, customers_newsletter) values ('16', 'm', 'Jeff', 'Lemiesz', '1963-10-04 00:00:00', 'Impactmotorsports@sbcglobal.net', '20', '920-231-8415', '', 'c509f3b89d5f1f75c51d348770ba0221:74', '1');
insert into customers (customers_id, customers_gender, customers_firstname, customers_lastname, customers_dob, customers_email_address, customers_default_address_id, customers_telephone, customers_fax, customers_password, customers_newsletter) values ('17', 'f', 'keri', 'fordham', '1982-07-02 00:00:00', 'keri_morris10@hotamil.com', '21', '2564949766', '', 'c249a4a84ad73a28902930344065a2f8:de', '');
insert into customers (customers_id, customers_gender, customers_firstname, customers_lastname, customers_dob, customers_email_address, customers_default_address_id, customers_telephone, customers_fax, customers_password, customers_newsletter) values ('18', 'm', 'Brian', 'Bednarz', '1983-02-15 00:00:00', 'IceCamaro01@aol.com', '23', '3157324384', '', '6fb98e2e46537bb097301ad69dfb9052:29', '');
insert into customers (customers_id, customers_gender, customers_firstname, customers_lastname, customers_dob, customers_email_address, customers_default_address_id, customers_telephone, customers_fax, customers_password, customers_newsletter) values ('19', 'm', 'tedd', 'dunning', '1964-11-18 00:00:00', 'hardiron350@yahoo.com', '24', '419-335-0540', '', '931c85dbc548baa7f244e042f5d10633:43', '1');
insert into customers (customers_id, customers_gender, customers_firstname, customers_lastname, customers_dob, customers_email_address, customers_default_address_id, customers_telephone, customers_fax, customers_password, customers_newsletter) values ('20', 'm', 'cody', 'armstrong', '1981-09-03 00:00:00', 'codeman154@hotmail.com', '25', '1-701-351-4503', '', 'd937253a239a09cd9b39a965ba029b2c:8f', '');
insert into customers (customers_id, customers_gender, customers_firstname, customers_lastname, customers_dob, customers_email_address, customers_default_address_id, customers_telephone, customers_fax, customers_password, customers_newsletter) values ('21', 'm', 'Earl', 'Jones, Jr', '1957-08-11 00:00:00', 'jbeau_62_99@yahoo.com', '26', '218-679-2570', '218-679-2663', '5e65d615e981be36ad59d40724f0a2f7:f9', '1');
insert into customers (customers_id, customers_gender, customers_firstname, customers_lastname, customers_dob, customers_email_address, customers_default_address_id, customers_telephone, customers_fax, customers_password, customers_newsletter) values ('22', 'm', 'John', 'Jarrel', '1974-10-08 00:00:00', 'jjjr74@cox.net', '27', '8062827312', '', '5c4356f6b85620de4521d7123773151b:c0', '');
insert into customers (customers_id, customers_gender, customers_firstname, customers_lastname, customers_dob, customers_email_address, customers_default_address_id, customers_telephone, customers_fax, customers_password, customers_newsletter) values ('23', 'm', 'ken', 'neitzel', '1958-04-15 00:00:00', 'kneitzel7280@msn.com', '28', '308-534-7280', '', '571b152ad3bc46f9f3a5762aa81041e2:db', '');
insert into customers (customers_id, customers_gender, customers_firstname, customers_lastname, customers_dob, customers_email_address, customers_default_address_id, customers_telephone, customers_fax, customers_password, customers_newsletter) values ('24', 'm', 'Tim', 'Rupp', '1985-03-29 00:00:00', 'turbotim33@hotmail.com', '29', '712-229-8865', '', '47c54784db063deacac2ff271cbbad3d:b6', '');
insert into customers (customers_id, customers_gender, customers_firstname, customers_lastname, customers_dob, customers_email_address, customers_default_address_id, customers_telephone, customers_fax, customers_password, customers_newsletter) values ('25', 'm', 'Jay', 'Nakamura', '1981-10-22 00:00:00', 'nakamura1336@hotmail.com', '30', '8088775616', '', '700c62ca450241ed1260c03ac4c78e0c:67', '');
insert into customers (customers_id, customers_gender, customers_firstname, customers_lastname, customers_dob, customers_email_address, customers_default_address_id, customers_telephone, customers_fax, customers_password, customers_newsletter) values ('26', 'f', 'Lisa', 'New', '1964-05-25 00:00:00', 'lonew@net-power.net', '31', '606-348-9415', '', '5dd5b543527fc9fe3843281f0db9e5b1:28', '');
insert into customers (customers_id, customers_gender, customers_firstname, customers_lastname, customers_dob, customers_email_address, customers_default_address_id, customers_telephone, customers_fax, customers_password, customers_newsletter) values ('27', 'f', 'Mary Ann', 'Head', '1961-04-21 00:00:00', 'manmhead@peoplepc.com', '32', '304-754-7499', '', '1e388b32eedb720c9ec6d3e2181d1d43:02', '');
insert into customers (customers_id, customers_gender, customers_firstname, customers_lastname, customers_dob, customers_email_address, customers_default_address_id, customers_telephone, customers_fax, customers_password, customers_newsletter) values ('28', 'm', 'Michael', 'Baggett', '1973-03-05 00:00:00', 'mistybaggett@cox.net', '33', '214-926-7515', '', '7d5a27a3da82f752d46a1504f569616e:f8', '1');
insert into customers (customers_id, customers_gender, customers_firstname, customers_lastname, customers_dob, customers_email_address, customers_default_address_id, customers_telephone, customers_fax, customers_password, customers_newsletter) values ('29', 'm', 'matias', 'navarro', '1961-04-09 00:00:00', 'rfdesignerboy@hotmail.com', '34', '520-291-9762', '', '71f6c74978a2a0f6c74b22972174802d:40', '');
insert into customers (customers_id, customers_gender, customers_firstname, customers_lastname, customers_dob, customers_email_address, customers_default_address_id, customers_telephone, customers_fax, customers_password, customers_newsletter) values ('30', 'f', 'Karisha', 'Wheeler', '1979-04-27 00:00:00', 'karishawheeler@yahoo.com', '35', '512-507-3955', '', '508caaae31ddd314ba9411cb63a25143:b0', '');
insert into customers (customers_id, customers_gender, customers_firstname, customers_lastname, customers_dob, customers_email_address, customers_default_address_id, customers_telephone, customers_fax, customers_password, customers_newsletter) values ('31', 'm', 'Clark', 'Garletts', '1961-11-28 00:00:00', 'midasman@netdoor.com', '37', '601-939-3500', '', 'd13ad647e3e5a8adc586bc0f99dcc5eb:a0', '');
insert into customers (customers_id, customers_gender, customers_firstname, customers_lastname, customers_dob, customers_email_address, customers_default_address_id, customers_telephone, customers_fax, customers_password, customers_newsletter) values ('32', 'm', 'RODGER', 'DECK', '1950-01-14 00:00:00', 'rodgerdeck@yahoo.com', '39', '765 361 9310', '', '55d268b0a9984eb76edcb6f4576a474d:6b', '');
insert into customers (customers_id, customers_gender, customers_firstname, customers_lastname, customers_dob, customers_email_address, customers_default_address_id, customers_telephone, customers_fax, customers_password, customers_newsletter) values ('33', 'm', 'michael', 'huff', '1977-03-03 00:00:00', 'khuff@charter.net', '40', '7066678184', '', '8963f20e4a7cd434d8e518889f12d4ca:66', '');
insert into customers (customers_id, customers_gender, customers_firstname, customers_lastname, customers_dob, customers_email_address, customers_default_address_id, customers_telephone, customers_fax, customers_password, customers_newsletter) values ('34', 'm', 'Justin', 'Remus', '1983-01-23 00:00:00', 'jremus@hotmail.com', '42', '507-220-5577', '', '0bf6649bfd4e287c05a45bdc5d8912e5:b4', '1');
insert into customers (customers_id, customers_gender, customers_firstname, customers_lastname, customers_dob, customers_email_address, customers_default_address_id, customers_telephone, customers_fax, customers_password, customers_newsletter) values ('35', 'm', 'John R', 'Busch', '1945-03-09 00:00:00', 'tonerrat@aol.com', '43', '303-886-5249', '', '66743b21bf9c67605125ff786e1d33d0:9a', '1');
insert into customers (customers_id, customers_gender, customers_firstname, customers_lastname, customers_dob, customers_email_address, customers_default_address_id, customers_telephone, customers_fax, customers_password, customers_newsletter) values ('36', 'm', 'Ron', 'Benway', '1947-12-03 00:00:00', 'benway@cox.net', '44', '850-6540009', '', '6135156520f37c2d4978eeec58aac0fa:23', '');
insert into customers (customers_id, customers_gender, customers_firstname, customers_lastname, customers_dob, customers_email_address, customers_default_address_id, customers_telephone, customers_fax, customers_password, customers_newsletter) values ('37', 'm', 'keith', 'stamp', '1960-07-13 00:00:00', 'pomofo66forever@aol.com', '45', '239-6564077', '', '86cbe7fa08ddbdcded48f9fdadbe8afc:e0', '');
insert into customers (customers_id, customers_gender, customers_firstname, customers_lastname, customers_dob, customers_email_address, customers_default_address_id, customers_telephone, customers_fax, customers_password, customers_newsletter) values ('38', 'm', 'David', 'Housman', '1959-03-20 00:00:00', 'ddhousman@hotmail.com', '46', '314.409.5565', '', '0e5b62748370579e89880b331b16beb5:c7', '');
insert into customers (customers_id, customers_gender, customers_firstname, customers_lastname, customers_dob, customers_email_address, customers_default_address_id, customers_telephone, customers_fax, customers_password, customers_newsletter) values ('39', 'm', 'Seth', 'Milam', '1981-11-08 00:00:00', 'bcgrrw@yahoo.com', '47', '719-596-1608', '', 'b96e07e182fbb4ff1b97f060d8122ccb:66', '');
insert into customers (customers_id, customers_gender, customers_firstname, customers_lastname, customers_dob, customers_email_address, customers_default_address_id, customers_telephone, customers_fax, customers_password, customers_newsletter) values ('40', 'm', 'paul', 'guthrie', '1973-08-10 00:00:00', 'johndeere210@msn.com', '48', '8048439155', '', 'cd5ae707ac9c3dda7f095f91c7f97d14:a6', '');
insert into customers (customers_id, customers_gender, customers_firstname, customers_lastname, customers_dob, customers_email_address, customers_default_address_id, customers_telephone, customers_fax, customers_password, customers_newsletter) values ('41', 'm', 'Edward', 'Young', '1945-12-06 00:00:00', 'nushi@charter.net', '49', '541-776-9919', '', '7192921fe65339db852cd32e5870fa52:92', '');
insert into customers (customers_id, customers_gender, customers_firstname, customers_lastname, customers_dob, customers_email_address, customers_default_address_id, customers_telephone, customers_fax, customers_password, customers_newsletter) values ('42', 'm', 'shaun', 'witt', '1976-08-14 00:00:00', 'switt@superiorems.com', '50', '607-334-8507', '', 'dfb3d1ef921e0d18ef69d6a6d85d4182:6c', '');
insert into customers (customers_id, customers_gender, customers_firstname, customers_lastname, customers_dob, customers_email_address, customers_default_address_id, customers_telephone, customers_fax, customers_password, customers_newsletter) values ('43', 'm', 'Christopher', 'Kilkus', '1971-03-31 00:00:00', 'ckilkus@yahoo.com', '51', '310 862 4349', '', '22d8d399ccd5f0db902dce89f413a3b1:0d', '');
insert into customers (customers_id, customers_gender, customers_firstname, customers_lastname, customers_dob, customers_email_address, customers_default_address_id, customers_telephone, customers_fax, customers_password, customers_newsletter) values ('44', 'm', 'Rick', 'Brown', '1957-07-03 00:00:00', 'hdcruzer@sbcglobal.net', '52', '925-439-8987', '', '88eed8dd1c4c7022d6d6eb5bbbd3c12c:2a', '');
insert into customers (customers_id, customers_gender, customers_firstname, customers_lastname, customers_dob, customers_email_address, customers_default_address_id, customers_telephone, customers_fax, customers_password, customers_newsletter) values ('45', 'f', 'Stephanie', 'Lloyd', '1976-05-01 00:00:00', 'slloyd1976@hotmail.com', '53', '5132769229', '5132418873', 'aba649b5db45f3014ad3cac538078396:ee', '');
insert into customers (customers_id, customers_gender, customers_firstname, customers_lastname, customers_dob, customers_email_address, customers_default_address_id, customers_telephone, customers_fax, customers_password, customers_newsletter) values ('46', 'f', 'Tara', 'Thatcher', '1976-01-27 00:00:00', 'cobra621@yahoo.com', '54', '7406850725', '', '0dd87bfd5e097098b8ac775fa10a0936:ff', '');
insert into customers (customers_id, customers_gender, customers_firstname, customers_lastname, customers_dob, customers_email_address, customers_default_address_id, customers_telephone, customers_fax, customers_password, customers_newsletter) values ('47', 'f', 'Denise', 'Brown', '1969-10-02 00:00:00', 'dsbrown@megalink.net', '55', '207-743-2832', '', '82b6d58c02be6b43ad231804e5cf8194:24', '');
insert into customers (customers_id, customers_gender, customers_firstname, customers_lastname, customers_dob, customers_email_address, customers_default_address_id, customers_telephone, customers_fax, customers_password, customers_newsletter) values ('48', 'm', 'Doug', 'Coffield', '1961-03-13 00:00:00', 'dcoffield1@comcast.net', '57', '810 240-7194', '', '4e268fd9688db62013b05e9626daf6cb:75', '1');
insert into customers (customers_id, customers_gender, customers_firstname, customers_lastname, customers_dob, customers_email_address, customers_default_address_id, customers_telephone, customers_fax, customers_password, customers_newsletter) values ('49', 'm', 'chad', 'gentz', '1974-02-22 00:00:00', 'coolhot15@aol.com', '58', '6415673945', '', '16c3c35be45b95709536a9b528a8a640:c4', '1');
insert into customers (customers_id, customers_gender, customers_firstname, customers_lastname, customers_dob, customers_email_address, customers_default_address_id, customers_telephone, customers_fax, customers_password, customers_newsletter) values ('50', 'm', 'john', 'wheat', '1968-03-24 00:00:00', 'jwheat@ipsadvantage.com', '59', '956-369-5346', '956-383-0431', 'c309936cdb768d25263d398f691790bd:64', '1');
insert into customers (customers_id, customers_gender, customers_firstname, customers_lastname, customers_dob, customers_email_address, customers_default_address_id, customers_telephone, customers_fax, customers_password, customers_newsletter) values ('51', 'm', 'JON', 'MICKELSON', '1963-02-07 00:00:00', 'CHANEY@LAKESNET.NET', '60', '218 847 4252', '', '9325bd3aeecd239b8b201d4413d0825e:d0', '');
insert into customers (customers_id, customers_gender, customers_firstname, customers_lastname, customers_dob, customers_email_address, customers_default_address_id, customers_telephone, customers_fax, customers_password, customers_newsletter) values ('52', 'f', 'Heather', 'Anderson', '1982-02-18 00:00:00', 'uncbabe20@hotmail.com', '61', '828-389-4315', '', '84d902b3dad1dfc1f00aef1b3fa1039d:25', '');
insert into customers (customers_id, customers_gender, customers_firstname, customers_lastname, customers_dob, customers_email_address, customers_default_address_id, customers_telephone, customers_fax, customers_password, customers_newsletter) values ('53', 'm', 'Ismael', 'Sanchez', '1965-04-11 00:00:00', 'izzy@renntech.org', '62', '704-849-7937', '', 'dd2ded2b68fbf6ffcd013b72edc9d5ee:5c', '');
insert into customers (customers_id, customers_gender, customers_firstname, customers_lastname, customers_dob, customers_email_address, customers_default_address_id, customers_telephone, customers_fax, customers_password, customers_newsletter) values ('54', 'm', 'William', 'Odom', '1956-10-08 00:00:00', 'jetman@frontiernet.net', '63', '251 267-2330', '', 'b602c3948481dfcd60550b0cc3c42770:7f', '1');
insert into customers (customers_id, customers_gender, customers_firstname, customers_lastname, customers_dob, customers_email_address, customers_default_address_id, customers_telephone, customers_fax, customers_password, customers_newsletter) values ('55', 'm', 'Peter', 'Swanson', '1967-10-14 00:00:00', 'peterswanson@cox.net', '65', '860-371-0230', '', 'f01cc56e5dc9e8543f1d99eff4b2078a:7b', '1');
insert into customers (customers_id, customers_gender, customers_firstname, customers_lastname, customers_dob, customers_email_address, customers_default_address_id, customers_telephone, customers_fax, customers_password, customers_newsletter) values ('56', 'f', 'Taren', 'Billingsley', '1983-01-20 00:00:00', 'taren_bill@hotmail.com', '66', '740-778-4014', '', '00370dfd4b943f4c33f32a39ebcabe4c:8b', '');
insert into customers (customers_id, customers_gender, customers_firstname, customers_lastname, customers_dob, customers_email_address, customers_default_address_id, customers_telephone, customers_fax, customers_password, customers_newsletter) values ('57', 'm', 'Jim', 'Kollath', '1979-07-15 00:00:00', 'budsfordmaverick@qtm.net', '67', '269-208-4476', '', '0b955bbf2788e86d778db56d93dc9097:61', '1');
insert into customers (customers_id, customers_gender, customers_firstname, customers_lastname, customers_dob, customers_email_address, customers_default_address_id, customers_telephone, customers_fax, customers_password, customers_newsletter) values ('58', 'f', 'Jan', 'Howard', '1985-01-17 00:00:00', 'ladibugg07@yahoo.com', '68', '770-712-2964', '', 'a90a988d1e7aa5866fe07ca7a1ac3619:3a', '');
insert into customers (customers_id, customers_gender, customers_firstname, customers_lastname, customers_dob, customers_email_address, customers_default_address_id, customers_telephone, customers_fax, customers_password, customers_newsletter) values ('59', 'f', 'DONNA', 'BIDWELL', '1960-05-19 00:00:00', 'dbidwell@verizon.net', '69', '814-225-3704', '', 'e7bbc5b05058488417eabedc97272990:68', '');
insert into customers (customers_id, customers_gender, customers_firstname, customers_lastname, customers_dob, customers_email_address, customers_default_address_id, customers_telephone, customers_fax, customers_password, customers_newsletter) values ('60', 'm', 'Garvey', 'Pennington', '1961-11-14 00:00:00', 'garvey22@skybest.com', '70', '336-846-3016', '', 'a4115a19ddf74f6527c3ac54b78c12a6:89', '1');
insert into customers (customers_id, customers_gender, customers_firstname, customers_lastname, customers_dob, customers_email_address, customers_default_address_id, customers_telephone, customers_fax, customers_password, customers_newsletter) values ('61', 'm', 'Ricky', 'McShane', '1967-07-04 00:00:00', 'dpdeer1@ev1.net', '73', '281-479-5334', '713-802-0801', 'c9129b6043a4bfb1c8b27d7b168ea8d9:db', '');
insert into customers (customers_id, customers_gender, customers_firstname, customers_lastname, customers_dob, customers_email_address, customers_default_address_id, customers_telephone, customers_fax, customers_password, customers_newsletter) values ('62', 'm', 'Jeff', 'Havins', '1967-06-08 00:00:00', 'jeff_h_1967@yahoo.com', '74', '940-733-2704', '', '749b3b225e09108f4469b7c63c877bc2:29', '1');
insert into customers (customers_id, customers_gender, customers_firstname, customers_lastname, customers_dob, customers_email_address, customers_default_address_id, customers_telephone, customers_fax, customers_password, customers_newsletter) values ('63', 'f', 'Erin', 'O\'Neill', '1979-12-30 00:00:00', 'erin_177@hotmail.com', '76', '662-891-3066', '', '7093cd413dfc585a85cc090ace1863a2:c9', '');
insert into customers (customers_id, customers_gender, customers_firstname, customers_lastname, customers_dob, customers_email_address, customers_default_address_id, customers_telephone, customers_fax, customers_password, customers_newsletter) values ('64', 'f', 'Deshonda', 'Hamby', '1975-11-19 00:00:00', 'htplail@yahoo.com', '79', '828-879-9918', '', '93599782d736e3d2c27581d0062f0420:63', '1');
insert into customers (customers_id, customers_gender, customers_firstname, customers_lastname, customers_dob, customers_email_address, customers_default_address_id, customers_telephone, customers_fax, customers_password, customers_newsletter) values ('65', 'f', 'Stacey', 'Farris', '1978-11-28 00:00:00', 'staceysolomon@yahoo.com', '80', '3346779419', '', '8fe9b71cdeaff2003881d4e53765b47b:03', '');
insert into customers (customers_id, customers_gender, customers_firstname, customers_lastname, customers_dob, customers_email_address, customers_default_address_id, customers_telephone, customers_fax, customers_password, customers_newsletter) values ('66', 'f', 'LESLIE', 'HESSON', '1972-07-08 00:00:00', 'lhesson@adelphia.net', '81', '8126495361', '', '59a8934f45a8a211984f9eee0f6350f4:ad', '');
insert into customers (customers_id, customers_gender, customers_firstname, customers_lastname, customers_dob, customers_email_address, customers_default_address_id, customers_telephone, customers_fax, customers_password, customers_newsletter) values ('67', 'm', 'Efrain', 'Mendoza', '1977-06-21 00:00:00', 'sniperj97@yahoo.com', '84', '530-343-1743', '530-343-1743', '11308babd42f7efed7bd8dced1c02bf1:be', '1');
insert into customers (customers_id, customers_gender, customers_firstname, customers_lastname, customers_dob, customers_email_address, customers_default_address_id, customers_telephone, customers_fax, customers_password, customers_newsletter) values ('68', 'm', 'Doug', 'Rose', '1970-04-09 00:00:00', 'dbrose@socket.net', '86', '660-285-0109', '', '4fbf98cdd59053aed0cc07f492141917:6d', '');
drop table if exists customers_basket;
create table customers_basket (
  customers_basket_id int(11) not null auto_increment,
  customers_id int(11) default '0' not null ,
  products_id tinytext not null ,
  customers_basket_quantity int(2) default '0' not null ,
  final_price decimal(15,4) default '0.0000' not null ,
  customers_basket_date_added varchar(8) ,
  PRIMARY KEY (customers_basket_id)
);

insert into customers_basket (customers_basket_id, customers_id, products_id, customers_basket_quantity, final_price, customers_basket_date_added) values ('62', '8', '277', '1', '0.0000', '20050407');
insert into customers_basket (customers_basket_id, customers_id, products_id, customers_basket_quantity, final_price, customers_basket_date_added) values ('58', '12', '87{3}11', '1', '0.0000', '20050331');
insert into customers_basket (customers_basket_id, customers_id, products_id, customers_basket_quantity, final_price, customers_basket_date_added) values ('56', '11', '320{1}2{19}8{20}8', '1', '0.0000', '20050328');
insert into customers_basket (customers_basket_id, customers_id, products_id, customers_basket_quantity, final_price, customers_basket_date_added) values ('57', '12', '22{3}11', '1', '0.0000', '20050331');
insert into customers_basket (customers_basket_id, customers_id, products_id, customers_basket_quantity, final_price, customers_basket_date_added) values ('45', '6', '376', '1', '0.0000', '20050318');
insert into customers_basket (customers_basket_id, customers_id, products_id, customers_basket_quantity, final_price, customers_basket_date_added) values ('38', '7', '7', '1', '0.0000', '20050317');
insert into customers_basket (customers_basket_id, customers_id, products_id, customers_basket_quantity, final_price, customers_basket_date_added) values ('46', '6', '370', '1', '0.0000', '20050318');
insert into customers_basket (customers_basket_id, customers_id, products_id, customers_basket_quantity, final_price, customers_basket_date_added) values ('33', '2', '18', '2', '0.0000', '20050315');
insert into customers_basket (customers_basket_id, customers_id, products_id, customers_basket_quantity, final_price, customers_basket_date_added) values ('61', '8', '240', '1', '0.0000', '20050407');
insert into customers_basket (customers_basket_id, customers_id, products_id, customers_basket_quantity, final_price, customers_basket_date_added) values ('34', '2', '17', '2', '0.0000', '20050315');
insert into customers_basket (customers_basket_id, customers_id, products_id, customers_basket_quantity, final_price, customers_basket_date_added) values ('63', '8', '37', '1', '0.0000', '20050407');
insert into customers_basket (customers_basket_id, customers_id, products_id, customers_basket_quantity, final_price, customers_basket_date_added) values ('64', '8', '286', '1', '0.0000', '20050407');
insert into customers_basket (customers_basket_id, customers_id, products_id, customers_basket_quantity, final_price, customers_basket_date_added) values ('65', '8', '315', '1', '0.0000', '20050407');
insert into customers_basket (customers_basket_id, customers_id, products_id, customers_basket_quantity, final_price, customers_basket_date_added) values ('68', '15', '41{2}5', '1', '0.0000', '20050411');
insert into customers_basket (customers_basket_id, customers_id, products_id, customers_basket_quantity, final_price, customers_basket_date_added) values ('119', '43', '393', '1', '0.0000', '20050827');
insert into customers_basket (customers_basket_id, customers_id, products_id, customers_basket_quantity, final_price, customers_basket_date_added) values ('87', '25', '222', '1', '0.0000', '20050519');
insert into customers_basket (customers_basket_id, customers_id, products_id, customers_basket_quantity, final_price, customers_basket_date_added) values ('79', '22', '320{1}2{19}5{20}5', '1', '0.0000', '20050505');
insert into customers_basket (customers_basket_id, customers_id, products_id, customers_basket_quantity, final_price, customers_basket_date_added) values ('82', '22', '44{2}19', '1', '0.0000', '20050505');
insert into customers_basket (customers_basket_id, customers_id, products_id, customers_basket_quantity, final_price, customers_basket_date_added) values ('118', '42', '95{3}10', '1', '0.0000', '20050824');
insert into customers_basket (customers_basket_id, customers_id, products_id, customers_basket_quantity, final_price, customers_basket_date_added) values ('97', '32', '320{1}1{19}9{20}9', '1', '0.0000', '20050531');
insert into customers_basket (customers_basket_id, customers_id, products_id, customers_basket_quantity, final_price, customers_basket_date_added) values ('117', '42', '27{3}11', '1', '0.0000', '20050824');
insert into customers_basket (customers_basket_id, customers_id, products_id, customers_basket_quantity, final_price, customers_basket_date_added) values ('108', '39', '222', '1', '0.0000', '20050804');
insert into customers_basket (customers_basket_id, customers_id, products_id, customers_basket_quantity, final_price, customers_basket_date_added) values ('116', '42', '101', '1', '0.0000', '20050824');
insert into customers_basket (customers_basket_id, customers_id, products_id, customers_basket_quantity, final_price, customers_basket_date_added) values ('133', '49', '474', '1', '0.0000', '20051015');
insert into customers_basket (customers_basket_id, customers_id, products_id, customers_basket_quantity, final_price, customers_basket_date_added) values ('175', '67', '320{1}2{19}8{20}8', '1', '0.0000', '20051219');
insert into customers_basket (customers_basket_id, customers_id, products_id, customers_basket_quantity, final_price, customers_basket_date_added) values ('129', '46', '222', '1', '0.0000', '20051001');
insert into customers_basket (customers_basket_id, customers_id, products_id, customers_basket_quantity, final_price, customers_basket_date_added) values ('128', '45', '151', '1', '0.0000', '20050927');
insert into customers_basket (customers_basket_id, customers_id, products_id, customers_basket_quantity, final_price, customers_basket_date_added) values ('142', '53', '320{1}2{19}8{20}6', '1', '0.0000', '20051109');
insert into customers_basket (customers_basket_id, customers_id, products_id, customers_basket_quantity, final_price, customers_basket_date_added) values ('172', '65', '320{1}3{19}6{20}6', '2', '0.0000', '20051212');
insert into customers_basket (customers_basket_id, customers_id, products_id, customers_basket_quantity, final_price, customers_basket_date_added) values ('156', '57', '493{26}31{25}144', '1', '0.0000', '20051129');
drop table if exists customers_basket_attributes;
create table customers_basket_attributes (
  customers_basket_attributes_id int(11) not null auto_increment,
  customers_id int(11) default '0' not null ,
  products_id tinytext not null ,
  products_options_id int(11) default '0' not null ,
  products_options_value_id int(11) default '0' not null ,
  PRIMARY KEY (customers_basket_attributes_id)
);

insert into customers_basket_attributes (customers_basket_attributes_id, customers_id, products_id, products_options_id, products_options_value_id) values ('31', '12', '22{3}11', '3', '11');
insert into customers_basket_attributes (customers_basket_attributes_id, customers_id, products_id, products_options_id, products_options_value_id) values ('30', '11', '320{1}2{19}8{20}8', '20', '8');
insert into customers_basket_attributes (customers_basket_attributes_id, customers_id, products_id, products_options_id, products_options_value_id) values ('29', '11', '320{1}2{19}8{20}8', '19', '8');
insert into customers_basket_attributes (customers_basket_attributes_id, customers_id, products_id, products_options_id, products_options_value_id) values ('28', '11', '320{1}2{19}8{20}8', '1', '2');
insert into customers_basket_attributes (customers_basket_attributes_id, customers_id, products_id, products_options_id, products_options_value_id) values ('32', '12', '87{3}11', '3', '11');
insert into customers_basket_attributes (customers_basket_attributes_id, customers_id, products_id, products_options_id, products_options_value_id) values ('54', '22', '320{1}2{19}5{20}5', '20', '5');
insert into customers_basket_attributes (customers_basket_attributes_id, customers_id, products_id, products_options_id, products_options_value_id) values ('36', '15', '41{2}5', '2', '5');
insert into customers_basket_attributes (customers_basket_attributes_id, customers_id, products_id, products_options_id, products_options_value_id) values ('73', '32', '320{1}1{19}9{20}9', '19', '9');
insert into customers_basket_attributes (customers_basket_attributes_id, customers_id, products_id, products_options_id, products_options_value_id) values ('52', '22', '320{1}2{19}5{20}5', '1', '2');
insert into customers_basket_attributes (customers_basket_attributes_id, customers_id, products_id, products_options_id, products_options_value_id) values ('53', '22', '320{1}2{19}5{20}5', '19', '5');
insert into customers_basket_attributes (customers_basket_attributes_id, customers_id, products_id, products_options_id, products_options_value_id) values ('74', '32', '320{1}1{19}9{20}9', '20', '9');
insert into customers_basket_attributes (customers_basket_attributes_id, customers_id, products_id, products_options_id, products_options_value_id) values ('58', '22', '44{2}19', '2', '19');
insert into customers_basket_attributes (customers_basket_attributes_id, customers_id, products_id, products_options_id, products_options_value_id) values ('72', '32', '320{1}1{19}9{20}9', '1', '1');
insert into customers_basket_attributes (customers_basket_attributes_id, customers_id, products_id, products_options_id, products_options_value_id) values ('79', '42', '95{3}10', '3', '10');
insert into customers_basket_attributes (customers_basket_attributes_id, customers_id, products_id, products_options_id, products_options_value_id) values ('78', '42', '27{3}11', '3', '11');
insert into customers_basket_attributes (customers_basket_attributes_id, customers_id, products_id, products_options_id, products_options_value_id) values ('89', '53', '320{1}2{19}8{20}6', '19', '8');
insert into customers_basket_attributes (customers_basket_attributes_id, customers_id, products_id, products_options_id, products_options_value_id) values ('88', '53', '320{1}2{19}8{20}6', '1', '2');
insert into customers_basket_attributes (customers_basket_attributes_id, customers_id, products_id, products_options_id, products_options_value_id) values ('90', '53', '320{1}2{19}8{20}6', '20', '6');
insert into customers_basket_attributes (customers_basket_attributes_id, customers_id, products_id, products_options_id, products_options_value_id) values ('102', '57', '493{26}31{25}144', '25', '144');
insert into customers_basket_attributes (customers_basket_attributes_id, customers_id, products_id, products_options_id, products_options_value_id) values ('101', '57', '493{26}31{25}144', '26', '31');
insert into customers_basket_attributes (customers_basket_attributes_id, customers_id, products_id, products_options_id, products_options_value_id) values ('133', '67', '320{1}2{19}8{20}8', '19', '8');
insert into customers_basket_attributes (customers_basket_attributes_id, customers_id, products_id, products_options_id, products_options_value_id) values ('127', '65', '320{1}3{19}6{20}6', '20', '6');
insert into customers_basket_attributes (customers_basket_attributes_id, customers_id, products_id, products_options_id, products_options_value_id) values ('126', '65', '320{1}3{19}6{20}6', '19', '6');
insert into customers_basket_attributes (customers_basket_attributes_id, customers_id, products_id, products_options_id, products_options_value_id) values ('125', '65', '320{1}3{19}6{20}6', '1', '3');
insert into customers_basket_attributes (customers_basket_attributes_id, customers_id, products_id, products_options_id, products_options_value_id) values ('132', '67', '320{1}2{19}8{20}8', '1', '2');
insert into customers_basket_attributes (customers_basket_attributes_id, customers_id, products_id, products_options_id, products_options_value_id) values ('134', '67', '320{1}2{19}8{20}8', '20', '8');
drop table if exists customers_info;
create table customers_info (
  customers_info_id int(11) default '0' not null ,
  customers_info_date_of_last_logon datetime ,
  customers_info_number_of_logons int(5) ,
  customers_info_date_account_created datetime ,
  customers_info_date_account_last_modified datetime ,
  global_product_notifications int(1) default '0' ,
  PRIMARY KEY (customers_info_id)
);

insert into customers_info (customers_info_id, customers_info_date_of_last_logon, customers_info_number_of_logons, customers_info_date_account_created, customers_info_date_account_last_modified, global_product_notifications) values ('1', '0000-00-00 00:00:00', '0', '2005-01-27 17:14:43', '0000-00-00 00:00:00', '0');
insert into customers_info (customers_info_id, customers_info_date_of_last_logon, customers_info_number_of_logons, customers_info_date_account_created, customers_info_date_account_last_modified, global_product_notifications) values ('2', '2005-03-15 17:01:53', '2', '2005-02-12 13:39:31', NULL, '0');
insert into customers_info (customers_info_id, customers_info_date_of_last_logon, customers_info_number_of_logons, customers_info_date_account_created, customers_info_date_account_last_modified, global_product_notifications) values ('3', '2005-12-21 19:24:13', '2', '2005-02-21 18:00:18', NULL, '0');
insert into customers_info (customers_info_id, customers_info_date_of_last_logon, customers_info_number_of_logons, customers_info_date_account_created, customers_info_date_account_last_modified, global_product_notifications) values ('4', NULL, '0', '2005-03-02 13:21:51', NULL, '0');
insert into customers_info (customers_info_id, customers_info_date_of_last_logon, customers_info_number_of_logons, customers_info_date_account_created, customers_info_date_account_last_modified, global_product_notifications) values ('5', '2005-12-08 19:19:45', '24', '2005-03-02 19:48:42', NULL, '0');
insert into customers_info (customers_info_id, customers_info_date_of_last_logon, customers_info_number_of_logons, customers_info_date_account_created, customers_info_date_account_last_modified, global_product_notifications) values ('6', '2005-03-18 08:10:43', '10', '2005-03-16 15:31:18', NULL, '0');
insert into customers_info (customers_info_id, customers_info_date_of_last_logon, customers_info_number_of_logons, customers_info_date_account_created, customers_info_date_account_last_modified, global_product_notifications) values ('7', NULL, '0', '2005-03-17 14:28:13', NULL, '0');
insert into customers_info (customers_info_id, customers_info_date_of_last_logon, customers_info_number_of_logons, customers_info_date_account_created, customers_info_date_account_last_modified, global_product_notifications) values ('8', '2005-04-07 19:04:32', '3', '2005-03-21 20:52:39', NULL, '0');
insert into customers_info (customers_info_id, customers_info_date_of_last_logon, customers_info_number_of_logons, customers_info_date_account_created, customers_info_date_account_last_modified, global_product_notifications) values ('9', NULL, '0', '2005-03-23 14:50:28', NULL, '0');
insert into customers_info (customers_info_id, customers_info_date_of_last_logon, customers_info_number_of_logons, customers_info_date_account_created, customers_info_date_account_last_modified, global_product_notifications) values ('10', NULL, '0', '2005-03-26 07:08:59', NULL, '0');
insert into customers_info (customers_info_id, customers_info_date_of_last_logon, customers_info_number_of_logons, customers_info_date_account_created, customers_info_date_account_last_modified, global_product_notifications) values ('11', NULL, '0', '2005-03-28 13:44:51', NULL, '0');
insert into customers_info (customers_info_id, customers_info_date_of_last_logon, customers_info_number_of_logons, customers_info_date_account_created, customers_info_date_account_last_modified, global_product_notifications) values ('12', NULL, '0', '2005-03-31 09:07:25', NULL, '0');
insert into customers_info (customers_info_id, customers_info_date_of_last_logon, customers_info_number_of_logons, customers_info_date_account_created, customers_info_date_account_last_modified, global_product_notifications) values ('13', NULL, '0', '2005-04-04 18:14:37', NULL, '0');
insert into customers_info (customers_info_id, customers_info_date_of_last_logon, customers_info_number_of_logons, customers_info_date_account_created, customers_info_date_account_last_modified, global_product_notifications) values ('14', NULL, '0', '2005-04-07 23:36:55', NULL, '0');
insert into customers_info (customers_info_id, customers_info_date_of_last_logon, customers_info_number_of_logons, customers_info_date_account_created, customers_info_date_account_last_modified, global_product_notifications) values ('15', NULL, '0', '2005-04-11 14:55:30', NULL, '0');
insert into customers_info (customers_info_id, customers_info_date_of_last_logon, customers_info_number_of_logons, customers_info_date_account_created, customers_info_date_account_last_modified, global_product_notifications) values ('16', '2005-04-13 10:46:47', '1', '2005-04-13 10:41:12', NULL, '0');
insert into customers_info (customers_info_id, customers_info_date_of_last_logon, customers_info_number_of_logons, customers_info_date_account_created, customers_info_date_account_last_modified, global_product_notifications) values ('17', NULL, '0', '2005-04-13 15:02:49', NULL, '0');
insert into customers_info (customers_info_id, customers_info_date_of_last_logon, customers_info_number_of_logons, customers_info_date_account_created, customers_info_date_account_last_modified, global_product_notifications) values ('18', NULL, '0', '2005-04-16 20:56:12', NULL, '0');
insert into customers_info (customers_info_id, customers_info_date_of_last_logon, customers_info_number_of_logons, customers_info_date_account_created, customers_info_date_account_last_modified, global_product_notifications) values ('19', NULL, '0', '2005-04-21 17:34:48', NULL, '0');
insert into customers_info (customers_info_id, customers_info_date_of_last_logon, customers_info_number_of_logons, customers_info_date_account_created, customers_info_date_account_last_modified, global_product_notifications) values ('20', NULL, '0', '2005-04-28 07:32:33', NULL, '0');
insert into customers_info (customers_info_id, customers_info_date_of_last_logon, customers_info_number_of_logons, customers_info_date_account_created, customers_info_date_account_last_modified, global_product_notifications) values ('21', '2005-05-03 07:26:06', '2', '2005-05-02 09:31:15', NULL, '0');
insert into customers_info (customers_info_id, customers_info_date_of_last_logon, customers_info_number_of_logons, customers_info_date_account_created, customers_info_date_account_last_modified, global_product_notifications) values ('22', NULL, '0', '2005-05-05 11:54:33', NULL, '0');
insert into customers_info (customers_info_id, customers_info_date_of_last_logon, customers_info_number_of_logons, customers_info_date_account_created, customers_info_date_account_last_modified, global_product_notifications) values ('23', NULL, '0', '2005-05-12 16:06:58', NULL, '0');
insert into customers_info (customers_info_id, customers_info_date_of_last_logon, customers_info_number_of_logons, customers_info_date_account_created, customers_info_date_account_last_modified, global_product_notifications) values ('24', NULL, '0', '2005-05-18 15:25:48', NULL, '0');
insert into customers_info (customers_info_id, customers_info_date_of_last_logon, customers_info_number_of_logons, customers_info_date_account_created, customers_info_date_account_last_modified, global_product_notifications) values ('25', NULL, '0', '2005-05-19 13:54:22', NULL, '0');
insert into customers_info (customers_info_id, customers_info_date_of_last_logon, customers_info_number_of_logons, customers_info_date_account_created, customers_info_date_account_last_modified, global_product_notifications) values ('26', NULL, '0', '2005-05-23 11:34:44', NULL, '0');
insert into customers_info (customers_info_id, customers_info_date_of_last_logon, customers_info_number_of_logons, customers_info_date_account_created, customers_info_date_account_last_modified, global_product_notifications) values ('27', NULL, '0', '2005-05-26 17:34:37', NULL, '0');
insert into customers_info (customers_info_id, customers_info_date_of_last_logon, customers_info_number_of_logons, customers_info_date_account_created, customers_info_date_account_last_modified, global_product_notifications) values ('28', '2005-06-01 06:17:53', '3', '2005-05-27 17:16:20', NULL, '0');
insert into customers_info (customers_info_id, customers_info_date_of_last_logon, customers_info_number_of_logons, customers_info_date_account_created, customers_info_date_account_last_modified, global_product_notifications) values ('29', '2005-06-10 10:28:04', '10', '2005-05-30 12:37:59', NULL, '0');
insert into customers_info (customers_info_id, customers_info_date_of_last_logon, customers_info_number_of_logons, customers_info_date_account_created, customers_info_date_account_last_modified, global_product_notifications) values ('30', NULL, '0', '2005-05-31 11:38:06', NULL, '0');
insert into customers_info (customers_info_id, customers_info_date_of_last_logon, customers_info_number_of_logons, customers_info_date_account_created, customers_info_date_account_last_modified, global_product_notifications) values ('31', NULL, '0', '2005-05-31 14:40:31', NULL, '0');
insert into customers_info (customers_info_id, customers_info_date_of_last_logon, customers_info_number_of_logons, customers_info_date_account_created, customers_info_date_account_last_modified, global_product_notifications) values ('32', '2005-06-01 05:48:58', '2', '2005-05-31 17:58:15', NULL, '0');
insert into customers_info (customers_info_id, customers_info_date_of_last_logon, customers_info_number_of_logons, customers_info_date_account_created, customers_info_date_account_last_modified, global_product_notifications) values ('33', '2005-06-03 11:52:48', '1', '2005-06-03 11:44:41', NULL, '0');
insert into customers_info (customers_info_id, customers_info_date_of_last_logon, customers_info_number_of_logons, customers_info_date_account_created, customers_info_date_account_last_modified, global_product_notifications) values ('34', NULL, '0', '2005-06-06 15:15:05', NULL, '0');
insert into customers_info (customers_info_id, customers_info_date_of_last_logon, customers_info_number_of_logons, customers_info_date_account_created, customers_info_date_account_last_modified, global_product_notifications) values ('35', NULL, '0', '2005-07-12 14:19:56', NULL, '0');
insert into customers_info (customers_info_id, customers_info_date_of_last_logon, customers_info_number_of_logons, customers_info_date_account_created, customers_info_date_account_last_modified, global_product_notifications) values ('36', '2005-07-30 17:41:56', '2', '2005-07-30 15:15:32', NULL, '0');
insert into customers_info (customers_info_id, customers_info_date_of_last_logon, customers_info_number_of_logons, customers_info_date_account_created, customers_info_date_account_last_modified, global_product_notifications) values ('37', NULL, '0', '2005-08-01 15:55:53', NULL, '0');
insert into customers_info (customers_info_id, customers_info_date_of_last_logon, customers_info_number_of_logons, customers_info_date_account_created, customers_info_date_account_last_modified, global_product_notifications) values ('38', '2005-08-02 07:52:27', '1', '2005-08-02 07:43:28', NULL, '0');
insert into customers_info (customers_info_id, customers_info_date_of_last_logon, customers_info_number_of_logons, customers_info_date_account_created, customers_info_date_account_last_modified, global_product_notifications) values ('39', NULL, '0', '2005-08-04 23:38:45', NULL, '0');
insert into customers_info (customers_info_id, customers_info_date_of_last_logon, customers_info_number_of_logons, customers_info_date_account_created, customers_info_date_account_last_modified, global_product_notifications) values ('40', NULL, '0', '2005-08-07 02:51:06', NULL, '0');
insert into customers_info (customers_info_id, customers_info_date_of_last_logon, customers_info_number_of_logons, customers_info_date_account_created, customers_info_date_account_last_modified, global_product_notifications) values ('41', NULL, '0', '2005-08-11 20:50:21', NULL, '0');
insert into customers_info (customers_info_id, customers_info_date_of_last_logon, customers_info_number_of_logons, customers_info_date_account_created, customers_info_date_account_last_modified, global_product_notifications) values ('42', NULL, '0', '2005-08-24 09:17:54', NULL, '0');
insert into customers_info (customers_info_id, customers_info_date_of_last_logon, customers_info_number_of_logons, customers_info_date_account_created, customers_info_date_account_last_modified, global_product_notifications) values ('43', NULL, '0', '2005-08-27 14:35:42', NULL, '0');
insert into customers_info (customers_info_id, customers_info_date_of_last_logon, customers_info_number_of_logons, customers_info_date_account_created, customers_info_date_account_last_modified, global_product_notifications) values ('44', '2005-10-25 17:19:33', '7', '2005-09-23 16:15:36', NULL, '0');
insert into customers_info (customers_info_id, customers_info_date_of_last_logon, customers_info_number_of_logons, customers_info_date_account_created, customers_info_date_account_last_modified, global_product_notifications) values ('45', NULL, '0', '2005-09-27 12:57:28', NULL, '0');
insert into customers_info (customers_info_id, customers_info_date_of_last_logon, customers_info_number_of_logons, customers_info_date_account_created, customers_info_date_account_last_modified, global_product_notifications) values ('46', NULL, '0', '2005-10-01 08:49:42', NULL, '0');
insert into customers_info (customers_info_id, customers_info_date_of_last_logon, customers_info_number_of_logons, customers_info_date_account_created, customers_info_date_account_last_modified, global_product_notifications) values ('47', NULL, '0', '2005-10-13 05:17:05', NULL, '0');
insert into customers_info (customers_info_id, customers_info_date_of_last_logon, customers_info_number_of_logons, customers_info_date_account_created, customers_info_date_account_last_modified, global_product_notifications) values ('48', '2005-11-04 18:56:13', '3', '2005-10-14 18:04:31', NULL, '0');
insert into customers_info (customers_info_id, customers_info_date_of_last_logon, customers_info_number_of_logons, customers_info_date_account_created, customers_info_date_account_last_modified, global_product_notifications) values ('49', NULL, '0', '2005-10-15 23:20:28', NULL, '0');
insert into customers_info (customers_info_id, customers_info_date_of_last_logon, customers_info_number_of_logons, customers_info_date_account_created, customers_info_date_account_last_modified, global_product_notifications) values ('50', NULL, '0', '2005-10-31 13:49:23', NULL, '0');
insert into customers_info (customers_info_id, customers_info_date_of_last_logon, customers_info_number_of_logons, customers_info_date_account_created, customers_info_date_account_last_modified, global_product_notifications) values ('51', NULL, '0', '2005-11-02 07:40:36', NULL, '0');
insert into customers_info (customers_info_id, customers_info_date_of_last_logon, customers_info_number_of_logons, customers_info_date_account_created, customers_info_date_account_last_modified, global_product_notifications) values ('52', NULL, '0', '2005-11-03 13:24:44', NULL, '0');
insert into customers_info (customers_info_id, customers_info_date_of_last_logon, customers_info_number_of_logons, customers_info_date_account_created, customers_info_date_account_last_modified, global_product_notifications) values ('53', NULL, '0', '2005-11-09 17:03:27', NULL, '0');
insert into customers_info (customers_info_id, customers_info_date_of_last_logon, customers_info_number_of_logons, customers_info_date_account_created, customers_info_date_account_last_modified, global_product_notifications) values ('54', NULL, '0', '2005-11-15 12:54:12', NULL, '0');
insert into customers_info (customers_info_id, customers_info_date_of_last_logon, customers_info_number_of_logons, customers_info_date_account_created, customers_info_date_account_last_modified, global_product_notifications) values ('55', NULL, '0', '2005-11-17 17:44:35', NULL, '0');
insert into customers_info (customers_info_id, customers_info_date_of_last_logon, customers_info_number_of_logons, customers_info_date_account_created, customers_info_date_account_last_modified, global_product_notifications) values ('56', NULL, '0', '2005-11-21 18:06:07', NULL, '0');
insert into customers_info (customers_info_id, customers_info_date_of_last_logon, customers_info_number_of_logons, customers_info_date_account_created, customers_info_date_account_last_modified, global_product_notifications) values ('57', '2005-12-06 11:21:32', '1', '2005-11-29 05:13:47', NULL, '0');
insert into customers_info (customers_info_id, customers_info_date_of_last_logon, customers_info_number_of_logons, customers_info_date_account_created, customers_info_date_account_last_modified, global_product_notifications) values ('58', NULL, '0', '2005-11-30 11:42:03', NULL, '0');
insert into customers_info (customers_info_id, customers_info_date_of_last_logon, customers_info_number_of_logons, customers_info_date_account_created, customers_info_date_account_last_modified, global_product_notifications) values ('59', NULL, '0', '2005-12-01 08:37:16', NULL, '0');
insert into customers_info (customers_info_id, customers_info_date_of_last_logon, customers_info_number_of_logons, customers_info_date_account_created, customers_info_date_account_last_modified, global_product_notifications) values ('60', NULL, '0', '2005-12-01 16:37:56', NULL, '0');
insert into customers_info (customers_info_id, customers_info_date_of_last_logon, customers_info_number_of_logons, customers_info_date_account_created, customers_info_date_account_last_modified, global_product_notifications) values ('61', NULL, '0', '2005-12-02 13:53:08', NULL, '0');
insert into customers_info (customers_info_id, customers_info_date_of_last_logon, customers_info_number_of_logons, customers_info_date_account_created, customers_info_date_account_last_modified, global_product_notifications) values ('62', NULL, '0', '2005-12-07 13:13:54', NULL, '0');
insert into customers_info (customers_info_id, customers_info_date_of_last_logon, customers_info_number_of_logons, customers_info_date_account_created, customers_info_date_account_last_modified, global_product_notifications) values ('63', '2005-12-08 16:46:46', '1', '2005-12-08 16:45:21', NULL, '0');
insert into customers_info (customers_info_id, customers_info_date_of_last_logon, customers_info_number_of_logons, customers_info_date_account_created, customers_info_date_account_last_modified, global_product_notifications) values ('64', NULL, '0', '2005-12-11 20:25:15', NULL, '0');
insert into customers_info (customers_info_id, customers_info_date_of_last_logon, customers_info_number_of_logons, customers_info_date_account_created, customers_info_date_account_last_modified, global_product_notifications) values ('65', NULL, '0', '2005-12-12 13:32:41', NULL, '0');
insert into customers_info (customers_info_id, customers_info_date_of_last_logon, customers_info_number_of_logons, customers_info_date_account_created, customers_info_date_account_last_modified, global_product_notifications) values ('66', NULL, '0', '2005-12-16 19:27:38', NULL, '0');
insert into customers_info (customers_info_id, customers_info_date_of_last_logon, customers_info_number_of_logons, customers_info_date_account_created, customers_info_date_account_last_modified, global_product_notifications) values ('67', NULL, '0', '2005-12-19 23:13:27', NULL, '0');
insert into customers_info (customers_info_id, customers_info_date_of_last_logon, customers_info_number_of_logons, customers_info_date_account_created, customers_info_date_account_last_modified, global_product_notifications) values ('68', '2005-12-21 15:59:03', '3', '2005-12-21 08:20:46', NULL, '0');
drop table if exists geo_zones;
create table geo_zones (
  geo_zone_id int(11) not null auto_increment,
  geo_zone_name varchar(32) not null ,
  geo_zone_description varchar(255) not null ,
  last_modified datetime ,
  date_added datetime default '0000-00-00 00:00:00' not null ,
  PRIMARY KEY (geo_zone_id)
);

insert into geo_zones (geo_zone_id, geo_zone_name, geo_zone_description, last_modified, date_added) values ('1', 'Florida', 'Florida local sales tax zone', NULL, '2005-01-27 17:14:43');
drop table if exists languages;
create table languages (
  languages_id int(11) not null auto_increment,
  name varchar(32) not null ,
  code char(2) not null ,
  image varchar(64) ,
  directory varchar(32) ,
  sort_order int(3) ,
  PRIMARY KEY (languages_id),
  KEY IDX_LANGUAGES_NAME (name)
);

insert into languages (languages_id, name, code, image, directory, sort_order) values ('1', 'English', 'en', 'icon.gif', 'english', '1');
drop table if exists manufacturers;
create table manufacturers (
  manufacturers_id int(11) not null auto_increment,
  manufacturers_name varchar(32) not null ,
  manufacturers_image varchar(64) ,
  date_added datetime ,
  last_modified datetime ,
  PRIMARY KEY (manufacturers_id),
  KEY IDX_MANUFACTURERS_NAME (manufacturers_name)
);

insert into manufacturers (manufacturers_id, manufacturers_name, manufacturers_image, date_added, last_modified) values ('1', 'Mr. Gasket', NULL, '2005-02-03 07:58:28', '2005-02-03 07:59:20');
insert into manufacturers (manufacturers_id, manufacturers_name, manufacturers_image, date_added, last_modified) values ('3', 'Fel-Pro', NULL, '2005-02-03 07:59:39', NULL);
insert into manufacturers (manufacturers_id, manufacturers_name, manufacturers_image, date_added, last_modified) values ('4', 'Moroso', NULL, '2005-02-03 07:59:58', NULL);
insert into manufacturers (manufacturers_id, manufacturers_name, manufacturers_image, date_added, last_modified) values ('5', 'Cloyes', NULL, '2005-02-03 08:00:17', NULL);
insert into manufacturers (manufacturers_id, manufacturers_name, manufacturers_image, date_added, last_modified) values ('7', 'Melling', NULL, '2005-02-03 08:00:42', NULL);
insert into manufacturers (manufacturers_id, manufacturers_name, manufacturers_image, date_added, last_modified) values ('8', 'Simpson', NULL, '2005-02-03 08:00:56', NULL);
insert into manufacturers (manufacturers_id, manufacturers_name, manufacturers_image, date_added, last_modified) values ('9', 'R.J.S.', NULL, '2005-02-03 08:01:18', NULL);
insert into manufacturers (manufacturers_id, manufacturers_name, manufacturers_image, date_added, last_modified) values ('10', 'K&N', NULL, '2005-02-03 08:01:31', NULL);
insert into manufacturers (manufacturers_id, manufacturers_name, manufacturers_image, date_added, last_modified) values ('11', 'RCI', NULL, '2005-02-03 08:01:44', NULL);
insert into manufacturers (manufacturers_id, manufacturers_name, manufacturers_image, date_added, last_modified) values ('12', 'Ultra Shield', NULL, '2005-02-03 08:02:02', NULL);
insert into manufacturers (manufacturers_id, manufacturers_name, manufacturers_image, date_added, last_modified) values ('13', 'Crane', NULL, '2005-02-03 08:02:17', NULL);
insert into manufacturers (manufacturers_id, manufacturers_name, manufacturers_image, date_added, last_modified) values ('14', 'TCI', NULL, '2005-02-03 08:02:26', NULL);
insert into manufacturers (manufacturers_id, manufacturers_name, manufacturers_image, date_added, last_modified) values ('15', 'Wilwood', NULL, '2005-02-03 08:02:39', NULL);
insert into manufacturers (manufacturers_id, manufacturers_name, manufacturers_image, date_added, last_modified) values ('16', 'MSD', NULL, '2005-02-03 08:02:52', NULL);
insert into manufacturers (manufacturers_id, manufacturers_name, manufacturers_image, date_added, last_modified) values ('17', 'Red Line', NULL, '2005-02-03 08:03:09', NULL);
insert into manufacturers (manufacturers_id, manufacturers_name, manufacturers_image, date_added, last_modified) values ('18', 'Taylor', NULL, '2005-02-03 08:03:20', NULL);
insert into manufacturers (manufacturers_id, manufacturers_name, manufacturers_image, date_added, last_modified) values ('19', 'Schoenfeld', NULL, '2005-02-03 08:03:34', NULL);
insert into manufacturers (manufacturers_id, manufacturers_name, manufacturers_image, date_added, last_modified) values ('20', 'Longacre', NULL, '2005-02-03 08:03:47', NULL);
insert into manufacturers (manufacturers_id, manufacturers_name, manufacturers_image, date_added, last_modified) values ('21', 'Scat', NULL, '2005-02-03 08:03:58', NULL);
insert into manufacturers (manufacturers_id, manufacturers_name, manufacturers_image, date_added, last_modified) values ('22', 'Eagle', NULL, '2005-02-03 08:04:09', NULL);
insert into manufacturers (manufacturers_id, manufacturers_name, manufacturers_image, date_added, last_modified) values ('23', 'Rebco', NULL, '2005-02-03 08:04:30', NULL);
insert into manufacturers (manufacturers_id, manufacturers_name, manufacturers_image, date_added, last_modified) values ('24', 'Intercomp', NULL, '2005-02-03 08:04:51', NULL);
insert into manufacturers (manufacturers_id, manufacturers_name, manufacturers_image, date_added, last_modified) values ('25', 'POP', NULL, '2005-02-03 08:05:00', NULL);
insert into manufacturers (manufacturers_id, manufacturers_name, manufacturers_image, date_added, last_modified) values ('26', 'Aeroquip', NULL, '2005-02-03 08:05:13', NULL);
insert into manufacturers (manufacturers_id, manufacturers_name, manufacturers_image, date_added, last_modified) values ('27', 'Afco', NULL, '2005-02-03 08:05:24', NULL);
insert into manufacturers (manufacturers_id, manufacturers_name, manufacturers_image, date_added, last_modified) values ('28', 'Sweet', NULL, '2005-02-03 08:05:35', NULL);
insert into manufacturers (manufacturers_id, manufacturers_name, manufacturers_image, date_added, last_modified) values ('29', 'KRC', NULL, '2005-02-03 08:09:30', NULL);
insert into manufacturers (manufacturers_id, manufacturers_name, manufacturers_image, date_added, last_modified) values ('30', 'PBM', NULL, '2005-02-03 08:09:40', NULL);
insert into manufacturers (manufacturers_id, manufacturers_name, manufacturers_image, date_added, last_modified) values ('31', 'Comp Cams', NULL, '2005-02-03 08:09:55', NULL);
insert into manufacturers (manufacturers_id, manufacturers_name, manufacturers_image, date_added, last_modified) values ('32', 'Hastings', NULL, '2005-02-03 08:10:07', NULL);
insert into manufacturers (manufacturers_id, manufacturers_name, manufacturers_image, date_added, last_modified) values ('33', 'Clevite', NULL, '2005-02-03 08:10:20', NULL);
insert into manufacturers (manufacturers_id, manufacturers_name, manufacturers_image, date_added, last_modified) values ('34', 'Speed Pro', NULL, '2005-02-03 08:10:34', NULL);
insert into manufacturers (manufacturers_id, manufacturers_name, manufacturers_image, date_added, last_modified) values ('35', 'Sealed Power', NULL, '2005-02-03 08:10:59', NULL);
insert into manufacturers (manufacturers_id, manufacturers_name, manufacturers_image, date_added, last_modified) values ('36', 'Barry Grant', NULL, '2005-02-03 08:11:14', NULL);
insert into manufacturers (manufacturers_id, manufacturers_name, manufacturers_image, date_added, last_modified) values ('37', 'Holley', NULL, '2005-02-03 08:11:25', NULL);
insert into manufacturers (manufacturers_id, manufacturers_name, manufacturers_image, date_added, last_modified) values ('38', 'ARP', NULL, '2005-02-03 08:11:35', NULL);
insert into manufacturers (manufacturers_id, manufacturers_name, manufacturers_image, date_added, last_modified) values ('61', 'Proform', NULL, '2005-02-22 13:07:51', NULL);
insert into manufacturers (manufacturers_id, manufacturers_name, manufacturers_image, date_added, last_modified) values ('40', 'PRO Shocks', NULL, '2005-02-03 08:12:03', NULL);
insert into manufacturers (manufacturers_id, manufacturers_name, manufacturers_image, date_added, last_modified) values ('41', 'Bilstein', NULL, '2005-02-03 08:12:15', '2005-02-03 08:12:22');
insert into manufacturers (manufacturers_id, manufacturers_name, manufacturers_image, date_added, last_modified) values ('42', 'Professional Products', NULL, '2005-02-03 08:12:44', NULL);
insert into manufacturers (manufacturers_id, manufacturers_name, manufacturers_image, date_added, last_modified) values ('43', 'Weiand', NULL, '2005-02-03 08:12:56', NULL);
insert into manufacturers (manufacturers_id, manufacturers_name, manufacturers_image, date_added, last_modified) values ('44', 'Dart', NULL, '2005-02-03 09:26:59', NULL);
insert into manufacturers (manufacturers_id, manufacturers_name, manufacturers_image, date_added, last_modified) values ('45', 'Howe', NULL, '2005-02-03 10:30:42', NULL);
insert into manufacturers (manufacturers_id, manufacturers_name, manufacturers_image, date_added, last_modified) values ('47', 'Carter', NULL, '2005-02-16 09:46:25', NULL);
insert into manufacturers (manufacturers_id, manufacturers_name, manufacturers_image, date_added, last_modified) values ('48', 'AutoMeter', NULL, '2005-02-16 09:46:55', NULL);
insert into manufacturers (manufacturers_id, manufacturers_name, manufacturers_image, date_added, last_modified) values ('49', 'Stewart', NULL, '2005-02-16 09:47:11', NULL);
insert into manufacturers (manufacturers_id, manufacturers_name, manufacturers_image, date_added, last_modified) values ('50', 'Accutech', NULL, '2005-02-16 09:47:28', NULL);
insert into manufacturers (manufacturers_id, manufacturers_name, manufacturers_image, date_added, last_modified) values ('51', 'Jaz', NULL, '2005-02-16 09:47:41', NULL);
insert into manufacturers (manufacturers_id, manufacturers_name, manufacturers_image, date_added, last_modified) values ('52', 'Lakewood', NULL, '2005-02-16 09:47:56', NULL);
insert into manufacturers (manufacturers_id, manufacturers_name, manufacturers_image, date_added, last_modified) values ('53', 'Pioneer', NULL, '2005-02-16 09:48:09', NULL);
insert into manufacturers (manufacturers_id, manufacturers_name, manufacturers_image, date_added, last_modified) values ('54', 'Big End', NULL, '2005-02-16 09:48:24', NULL);
insert into manufacturers (manufacturers_id, manufacturers_name, manufacturers_image, date_added, last_modified) values ('55', 'Champ', NULL, '2005-02-16 09:48:37', NULL);
insert into manufacturers (manufacturers_id, manufacturers_name, manufacturers_image, date_added, last_modified) values ('56', 'Renegade', NULL, '2005-02-16 09:48:52', NULL);
insert into manufacturers (manufacturers_id, manufacturers_name, manufacturers_image, date_added, last_modified) values ('57', 'B&M', NULL, '2005-02-16 09:49:08', NULL);
insert into manufacturers (manufacturers_id, manufacturers_name, manufacturers_image, date_added, last_modified) values ('58', 'Energy Suspension', NULL, '2005-02-17 11:28:54', '2005-02-19 18:20:28');
insert into manufacturers (manufacturers_id, manufacturers_name, manufacturers_image, date_added, last_modified) values ('59', 'Accel', NULL, '2005-02-18 10:20:57', NULL);
insert into manufacturers (manufacturers_id, manufacturers_name, manufacturers_image, date_added, last_modified) values ('60', 'Elgin', NULL, '2005-02-18 11:23:47', NULL);
insert into manufacturers (manufacturers_id, manufacturers_name, manufacturers_image, date_added, last_modified) values ('62', 'Hypertech', NULL, '2005-03-10 10:23:47', NULL);
insert into manufacturers (manufacturers_id, manufacturers_name, manufacturers_image, date_added, last_modified) values ('63', 'Manley', NULL, '2005-03-10 10:47:19', NULL);
insert into manufacturers (manufacturers_id, manufacturers_name, manufacturers_image, date_added, last_modified) values ('64', 'BG', NULL, '2005-03-10 11:07:55', NULL);
insert into manufacturers (manufacturers_id, manufacturers_name, manufacturers_image, date_added, last_modified) values ('65', 'Outerwears', NULL, '2005-03-14 12:15:40', NULL);
insert into manufacturers (manufacturers_id, manufacturers_name, manufacturers_image, date_added, last_modified) values ('66', 'TransDapt', NULL, '2005-03-15 11:57:18', NULL);
insert into manufacturers (manufacturers_id, manufacturers_name, manufacturers_image, date_added, last_modified) values ('67', 'Coleman', NULL, '2005-03-20 09:07:09', NULL);
insert into manufacturers (manufacturers_id, manufacturers_name, manufacturers_image, date_added, last_modified) values ('68', 'Bassett', NULL, '2005-03-27 07:46:41', NULL);
insert into manufacturers (manufacturers_id, manufacturers_name, manufacturers_image, date_added, last_modified) values ('69', 'SRP', NULL, '2005-10-07 11:12:34', NULL);
insert into manufacturers (manufacturers_id, manufacturers_name, manufacturers_image, date_added, last_modified) values ('70', 'G Force', NULL, '2005-11-22 08:23:53', '2005-11-22 08:24:17');
insert into manufacturers (manufacturers_id, manufacturers_name, manufacturers_image, date_added, last_modified) values ('71', 'Impact Racing', NULL, '2005-11-30 12:55:10', '2005-11-30 13:04:26');
insert into manufacturers (manufacturers_id, manufacturers_name, manufacturers_image, date_added, last_modified) values ('72', 'F.A.S.T.', NULL, '2005-12-03 08:45:01', NULL);
insert into manufacturers (manufacturers_id, manufacturers_name, manufacturers_image, date_added, last_modified) values ('73', 'US Brake', NULL, '2005-12-03 09:43:57', NULL);
drop table if exists manufacturers_info;
create table manufacturers_info (
  manufacturers_id int(11) default '0' not null ,
  languages_id int(11) default '0' not null ,
  manufacturers_url varchar(255) not null ,
  url_clicked int(5) default '0' not null ,
  date_last_click datetime ,
  PRIMARY KEY (manufacturers_id, languages_id)
);

insert into manufacturers_info (manufacturers_id, languages_id, manufacturers_url, url_clicked, date_last_click) values ('1', '1', '', '0', NULL);
insert into manufacturers_info (manufacturers_id, languages_id, manufacturers_url, url_clicked, date_last_click) values ('3', '1', '', '0', NULL);
insert into manufacturers_info (manufacturers_id, languages_id, manufacturers_url, url_clicked, date_last_click) values ('4', '1', '', '0', NULL);
insert into manufacturers_info (manufacturers_id, languages_id, manufacturers_url, url_clicked, date_last_click) values ('5', '1', '', '0', NULL);
insert into manufacturers_info (manufacturers_id, languages_id, manufacturers_url, url_clicked, date_last_click) values ('61', '1', '', '0', NULL);
insert into manufacturers_info (manufacturers_id, languages_id, manufacturers_url, url_clicked, date_last_click) values ('7', '1', '', '0', NULL);
insert into manufacturers_info (manufacturers_id, languages_id, manufacturers_url, url_clicked, date_last_click) values ('8', '1', '', '0', NULL);
insert into manufacturers_info (manufacturers_id, languages_id, manufacturers_url, url_clicked, date_last_click) values ('9', '1', '', '0', NULL);
insert into manufacturers_info (manufacturers_id, languages_id, manufacturers_url, url_clicked, date_last_click) values ('10', '1', '', '0', NULL);
insert into manufacturers_info (manufacturers_id, languages_id, manufacturers_url, url_clicked, date_last_click) values ('11', '1', '', '0', NULL);
insert into manufacturers_info (manufacturers_id, languages_id, manufacturers_url, url_clicked, date_last_click) values ('12', '1', '', '0', NULL);
insert into manufacturers_info (manufacturers_id, languages_id, manufacturers_url, url_clicked, date_last_click) values ('13', '1', '', '0', NULL);
insert into manufacturers_info (manufacturers_id, languages_id, manufacturers_url, url_clicked, date_last_click) values ('14', '1', '', '0', NULL);
insert into manufacturers_info (manufacturers_id, languages_id, manufacturers_url, url_clicked, date_last_click) values ('15', '1', '', '0', NULL);
insert into manufacturers_info (manufacturers_id, languages_id, manufacturers_url, url_clicked, date_last_click) values ('16', '1', '', '0', NULL);
insert into manufacturers_info (manufacturers_id, languages_id, manufacturers_url, url_clicked, date_last_click) values ('17', '1', '', '0', NULL);
insert into manufacturers_info (manufacturers_id, languages_id, manufacturers_url, url_clicked, date_last_click) values ('73', '1', '', '0', NULL);
insert into manufacturers_info (manufacturers_id, languages_id, manufacturers_url, url_clicked, date_last_click) values ('18', '1', '', '0', NULL);
insert into manufacturers_info (manufacturers_id, languages_id, manufacturers_url, url_clicked, date_last_click) values ('72', '1', '', '0', NULL);
insert into manufacturers_info (manufacturers_id, languages_id, manufacturers_url, url_clicked, date_last_click) values ('19', '1', '', '0', NULL);
insert into manufacturers_info (manufacturers_id, languages_id, manufacturers_url, url_clicked, date_last_click) values ('71', '1', '', '0', NULL);
insert into manufacturers_info (manufacturers_id, languages_id, manufacturers_url, url_clicked, date_last_click) values ('20', '1', '', '0', NULL);
insert into manufacturers_info (manufacturers_id, languages_id, manufacturers_url, url_clicked, date_last_click) values ('70', '1', '', '0', NULL);
insert into manufacturers_info (manufacturers_id, languages_id, manufacturers_url, url_clicked, date_last_click) values ('21', '1', '', '0', NULL);
insert into manufacturers_info (manufacturers_id, languages_id, manufacturers_url, url_clicked, date_last_click) values ('69', '1', '', '0', NULL);
insert into manufacturers_info (manufacturers_id, languages_id, manufacturers_url, url_clicked, date_last_click) values ('22', '1', '', '0', NULL);
insert into manufacturers_info (manufacturers_id, languages_id, manufacturers_url, url_clicked, date_last_click) values ('68', '1', '', '0', NULL);
insert into manufacturers_info (manufacturers_id, languages_id, manufacturers_url, url_clicked, date_last_click) values ('23', '1', '', '0', NULL);
insert into manufacturers_info (manufacturers_id, languages_id, manufacturers_url, url_clicked, date_last_click) values ('67', '1', '', '0', NULL);
insert into manufacturers_info (manufacturers_id, languages_id, manufacturers_url, url_clicked, date_last_click) values ('24', '1', '', '0', NULL);
insert into manufacturers_info (manufacturers_id, languages_id, manufacturers_url, url_clicked, date_last_click) values ('66', '1', '', '0', NULL);
insert into manufacturers_info (manufacturers_id, languages_id, manufacturers_url, url_clicked, date_last_click) values ('25', '1', '', '0', NULL);
insert into manufacturers_info (manufacturers_id, languages_id, manufacturers_url, url_clicked, date_last_click) values ('65', '1', '', '0', NULL);
insert into manufacturers_info (manufacturers_id, languages_id, manufacturers_url, url_clicked, date_last_click) values ('26', '1', '', '0', NULL);
insert into manufacturers_info (manufacturers_id, languages_id, manufacturers_url, url_clicked, date_last_click) values ('64', '1', '', '0', NULL);
insert into manufacturers_info (manufacturers_id, languages_id, manufacturers_url, url_clicked, date_last_click) values ('27', '1', '', '0', NULL);
insert into manufacturers_info (manufacturers_id, languages_id, manufacturers_url, url_clicked, date_last_click) values ('60', '1', '', '0', NULL);
insert into manufacturers_info (manufacturers_id, languages_id, manufacturers_url, url_clicked, date_last_click) values ('28', '1', '', '0', NULL);
insert into manufacturers_info (manufacturers_id, languages_id, manufacturers_url, url_clicked, date_last_click) values ('59', '1', '', '0', NULL);
insert into manufacturers_info (manufacturers_id, languages_id, manufacturers_url, url_clicked, date_last_click) values ('29', '1', '', '0', NULL);
insert into manufacturers_info (manufacturers_id, languages_id, manufacturers_url, url_clicked, date_last_click) values ('58', '1', '', '0', NULL);
insert into manufacturers_info (manufacturers_id, languages_id, manufacturers_url, url_clicked, date_last_click) values ('30', '1', '', '0', NULL);
insert into manufacturers_info (manufacturers_id, languages_id, manufacturers_url, url_clicked, date_last_click) values ('57', '1', '', '0', NULL);
insert into manufacturers_info (manufacturers_id, languages_id, manufacturers_url, url_clicked, date_last_click) values ('31', '1', '', '0', NULL);
insert into manufacturers_info (manufacturers_id, languages_id, manufacturers_url, url_clicked, date_last_click) values ('56', '1', '', '0', NULL);
insert into manufacturers_info (manufacturers_id, languages_id, manufacturers_url, url_clicked, date_last_click) values ('32', '1', '', '0', NULL);
insert into manufacturers_info (manufacturers_id, languages_id, manufacturers_url, url_clicked, date_last_click) values ('55', '1', '', '0', NULL);
insert into manufacturers_info (manufacturers_id, languages_id, manufacturers_url, url_clicked, date_last_click) values ('33', '1', '', '0', NULL);
insert into manufacturers_info (manufacturers_id, languages_id, manufacturers_url, url_clicked, date_last_click) values ('54', '1', '', '0', NULL);
insert into manufacturers_info (manufacturers_id, languages_id, manufacturers_url, url_clicked, date_last_click) values ('34', '1', '', '0', NULL);
insert into manufacturers_info (manufacturers_id, languages_id, manufacturers_url, url_clicked, date_last_click) values ('53', '1', '', '0', NULL);
insert into manufacturers_info (manufacturers_id, languages_id, manufacturers_url, url_clicked, date_last_click) values ('35', '1', '', '0', NULL);
insert into manufacturers_info (manufacturers_id, languages_id, manufacturers_url, url_clicked, date_last_click) values ('52', '1', '', '0', NULL);
insert into manufacturers_info (manufacturers_id, languages_id, manufacturers_url, url_clicked, date_last_click) values ('36', '1', '', '0', NULL);
insert into manufacturers_info (manufacturers_id, languages_id, manufacturers_url, url_clicked, date_last_click) values ('51', '1', '', '0', NULL);
insert into manufacturers_info (manufacturers_id, languages_id, manufacturers_url, url_clicked, date_last_click) values ('37', '1', '', '0', NULL);
insert into manufacturers_info (manufacturers_id, languages_id, manufacturers_url, url_clicked, date_last_click) values ('50', '1', '', '0', NULL);
insert into manufacturers_info (manufacturers_id, languages_id, manufacturers_url, url_clicked, date_last_click) values ('38', '1', '', '0', NULL);
insert into manufacturers_info (manufacturers_id, languages_id, manufacturers_url, url_clicked, date_last_click) values ('49', '1', '', '0', NULL);
insert into manufacturers_info (manufacturers_id, languages_id, manufacturers_url, url_clicked, date_last_click) values ('63', '1', '', '0', NULL);
insert into manufacturers_info (manufacturers_id, languages_id, manufacturers_url, url_clicked, date_last_click) values ('48', '1', '', '0', NULL);
insert into manufacturers_info (manufacturers_id, languages_id, manufacturers_url, url_clicked, date_last_click) values ('40', '1', '', '0', NULL);
insert into manufacturers_info (manufacturers_id, languages_id, manufacturers_url, url_clicked, date_last_click) values ('47', '1', '', '0', NULL);
insert into manufacturers_info (manufacturers_id, languages_id, manufacturers_url, url_clicked, date_last_click) values ('41', '1', '', '0', NULL);
insert into manufacturers_info (manufacturers_id, languages_id, manufacturers_url, url_clicked, date_last_click) values ('62', '1', '', '0', NULL);
insert into manufacturers_info (manufacturers_id, languages_id, manufacturers_url, url_clicked, date_last_click) values ('42', '1', '', '0', NULL);
insert into manufacturers_info (manufacturers_id, languages_id, manufacturers_url, url_clicked, date_last_click) values ('45', '1', '', '0', NULL);
insert into manufacturers_info (manufacturers_id, languages_id, manufacturers_url, url_clicked, date_last_click) values ('43', '1', '', '0', NULL);
insert into manufacturers_info (manufacturers_id, languages_id, manufacturers_url, url_clicked, date_last_click) values ('44', '1', '', '0', NULL);
drop table if exists newsletters;
create table newsletters (
  newsletters_id int(11) not null auto_increment,
  title varchar(255) not null ,
  content text not null ,
  module varchar(255) not null ,
  date_added datetime default '0000-00-00 00:00:00' not null ,
  date_sent datetime ,
  status int(1) ,
  locked int(1) default '0' ,
  PRIMARY KEY (newsletters_id)
);

drop table if exists orders;
create table orders (
  orders_id int(11) not null auto_increment,
  customers_id int(11) default '0' not null ,
  customers_name varchar(64) not null ,
  customers_company varchar(32) ,
  customers_street_address varchar(64) not null ,
  customers_suburb varchar(32) ,
  customers_city varchar(32) not null ,
  customers_postcode varchar(10) not null ,
  customers_state varchar(32) ,
  customers_country varchar(32) not null ,
  customers_telephone varchar(32) not null ,
  customers_email_address varchar(96) not null ,
  customers_address_format_id int(5) default '0' not null ,
  delivery_name varchar(64) not null ,
  delivery_company varchar(32) ,
  delivery_street_address varchar(64) not null ,
  delivery_suburb varchar(32) ,
  delivery_city varchar(32) not null ,
  delivery_postcode varchar(10) not null ,
  delivery_state varchar(32) ,
  delivery_country varchar(32) not null ,
  delivery_address_format_id int(5) default '0' not null ,
  billing_name varchar(64) not null ,
  billing_company varchar(32) ,
  billing_street_address varchar(64) not null ,
  billing_suburb varchar(32) ,
  billing_city varchar(32) not null ,
  billing_postcode varchar(10) not null ,
  billing_state varchar(32) ,
  billing_country varchar(32) not null ,
  billing_address_format_id int(5) default '0' not null ,
  payment_method varchar(32) not null ,
  cc_type varchar(20) ,
  cc_owner varchar(64) ,
  cc_number varchar(32) ,
  cc_cvv2 varchar(4) ,
  cc_expires varchar(4) ,
  last_modified datetime ,
  date_purchased datetime ,
  orders_status int(5) default '0' not null ,
  orders_date_finished datetime ,
  currency char(3) ,
  currency_value decimal(14,6) ,
  PRIMARY KEY (orders_id)
);

insert into orders (orders_id, customers_id, customers_name, customers_company, customers_street_address, customers_suburb, customers_city, customers_postcode, customers_state, customers_country, customers_telephone, customers_email_address, customers_address_format_id, delivery_name, delivery_company, delivery_street_address, delivery_suburb, delivery_city, delivery_postcode, delivery_state, delivery_country, delivery_address_format_id, billing_name, billing_company, billing_street_address, billing_suburb, billing_city, billing_postcode, billing_state, billing_country, billing_address_format_id, payment_method, cc_type, cc_owner, cc_number, cc_cvv2, cc_expires, last_modified, date_purchased, orders_status, orders_date_finished, currency, currency_value) values ('1', '4', 'Benjamin Campana', '', '1944 jobs run road', '', 'jersey shore', '17740', 'Pennsylvania', 'United States', '15703233998', 'camben66@email.pct.edu', '2', 'Benjamin Campana', '', '1944 jobs run road', '', 'jersey shore', '17740', 'Pennsylvania', 'United States', '2', 'Benjamin Campana', '', '1944 jobs run road', '', 'jersey shore', '17740', 'Pennsylvania', 'United States', '2', 'Credit Card', 'Visa', 'Benjamin Campana', '4185866341424300', NULL, '0706', '2005-03-03 15:36:51', '2005-03-02 13:26:31', '3', NULL, 'USD', '1.000000');
insert into orders (orders_id, customers_id, customers_name, customers_company, customers_street_address, customers_suburb, customers_city, customers_postcode, customers_state, customers_country, customers_telephone, customers_email_address, customers_address_format_id, delivery_name, delivery_company, delivery_street_address, delivery_suburb, delivery_city, delivery_postcode, delivery_state, delivery_country, delivery_address_format_id, billing_name, billing_company, billing_street_address, billing_suburb, billing_city, billing_postcode, billing_state, billing_country, billing_address_format_id, payment_method, cc_type, cc_owner, cc_number, cc_cvv2, cc_expires, last_modified, date_purchased, orders_status, orders_date_finished, currency, currency_value) values ('21', '16', 'Jeff Lemiesz', 'Impact Motorsports', '2230 Plymouth St', '', 'Oshkosh', '54901', 'Wisconsin', 'United States', '920-231-8415', 'Impactmotorsports@sbcglobal.net', '2', 'Jeff Lemiesz', 'Impact Motorsports', '2230 Plymouth St', '', 'Oshkosh', '54901', 'Wisconsin', 'United States', '2', 'Jeff Lemiesz', 'Impact Motorsports', '2230 Plymouth St', '', 'Oshkosh', '54901', 'Wisconsin', 'United States', '2', 'Credit Card', 'Visa', 'Jeff Lemiesz', '4802098300165053', NULL, '0106', '2005-04-13 16:52:56', '2005-04-13 10:42:58', '3', NULL, 'USD', '1.000000');
insert into orders (orders_id, customers_id, customers_name, customers_company, customers_street_address, customers_suburb, customers_city, customers_postcode, customers_state, customers_country, customers_telephone, customers_email_address, customers_address_format_id, delivery_name, delivery_company, delivery_street_address, delivery_suburb, delivery_city, delivery_postcode, delivery_state, delivery_country, delivery_address_format_id, billing_name, billing_company, billing_street_address, billing_suburb, billing_city, billing_postcode, billing_state, billing_country, billing_address_format_id, payment_method, cc_type, cc_owner, cc_number, cc_cvv2, cc_expires, last_modified, date_purchased, orders_status, orders_date_finished, currency, currency_value) values ('20', '15', 'Davey pullen', '', '6915 Lost Colony Dr', '', 'New Kent', '23124', 'Virginia', 'United States', '804-241-4064', 'fastimzracing@yahoo.com', '2', 'Davey pullen', '', '6915 Lost Colony Dr', '', 'New Kent', '23124', 'Virginia', 'United States', '2', 'Davey pullen', '', '6915 Lost Colony Dr', '', 'New Kent', '23124', 'Virginia', 'United States', '2', 'PayPal IPN', '', 'Davey pullen', '', NULL, '', '2005-04-12 06:44:37', '2005-04-11 14:56:41', '3', NULL, 'USD', '1.000000');
insert into orders (orders_id, customers_id, customers_name, customers_company, customers_street_address, customers_suburb, customers_city, customers_postcode, customers_state, customers_country, customers_telephone, customers_email_address, customers_address_format_id, delivery_name, delivery_company, delivery_street_address, delivery_suburb, delivery_city, delivery_postcode, delivery_state, delivery_country, delivery_address_format_id, billing_name, billing_company, billing_street_address, billing_suburb, billing_city, billing_postcode, billing_state, billing_country, billing_address_format_id, payment_method, cc_type, cc_owner, cc_number, cc_cvv2, cc_expires, last_modified, date_purchased, orders_status, orders_date_finished, currency, currency_value) values ('18', '13', 'Mark Barnes', '', 'PO Box 303', '', 'Coldspring', '301 Hwy 15', 'Texas', 'United States', '936-520-7829', 'mfbarnes@eastex.net', '2', 'Mark Barnes', '', '301 Hwy 150 East', '', 'Coldspring', '77331', 'Texas', 'United States', '2', 'Mark Barnes', '', 'PO Box 303', '', 'Coldspring', '301 Hwy 15', 'Texas', 'United States', '2', 'PayPal IPN', '', 'Mark Barnes', '', NULL, '', '2005-04-05 14:55:17', '2005-04-04 18:17:20', '3', NULL, 'USD', '1.000000');
insert into orders (orders_id, customers_id, customers_name, customers_company, customers_street_address, customers_suburb, customers_city, customers_postcode, customers_state, customers_country, customers_telephone, customers_email_address, customers_address_format_id, delivery_name, delivery_company, delivery_street_address, delivery_suburb, delivery_city, delivery_postcode, delivery_state, delivery_country, delivery_address_format_id, billing_name, billing_company, billing_street_address, billing_suburb, billing_city, billing_postcode, billing_state, billing_country, billing_address_format_id, payment_method, cc_type, cc_owner, cc_number, cc_cvv2, cc_expires, last_modified, date_purchased, orders_status, orders_date_finished, currency, currency_value) values ('19', '14', 'Jeremy Schaufenbuel', 'Slot Rocket Chassis', '324 Lincoln Street', '', 'New Hampton', '50659', 'Iowa', 'United States', '6413305683', 'JSchauf01@hotmail.com', '2', 'Jeremy Schaufenbuel', 'Slot Rocket Chassis', '324 Lincoln Street', '', 'New Hampton', '50659', 'Iowa', 'United States', '2', 'Jeremy Schaufenbuel', 'Slot Rocket Chassis', '324 Lincoln Street', '', 'New Hampton', '50659', 'Iowa', 'United States', '2', 'Credit Card', 'Master Card', 'Jeremy Schaufenbuel', '5511282300153835', NULL, '0208', '2005-04-08 15:04:35', '2005-04-07 23:38:13', '3', NULL, 'USD', '1.000000');
insert into orders (orders_id, customers_id, customers_name, customers_company, customers_street_address, customers_suburb, customers_city, customers_postcode, customers_state, customers_country, customers_telephone, customers_email_address, customers_address_format_id, delivery_name, delivery_company, delivery_street_address, delivery_suburb, delivery_city, delivery_postcode, delivery_state, delivery_country, delivery_address_format_id, billing_name, billing_company, billing_street_address, billing_suburb, billing_city, billing_postcode, billing_state, billing_country, billing_address_format_id, payment_method, cc_type, cc_owner, cc_number, cc_cvv2, cc_expires, last_modified, date_purchased, orders_status, orders_date_finished, currency, currency_value) values ('14', '8', 'Robert Lewis', 'Copper Plus', '102 Beverly Rd.', '', 'Greenville', '29609', 'South Carolina', 'United States', '864-505-8357', 'Robert@copperplus.net', '2', 'Robert Lewis', 'Copper Plus', '102 Beverly Rd.', '', 'Greenville', '29609', 'South Carolina', 'United States', '2', 'Robert Lewis', 'Copper Plus', '102 Beverly Rd.', '', 'Greenville', '29609', 'South Carolina', 'United States', '2', 'PayPal IPN', '', 'Robert Lewis', '', NULL, '', '2005-03-22 15:23:32', '2005-03-21 21:35:49', '3', NULL, 'USD', '1.000000');
insert into orders (orders_id, customers_id, customers_name, customers_company, customers_street_address, customers_suburb, customers_city, customers_postcode, customers_state, customers_country, customers_telephone, customers_email_address, customers_address_format_id, delivery_name, delivery_company, delivery_street_address, delivery_suburb, delivery_city, delivery_postcode, delivery_state, delivery_country, delivery_address_format_id, billing_name, billing_company, billing_street_address, billing_suburb, billing_city, billing_postcode, billing_state, billing_country, billing_address_format_id, payment_method, cc_type, cc_owner, cc_number, cc_cvv2, cc_expires, last_modified, date_purchased, orders_status, orders_date_finished, currency, currency_value) values ('15', '9', 'Joe Everett', '', '1585 Clay Pike Rd', '', 'New Florence', '15944', 'Pennsylvania', 'United States', '724/235-9997', 'jewls963@aol.com', '2', 'Joe Everett', '', '1585 Clay Pike Rd', '', 'New Florence', '15944', 'Pennsylvania', 'United States', '2', 'Joe Everett', '', '1585 Clay Pike Rd', '', 'New Florence', '15944', 'Pennsylvania', 'United States', '2', 'PayPal IPN', '', 'Joe Everett', '', NULL, '', '2005-03-24 13:35:06', '2005-03-23 14:52:42', '3', NULL, 'USD', '1.000000');
insert into orders (orders_id, customers_id, customers_name, customers_company, customers_street_address, customers_suburb, customers_city, customers_postcode, customers_state, customers_country, customers_telephone, customers_email_address, customers_address_format_id, delivery_name, delivery_company, delivery_street_address, delivery_suburb, delivery_city, delivery_postcode, delivery_state, delivery_country, delivery_address_format_id, billing_name, billing_company, billing_street_address, billing_suburb, billing_city, billing_postcode, billing_state, billing_country, billing_address_format_id, payment_method, cc_type, cc_owner, cc_number, cc_cvv2, cc_expires, last_modified, date_purchased, orders_status, orders_date_finished, currency, currency_value) values ('16', '10', 'Lissa Uselton', '', '4032 E street', '', 'Eureka', '95503', 'California', 'United States', '707-269-0574', 'girlracin29@racintheacres.com', '2', 'Lissa Uselton', '', '4032 E street', '', 'Eureka', '95503', 'California', 'United States', '2', 'Lissa Uselton', '', '4032 E street', '', 'Eureka', '95503', 'California', 'United States', '2', 'PayPal IPN', '', 'Lissa Uselton', '', NULL, '', '2005-03-28 15:51:43', '2005-03-26 07:09:45', '3', NULL, 'USD', '1.000000');
insert into orders (orders_id, customers_id, customers_name, customers_company, customers_street_address, customers_suburb, customers_city, customers_postcode, customers_state, customers_country, customers_telephone, customers_email_address, customers_address_format_id, delivery_name, delivery_company, delivery_street_address, delivery_suburb, delivery_city, delivery_postcode, delivery_state, delivery_country, delivery_address_format_id, billing_name, billing_company, billing_street_address, billing_suburb, billing_city, billing_postcode, billing_state, billing_country, billing_address_format_id, payment_method, cc_type, cc_owner, cc_number, cc_cvv2, cc_expires, last_modified, date_purchased, orders_status, orders_date_finished, currency, currency_value) values ('22', '17', 'keri fordham', '', '419 lenford ave', '', 'gadsden', '35905', 'Alabama', 'United States', '2564949766', 'keri_morris10@hotamil.com', '2', 'keri fordham', '', '419 lenford ave', '', 'glencoe', '35905', 'Alabama', 'United States', '2', 'keri fordham', '', '419 lenford ave', '', 'glencoe', '35905', 'Alabama', 'United States', '2', 'Credit Card', 'Visa', 'keri fordham', '4271780266673202', NULL, '1205', '2005-04-13 16:47:48', '2005-04-13 15:06:40', '3', NULL, 'USD', '1.000000');
insert into orders (orders_id, customers_id, customers_name, customers_company, customers_street_address, customers_suburb, customers_city, customers_postcode, customers_state, customers_country, customers_telephone, customers_email_address, customers_address_format_id, delivery_name, delivery_company, delivery_street_address, delivery_suburb, delivery_city, delivery_postcode, delivery_state, delivery_country, delivery_address_format_id, billing_name, billing_company, billing_street_address, billing_suburb, billing_city, billing_postcode, billing_state, billing_country, billing_address_format_id, payment_method, cc_type, cc_owner, cc_number, cc_cvv2, cc_expires, last_modified, date_purchased, orders_status, orders_date_finished, currency, currency_value) values ('23', '20', 'cody armstrong', '', '115 6th st ne', '', 'devils lake', '58301', 'North Dakota', 'United States', '1-701-351-4503', 'codeman154@hotmail.com', '2', 'cody armstrong', '', '115 6th st ne', '', 'devils lake', '58301', 'North Dakota', 'United States', '2', 'cody armstrong', '', '115 6th st ne', '', 'devils lake', '58301', 'North Dakota', 'United States', '2', 'Credit Card', 'Visa', 'cody armstrong', '4600103400060099', NULL, '0806', '2005-04-29 15:35:47', '2005-04-28 07:47:57', '3', NULL, 'USD', '1.000000');
insert into orders (orders_id, customers_id, customers_name, customers_company, customers_street_address, customers_suburb, customers_city, customers_postcode, customers_state, customers_country, customers_telephone, customers_email_address, customers_address_format_id, delivery_name, delivery_company, delivery_street_address, delivery_suburb, delivery_city, delivery_postcode, delivery_state, delivery_country, delivery_address_format_id, billing_name, billing_company, billing_street_address, billing_suburb, billing_city, billing_postcode, billing_state, billing_country, billing_address_format_id, payment_method, cc_type, cc_owner, cc_number, cc_cvv2, cc_expires, last_modified, date_purchased, orders_status, orders_date_finished, currency, currency_value) values ('24', '21', 'Earl Jones, Jr', '', 'Box 081 Hwy 1', '', 'Red Lake', '56671', 'Minnesota', 'United States', '218-679-2570', 'jbeau_62_99@yahoo.com', '2', 'Earl Jones, Jr', '', 'Box 081 Hwy 1', '', 'Red Lake', '56671', 'Minnesota', 'United States', '2', 'Earl Jones, Jr', '', 'Box 081 Hwy 1', '', 'Red Lake', '56671', 'Minnesota', 'United States', '2', 'Credit Card', 'Visa', 'Earl Jones, Jr', '4479412624400314', NULL, '0606', '2005-05-06 14:15:57', '2005-05-02 09:33:50', '3', NULL, 'USD', '1.000000');
insert into orders (orders_id, customers_id, customers_name, customers_company, customers_street_address, customers_suburb, customers_city, customers_postcode, customers_state, customers_country, customers_telephone, customers_email_address, customers_address_format_id, delivery_name, delivery_company, delivery_street_address, delivery_suburb, delivery_city, delivery_postcode, delivery_state, delivery_country, delivery_address_format_id, billing_name, billing_company, billing_street_address, billing_suburb, billing_city, billing_postcode, billing_state, billing_country, billing_address_format_id, payment_method, cc_type, cc_owner, cc_number, cc_cvv2, cc_expires, last_modified, date_purchased, orders_status, orders_date_finished, currency, currency_value) values ('25', '23', 'ken neitzel', '', '1719 west 6th', '', 'north platte', '69101', 'Nebraska', 'United States', '308-534-7280', 'kneitzel7280@msn.com', '2', 'ken neitzel', '', '1719 west 6th', '', 'north platte', '69101', 'Nebraska', 'United States', '2', 'ken neitzel', '', '1719 west 6th', '', 'north platte', '69101', 'Nebraska', 'United States', '2', 'Credit Card', 'Visa', 'ken neitzel', '4323765016740508', NULL, '0407', '2005-05-13 14:19:39', '2005-05-12 16:09:37', '3', NULL, 'USD', '1.000000');
insert into orders (orders_id, customers_id, customers_name, customers_company, customers_street_address, customers_suburb, customers_city, customers_postcode, customers_state, customers_country, customers_telephone, customers_email_address, customers_address_format_id, delivery_name, delivery_company, delivery_street_address, delivery_suburb, delivery_city, delivery_postcode, delivery_state, delivery_country, delivery_address_format_id, billing_name, billing_company, billing_street_address, billing_suburb, billing_city, billing_postcode, billing_state, billing_country, billing_address_format_id, payment_method, cc_type, cc_owner, cc_number, cc_cvv2, cc_expires, last_modified, date_purchased, orders_status, orders_date_finished, currency, currency_value) values ('26', '24', 'Tim Rupp', '', '223 South 10th street', '', 'Cherokee', '51012', 'Iowa', 'United States', '712-229-8865', 'turbotim33@hotmail.com', '2', 'Tim Rupp', '', '223 South 10th street', '', 'Cherokee', '51012', 'Iowa', 'United States', '2', 'Tim Rupp', '', '223 South 10th street', '', 'Cherokee', '51012', 'Iowa', 'United States', '2', 'Credit Card', 'Visa', 'Greg Rupp', '4264294119706721', NULL, '1005', '2005-05-19 14:45:51', '2005-05-18 15:27:47', '3', NULL, 'USD', '1.000000');
insert into orders (orders_id, customers_id, customers_name, customers_company, customers_street_address, customers_suburb, customers_city, customers_postcode, customers_state, customers_country, customers_telephone, customers_email_address, customers_address_format_id, delivery_name, delivery_company, delivery_street_address, delivery_suburb, delivery_city, delivery_postcode, delivery_state, delivery_country, delivery_address_format_id, billing_name, billing_company, billing_street_address, billing_suburb, billing_city, billing_postcode, billing_state, billing_country, billing_address_format_id, payment_method, cc_type, cc_owner, cc_number, cc_cvv2, cc_expires, last_modified, date_purchased, orders_status, orders_date_finished, currency, currency_value) values ('27', '26', 'Lisa New', '', 'RR8 Box 5855', '', 'Monticello', '42633', 'Kentucky', 'United States', '606-348-9415', 'lonew@net-power.net', '2', 'Lisa New', '', 'RR8 Box 5855', '', 'Monticello', '42633', 'Kentucky', 'United States', '2', 'Lisa New', '', 'RR8 Box 5855', '', 'Monticello', '42633', 'Kentucky', 'United States', '2', 'PayPal IPN', '', 'Lisa New', '', NULL, '', '2005-05-23 14:29:26', '2005-05-23 11:35:56', '3', NULL, 'USD', '1.000000');
insert into orders (orders_id, customers_id, customers_name, customers_company, customers_street_address, customers_suburb, customers_city, customers_postcode, customers_state, customers_country, customers_telephone, customers_email_address, customers_address_format_id, delivery_name, delivery_company, delivery_street_address, delivery_suburb, delivery_city, delivery_postcode, delivery_state, delivery_country, delivery_address_format_id, billing_name, billing_company, billing_street_address, billing_suburb, billing_city, billing_postcode, billing_state, billing_country, billing_address_format_id, payment_method, cc_type, cc_owner, cc_number, cc_cvv2, cc_expires, last_modified, date_purchased, orders_status, orders_date_finished, currency, currency_value) values ('28', '27', 'Mary Ann Head', '', '1225 Conner Bowers Road', '', 'Hedgesville', '25427', 'West Virginia', 'United States', '304-754-7499', 'manmhead@peoplepc.com', '2', 'Mary Ann Head', '', '1225 Conner Bowers Road', '', 'Hedgesville', '25427', 'West Virginia', 'United States', '2', 'Mary Ann Head', '', '1225 Conner Bowers Road', '', 'Hedgesville', '25427', 'West Virginia', 'United States', '2', 'Credit Card', 'Visa', 'Mary Ann Head', '4305721496422390', NULL, '1006', '2005-05-27 15:16:25', '2005-05-26 17:36:24', '3', NULL, 'USD', '1.000000');
insert into orders (orders_id, customers_id, customers_name, customers_company, customers_street_address, customers_suburb, customers_city, customers_postcode, customers_state, customers_country, customers_telephone, customers_email_address, customers_address_format_id, delivery_name, delivery_company, delivery_street_address, delivery_suburb, delivery_city, delivery_postcode, delivery_state, delivery_country, delivery_address_format_id, billing_name, billing_company, billing_street_address, billing_suburb, billing_city, billing_postcode, billing_state, billing_country, billing_address_format_id, payment_method, cc_type, cc_owner, cc_number, cc_cvv2, cc_expires, last_modified, date_purchased, orders_status, orders_date_finished, currency, currency_value) values ('29', '28', 'Michael Baggett', '', '401 Stewart St', '', 'Lindale', '75771', 'Texas', 'United States', '214-926-7515', 'mistybaggett@cox.net', '2', 'Michael Baggett', '', '401 Stewart St', '', 'Lindale', '75771', 'Texas', 'United States', '2', 'Michael Baggett', '', '401 Stewart St', '', 'Lindale', '75771', 'Texas', 'United States', '2', 'Credit Card', 'Master Card', 'Michael Baggett', '5463790000989975', NULL, '0108', '2005-05-31 15:21:30', '2005-05-27 17:22:56', '3', NULL, 'USD', '1.000000');
insert into orders (orders_id, customers_id, customers_name, customers_company, customers_street_address, customers_suburb, customers_city, customers_postcode, customers_state, customers_country, customers_telephone, customers_email_address, customers_address_format_id, delivery_name, delivery_company, delivery_street_address, delivery_suburb, delivery_city, delivery_postcode, delivery_state, delivery_country, delivery_address_format_id, billing_name, billing_company, billing_street_address, billing_suburb, billing_city, billing_postcode, billing_state, billing_country, billing_address_format_id, payment_method, cc_type, cc_owner, cc_number, cc_cvv2, cc_expires, last_modified, date_purchased, orders_status, orders_date_finished, currency, currency_value) values ('30', '29', 'matias navarro', '', '161 e. mayra drive', '', 'nogales', '85628', 'Arizona', 'United States', '520-291-9762', 'rfdesignerboy@hotmail.com', '2', 'matias navarro', '', '161 e. mayra drive', '', 'nogales', '85628', 'Arizona', 'United States', '2', 'matias navarro', '', '161 e. mayra drive', '', 'nogales', '85628', 'Arizona', 'United States', '2', 'PayPal IPN', '', 'matias navarro', '', NULL, '', '2005-05-31 15:18:36', '2005-05-30 12:44:05', '3', NULL, 'USD', '1.000000');
insert into orders (orders_id, customers_id, customers_name, customers_company, customers_street_address, customers_suburb, customers_city, customers_postcode, customers_state, customers_country, customers_telephone, customers_email_address, customers_address_format_id, delivery_name, delivery_company, delivery_street_address, delivery_suburb, delivery_city, delivery_postcode, delivery_state, delivery_country, delivery_address_format_id, billing_name, billing_company, billing_street_address, billing_suburb, billing_city, billing_postcode, billing_state, billing_country, billing_address_format_id, payment_method, cc_type, cc_owner, cc_number, cc_cvv2, cc_expires, last_modified, date_purchased, orders_status, orders_date_finished, currency, currency_value) values ('31', '30', 'Karisha Wheeler', '', '7908 W. Gate Blvd. #B', '', 'Austin', '78745', 'Texas', 'United States', '512-507-3955', 'karishawheeler@yahoo.com', '2', 'Matt Wheeler', '', '212 E. Castleberry Drive', '', 'Granite Shoals', '78654', 'Texas', 'United States', '2', 'Karisha Wheeler', '', '7908 W. Gate Blvd. #B', '', 'Austin', '78745', 'Texas', 'United States', '2', 'Credit Card', 'Visa', 'Karisha Wheeler', '4054280001301378', NULL, '1006', '2005-05-31 15:10:02', '2005-05-31 11:48:18', '3', NULL, 'USD', '1.000000');
insert into orders (orders_id, customers_id, customers_name, customers_company, customers_street_address, customers_suburb, customers_city, customers_postcode, customers_state, customers_country, customers_telephone, customers_email_address, customers_address_format_id, delivery_name, delivery_company, delivery_street_address, delivery_suburb, delivery_city, delivery_postcode, delivery_state, delivery_country, delivery_address_format_id, billing_name, billing_company, billing_street_address, billing_suburb, billing_city, billing_postcode, billing_state, billing_country, billing_address_format_id, payment_method, cc_type, cc_owner, cc_number, cc_cvv2, cc_expires, last_modified, date_purchased, orders_status, orders_date_finished, currency, currency_value) values ('32', '31', 'Clark Garletts', 'Midas', '173 Bowman Dr', '', 'Pelahatchie', '39145', 'Mississippi', 'United States', '601-939-3500', 'midasman@netdoor.com', '2', 'Clark Garletts', 'Midas Auto Service', '2880 Hwy 80 E', '', 'Pearl', '39208', 'Mississippi', 'United States', '2', 'Clark Garletts', 'Midas', '173 Bowman Dr', '', 'Pelahatchie', '39145', 'Mississippi', 'United States', '2', 'Credit Card', 'Visa', 'Clark Garletts', '4783201100147387', NULL, '0707', '2005-06-01 20:49:09', '2005-05-31 14:43:17', '3', NULL, 'USD', '1.000000');
insert into orders (orders_id, customers_id, customers_name, customers_company, customers_street_address, customers_suburb, customers_city, customers_postcode, customers_state, customers_country, customers_telephone, customers_email_address, customers_address_format_id, delivery_name, delivery_company, delivery_street_address, delivery_suburb, delivery_city, delivery_postcode, delivery_state, delivery_country, delivery_address_format_id, billing_name, billing_company, billing_street_address, billing_suburb, billing_city, billing_postcode, billing_state, billing_country, billing_address_format_id, payment_method, cc_type, cc_owner, cc_number, cc_cvv2, cc_expires, last_modified, date_purchased, orders_status, orders_date_finished, currency, currency_value) values ('41', '37', 'keith stamp', '', '469 eland dr.', '', 'north fort myers', '33917', 'Florida', 'United States', '239-6564077', 'pomofo66forever@aol.com', '2', 'keith stamp', '', '469 eland dr.', '', 'north fort myers', '33917', 'Florida', 'United States', '2', 'keith stamp', '', '469 eland dr.', '', 'north fort myers', '33917', 'Florida', 'United States', '2', 'Credit Card', 'Visa', 'keith stamp', '4701156000011894', NULL, '0406', '2005-08-02 14:02:54', '2005-08-01 15:58:29', '3', NULL, 'USD', '1.000000');
insert into orders (orders_id, customers_id, customers_name, customers_company, customers_street_address, customers_suburb, customers_city, customers_postcode, customers_state, customers_country, customers_telephone, customers_email_address, customers_address_format_id, delivery_name, delivery_company, delivery_street_address, delivery_suburb, delivery_city, delivery_postcode, delivery_state, delivery_country, delivery_address_format_id, billing_name, billing_company, billing_street_address, billing_suburb, billing_city, billing_postcode, billing_state, billing_country, billing_address_format_id, payment_method, cc_type, cc_owner, cc_number, cc_cvv2, cc_expires, last_modified, date_purchased, orders_status, orders_date_finished, currency, currency_value) values ('37', '33', 'michael huff', 'advance auto', '472 jason dr', '', 'trion', '30753', 'Georgia', 'United States', '7066678184', 'khuff@charter.net', '2', 'michael huff', 'advance auto', '472 jason dr', '', 'trion', '30753', 'Georgia', 'United States', '2', 'michael huff', 'advance auto', '472 jason dr', '', 'trion', '30753', 'Georgia', 'United States', '2', 'PayPal IPN', '', 'michael huff', '', NULL, '', '2005-06-03 15:30:40', '2005-06-03 11:53:00', '3', NULL, 'USD', '1.000000');
insert into orders (orders_id, customers_id, customers_name, customers_company, customers_street_address, customers_suburb, customers_city, customers_postcode, customers_state, customers_country, customers_telephone, customers_email_address, customers_address_format_id, delivery_name, delivery_company, delivery_street_address, delivery_suburb, delivery_city, delivery_postcode, delivery_state, delivery_country, delivery_address_format_id, billing_name, billing_company, billing_street_address, billing_suburb, billing_city, billing_postcode, billing_state, billing_country, billing_address_format_id, payment_method, cc_type, cc_owner, cc_number, cc_cvv2, cc_expires, last_modified, date_purchased, orders_status, orders_date_finished, currency, currency_value) values ('35', '32', 'RODGER DECK', 'RPM AUTOMOTIVE', '718 SOUTH GRANT AVE.', '', 'CRAWFORDSVILLE', '47933', 'Indiana', 'United States', '765 361 9310', 'rodgerdeck@yahoo.com', '2', 'RODGER DECK', 'RPM AUTOMOTIVE', '718 SOUTH GRANT AVE.', '', 'CRAWFORDSVILLE', '47933', 'Indiana', 'United States', '2', 'RODGER DECK', 'RPM AUTOMOTIVE', '718 SOUTH GRANT AVE.', '', 'CRAWFORDSVILLE', '47933', 'Indiana', 'United States', '2', 'PayPal IPN', '', 'RODGER DECK', '', NULL, '', '2005-06-01 20:44:14', '2005-06-01 05:52:59', '3', NULL, 'USD', '1.000000');
insert into orders (orders_id, customers_id, customers_name, customers_company, customers_street_address, customers_suburb, customers_city, customers_postcode, customers_state, customers_country, customers_telephone, customers_email_address, customers_address_format_id, delivery_name, delivery_company, delivery_street_address, delivery_suburb, delivery_city, delivery_postcode, delivery_state, delivery_country, delivery_address_format_id, billing_name, billing_company, billing_street_address, billing_suburb, billing_city, billing_postcode, billing_state, billing_country, billing_address_format_id, payment_method, cc_type, cc_owner, cc_number, cc_cvv2, cc_expires, last_modified, date_purchased, orders_status, orders_date_finished, currency, currency_value) values ('39', '35', 'John R Busch', '', '1133 Aspen Street', '', 'Longmont', '80501', 'Colorado', 'United States', '303-886-5249', 'tonerrat@aol.com', '2', 'John R Busch', '', '1133 Aspen Street', '', 'Longmont', '80501', 'Colorado', 'United States', '2', 'John R Busch', '', '1133 Aspen Street', '', 'Longmont', '80501', 'Colorado', 'United States', '2', 'Credit Card', 'Master Card', 'John R Busch', '5490991027291679', NULL, '0608', '2005-07-13 14:32:57', '2005-07-12 14:22:46', '3', NULL, 'USD', '1.000000');
insert into orders (orders_id, customers_id, customers_name, customers_company, customers_street_address, customers_suburb, customers_city, customers_postcode, customers_state, customers_country, customers_telephone, customers_email_address, customers_address_format_id, delivery_name, delivery_company, delivery_street_address, delivery_suburb, delivery_city, delivery_postcode, delivery_state, delivery_country, delivery_address_format_id, billing_name, billing_company, billing_street_address, billing_suburb, billing_city, billing_postcode, billing_state, billing_country, billing_address_format_id, payment_method, cc_type, cc_owner, cc_number, cc_cvv2, cc_expires, last_modified, date_purchased, orders_status, orders_date_finished, currency, currency_value) values ('40', '36', 'Ron Benway', '', '797 Spring Lake Dr.', '', 'Destin', '32541', 'Florida', 'United States', '850-6540009', 'benway@cox.net', '2', 'Ron Benway', '', '797 Spring Lake Dr.', '', 'Destin', '32541', 'Florida', 'United States', '2', 'Ron Benway', '', '797 Spring Lake Dr.', '', 'Destin', '32541', 'Florida', 'United States', '2', 'PayPal IPN', '', 'Ron Benway', '', NULL, '', '2005-08-01 14:18:43', '2005-07-30 15:17:47', '3', NULL, 'USD', '1.000000');
insert into orders (orders_id, customers_id, customers_name, customers_company, customers_street_address, customers_suburb, customers_city, customers_postcode, customers_state, customers_country, customers_telephone, customers_email_address, customers_address_format_id, delivery_name, delivery_company, delivery_street_address, delivery_suburb, delivery_city, delivery_postcode, delivery_state, delivery_country, delivery_address_format_id, billing_name, billing_company, billing_street_address, billing_suburb, billing_city, billing_postcode, billing_state, billing_country, billing_address_format_id, payment_method, cc_type, cc_owner, cc_number, cc_cvv2, cc_expires, last_modified, date_purchased, orders_status, orders_date_finished, currency, currency_value) values ('46', '41', 'Edward Young', 'Silver\'s Automotive', '1201 Progress Dr. Bldg. 63', '', 'Medford', '97504', 'Oregon', 'United States', '541-776-9919', 'nushi@charter.net', '2', 'Edward Young', 'Silver\'s Automotive', '1201 Progress Dr. Bldg. 63', '', 'Medford', '97504', 'Oregon', 'United States', '2', 'Edward Young', 'Silver\'s Automotive', '1201 Progress Dr. Bldg. 63', '', 'Medford', '97504', 'Oregon', 'United States', '2', 'Credit Card', 'Master Card', 'Ed P. Young', '5489555113770467', NULL, '0708', '2005-08-15 14:03:59', '2005-08-11 20:53:04', '3', NULL, 'USD', '1.000000');
insert into orders (orders_id, customers_id, customers_name, customers_company, customers_street_address, customers_suburb, customers_city, customers_postcode, customers_state, customers_country, customers_telephone, customers_email_address, customers_address_format_id, delivery_name, delivery_company, delivery_street_address, delivery_suburb, delivery_city, delivery_postcode, delivery_state, delivery_country, delivery_address_format_id, billing_name, billing_company, billing_street_address, billing_suburb, billing_city, billing_postcode, billing_state, billing_country, billing_address_format_id, payment_method, cc_type, cc_owner, cc_number, cc_cvv2, cc_expires, last_modified, date_purchased, orders_status, orders_date_finished, currency, currency_value) values ('43', '38', 'David Housman', '', '4743 Music Lane', '', 'St. Louis', '63128', 'Missouri', 'United States', '314.409.5565', 'ddhousman@hotmail.com', '2', 'David Housman', '', '4743 Music Lane', '', 'St. Louis', '63128', 'Missouri', 'United States', '2', 'David Housman', '', '4743 Music Lane', '', 'St. Louis', '63128', 'Missouri', 'United States', '2', 'Credit Card', 'Master Card', 'David Housman', '5546083010129126', NULL, '0907', '2005-08-02 14:07:42', '2005-08-02 07:54:31', '3', NULL, 'USD', '1.000000');
insert into orders (orders_id, customers_id, customers_name, customers_company, customers_street_address, customers_suburb, customers_city, customers_postcode, customers_state, customers_country, customers_telephone, customers_email_address, customers_address_format_id, delivery_name, delivery_company, delivery_street_address, delivery_suburb, delivery_city, delivery_postcode, delivery_state, delivery_country, delivery_address_format_id, billing_name, billing_company, billing_street_address, billing_suburb, billing_city, billing_postcode, billing_state, billing_country, billing_address_format_id, payment_method, cc_type, cc_owner, cc_number, cc_cvv2, cc_expires, last_modified, date_purchased, orders_status, orders_date_finished, currency, currency_value) values ('45', '40', 'paul guthrie', '', '1806 lee st.', '', 'west point', '23181', 'Virginia', 'United States', '8048439155', 'johndeere210@msn.com', '2', 'paul guthrie', '', '1806 lee st.', '', 'west point', '23181', 'Virginia', 'United States', '2', 'paul guthrie', '', '1806 lee st.', '', 'west point', '23181', 'Virginia', 'United States', '2', 'Credit Card', 'Visa', 'paul guthrie', '4888603125268128', NULL, '0207', '2005-08-09 13:57:38', '2005-08-07 02:53:19', '3', NULL, 'USD', '1.000000');
insert into orders (orders_id, customers_id, customers_name, customers_company, customers_street_address, customers_suburb, customers_city, customers_postcode, customers_state, customers_country, customers_telephone, customers_email_address, customers_address_format_id, delivery_name, delivery_company, delivery_street_address, delivery_suburb, delivery_city, delivery_postcode, delivery_state, delivery_country, delivery_address_format_id, billing_name, billing_company, billing_street_address, billing_suburb, billing_city, billing_postcode, billing_state, billing_country, billing_address_format_id, payment_method, cc_type, cc_owner, cc_number, cc_cvv2, cc_expires, last_modified, date_purchased, orders_status, orders_date_finished, currency, currency_value) values ('48', '44', 'Rick Brown', '', '1342 Birch St.', '', 'Pittsburg', '94565', 'California', 'United States', '925-439-8987', 'hdcruzer@sbcglobal.net', '2', 'Rick Brown', '', '1342 Birch St.', '', 'Pittsburg', '94565', 'California', 'United States', '2', 'Rick Brown', '', '1342 Birch St.', '', 'Pittsburg', '94565', 'California', 'United States', '2', 'Credit Card', 'Visa', 'Richard F Brown', '4266851055055195', NULL, '0607', '2005-09-27 14:36:58', '2005-09-26 13:45:20', '3', NULL, 'USD', '1.000000');
insert into orders (orders_id, customers_id, customers_name, customers_company, customers_street_address, customers_suburb, customers_city, customers_postcode, customers_state, customers_country, customers_telephone, customers_email_address, customers_address_format_id, delivery_name, delivery_company, delivery_street_address, delivery_suburb, delivery_city, delivery_postcode, delivery_state, delivery_country, delivery_address_format_id, billing_name, billing_company, billing_street_address, billing_suburb, billing_city, billing_postcode, billing_state, billing_country, billing_address_format_id, payment_method, cc_type, cc_owner, cc_number, cc_cvv2, cc_expires, last_modified, date_purchased, orders_status, orders_date_finished, currency, currency_value) values ('49', '45', 'Stephanie Lloyd', '', '9774 State Route 128', '', 'Harrison', '45030', 'Ohio', 'United States', '5132769229', 'slloyd1976@hotmail.com', '2', 'Stephanie Lloyd', '', '9774 State Route 128', '', 'Harrison', '45030', 'Ohio', 'United States', '2', 'Stephanie Lloyd', '', '9774 State Route 128', '', 'Harrison', '45030', 'Ohio', 'United States', '2', 'PayPal (Credit Card / Debit)', '', 'Stephanie Lloyd', '', NULL, '', '2005-09-28 07:44:25', '2005-09-27 12:58:10', '3', NULL, 'USD', '1.000000');
insert into orders (orders_id, customers_id, customers_name, customers_company, customers_street_address, customers_suburb, customers_city, customers_postcode, customers_state, customers_country, customers_telephone, customers_email_address, customers_address_format_id, delivery_name, delivery_company, delivery_street_address, delivery_suburb, delivery_city, delivery_postcode, delivery_state, delivery_country, delivery_address_format_id, billing_name, billing_company, billing_street_address, billing_suburb, billing_city, billing_postcode, billing_state, billing_country, billing_address_format_id, payment_method, cc_type, cc_owner, cc_number, cc_cvv2, cc_expires, last_modified, date_purchased, orders_status, orders_date_finished, currency, currency_value) values ('50', '44', 'Rick Brown', '', '1342 Birch St.', '', 'Pittsburg', '94565', 'California', 'United States', '925-439-8987', 'hdcruzer@sbcglobal.net', '2', 'Rick Brown', '', '1342 Birch St.', '', 'Pittsburg', '94565', 'California', 'United States', '2', 'Rick Brown', '', '1342 Birch St.', '', 'Pittsburg', '94565', 'California', 'United States', '2', 'PayPal (Credit Card / Debit)', '', 'Rick Brown', '', NULL, '', '2005-10-06 13:36:25', '2005-10-05 19:49:36', '3', NULL, 'USD', '1.000000');
insert into orders (orders_id, customers_id, customers_name, customers_company, customers_street_address, customers_suburb, customers_city, customers_postcode, customers_state, customers_country, customers_telephone, customers_email_address, customers_address_format_id, delivery_name, delivery_company, delivery_street_address, delivery_suburb, delivery_city, delivery_postcode, delivery_state, delivery_country, delivery_address_format_id, billing_name, billing_company, billing_street_address, billing_suburb, billing_city, billing_postcode, billing_state, billing_country, billing_address_format_id, payment_method, cc_type, cc_owner, cc_number, cc_cvv2, cc_expires, last_modified, date_purchased, orders_status, orders_date_finished, currency, currency_value) values ('51', '47', 'Denise Brown', '', '13 Boulder Ave', '', 'South Paris', '04281', 'Maine', 'United States', '207-743-2832', 'dsbrown@megalink.net', '2', 'Denise Brown', 'Kennison Real Estate', '1560 Main Street', '', 'Oxford', '04270', 'Maine', 'United States', '2', 'Denise Brown', '', '13 Boulder Ave', '', 'South Paris', '04281', 'Maine', 'United States', '2', 'PayPal (Credit Card / Debit)', '', 'Denise Brown', '', NULL, '', '2005-10-13 12:50:35', '2005-10-13 05:20:03', '3', NULL, 'USD', '1.000000');
insert into orders (orders_id, customers_id, customers_name, customers_company, customers_street_address, customers_suburb, customers_city, customers_postcode, customers_state, customers_country, customers_telephone, customers_email_address, customers_address_format_id, delivery_name, delivery_company, delivery_street_address, delivery_suburb, delivery_city, delivery_postcode, delivery_state, delivery_country, delivery_address_format_id, billing_name, billing_company, billing_street_address, billing_suburb, billing_city, billing_postcode, billing_state, billing_country, billing_address_format_id, payment_method, cc_type, cc_owner, cc_number, cc_cvv2, cc_expires, last_modified, date_purchased, orders_status, orders_date_finished, currency, currency_value) values ('52', '44', 'Rick Brown', '', '1342 Birch St.', '', 'Pittsburg', '94565', 'California', 'United States', '925-439-8987', 'hdcruzer@sbcglobal.net', '2', 'Rick Brown', '', '1342 Birch St.', '', 'Pittsburg', '94565', 'California', 'United States', '2', 'Rick Brown', '', '1342 Birch St.', '', 'Pittsburg', '94565', 'California', 'United States', '2', 'PayPal (Credit Card / Debit)', '', 'Rick Brown', '', NULL, '', '2005-10-26 13:56:44', '2005-10-25 17:20:18', '3', NULL, 'USD', '1.000000');
insert into orders (orders_id, customers_id, customers_name, customers_company, customers_street_address, customers_suburb, customers_city, customers_postcode, customers_state, customers_country, customers_telephone, customers_email_address, customers_address_format_id, delivery_name, delivery_company, delivery_street_address, delivery_suburb, delivery_city, delivery_postcode, delivery_state, delivery_country, delivery_address_format_id, billing_name, billing_company, billing_street_address, billing_suburb, billing_city, billing_postcode, billing_state, billing_country, billing_address_format_id, payment_method, cc_type, cc_owner, cc_number, cc_cvv2, cc_expires, last_modified, date_purchased, orders_status, orders_date_finished, currency, currency_value) values ('53', '50', 'john wheat', 'parchman oilfield services', '6 miles north 281', '', 'edinburg', '78540', 'Texas', 'United States', '956-369-5346', 'jwheat@ipsadvantage.com', '2', 'john wheat', 'parchman oilfield services', '6 miles north 281', '', 'edinburg', '78540', 'Texas', 'United States', '2', 'john wheat', 'parchman oilfield services', '6 miles north 281', '', 'edinburg', '78540', 'Texas', 'United States', '2', 'Credit Card', 'Master Card', 'john wheat', '5407915019375838', NULL, '0308', '2005-11-01 14:39:52', '2005-10-31 13:52:26', '3', NULL, 'USD', '1.000000');
insert into orders (orders_id, customers_id, customers_name, customers_company, customers_street_address, customers_suburb, customers_city, customers_postcode, customers_state, customers_country, customers_telephone, customers_email_address, customers_address_format_id, delivery_name, delivery_company, delivery_street_address, delivery_suburb, delivery_city, delivery_postcode, delivery_state, delivery_country, delivery_address_format_id, billing_name, billing_company, billing_street_address, billing_suburb, billing_city, billing_postcode, billing_state, billing_country, billing_address_format_id, payment_method, cc_type, cc_owner, cc_number, cc_cvv2, cc_expires, last_modified, date_purchased, orders_status, orders_date_finished, currency, currency_value) values ('56', '52', 'Heather Anderson', '', '402 Anderson Rd.', '', 'Hayesville', '28904', 'North Carolina', 'United States', '828-389-4315', 'uncbabe20@hotmail.com', '2', 'Heather Anderson', '', '402 Anderson Rd.', '', 'Hayesville', '28904', 'North Carolina', 'United States', '2', 'Heather Anderson', '', '402 Anderson Rd.', '', 'Hayesville', '28904', 'North Carolina', 'United States', '2', 'PayPal (Credit Card / Debit)', '', 'Heather Anderson', '', NULL, '', '2005-11-04 11:09:16', '2005-11-03 13:25:21', '3', NULL, 'USD', '1.000000');
insert into orders (orders_id, customers_id, customers_name, customers_company, customers_street_address, customers_suburb, customers_city, customers_postcode, customers_state, customers_country, customers_telephone, customers_email_address, customers_address_format_id, delivery_name, delivery_company, delivery_street_address, delivery_suburb, delivery_city, delivery_postcode, delivery_state, delivery_country, delivery_address_format_id, billing_name, billing_company, billing_street_address, billing_suburb, billing_city, billing_postcode, billing_state, billing_country, billing_address_format_id, payment_method, cc_type, cc_owner, cc_number, cc_cvv2, cc_expires, last_modified, date_purchased, orders_status, orders_date_finished, currency, currency_value) values ('55', '51', 'JON MICKELSON', '', '812 8TH ST SE', '', 'DETROIT LAKES', '56501', 'Minnesota', 'United States', '218 847 4252', 'CHANEY@LAKESNET.NET', '2', 'JON MICKELSON', '', '812 8TH ST SE', '', 'DETROIT LAKES', '56501', 'Minnesota', 'United States', '2', 'JON MICKELSON', '', '812 8TH ST SE', '', 'DETROIT LAKES', '56501', 'Minnesota', 'United States', '2', 'PayPal (Credit Card / Debit)', '', 'JON MICKELSON', '', NULL, '', '2005-11-02 14:38:49', '2005-11-02 07:41:30', '3', NULL, 'USD', '1.000000');
insert into orders (orders_id, customers_id, customers_name, customers_company, customers_street_address, customers_suburb, customers_city, customers_postcode, customers_state, customers_country, customers_telephone, customers_email_address, customers_address_format_id, delivery_name, delivery_company, delivery_street_address, delivery_suburb, delivery_city, delivery_postcode, delivery_state, delivery_country, delivery_address_format_id, billing_name, billing_company, billing_street_address, billing_suburb, billing_city, billing_postcode, billing_state, billing_country, billing_address_format_id, payment_method, cc_type, cc_owner, cc_number, cc_cvv2, cc_expires, last_modified, date_purchased, orders_status, orders_date_finished, currency, currency_value) values ('57', '48', 'Doug Coffield', '', '7260 S. Elms Road', '', 'Swartz Creek', '48473', 'Michigan', 'United States', '810 240-7194', 'dcoffield1@comcast.net', '2', 'Doug Coffield', '', '7260 S. Elms Road', '', 'Swartz Creek', '48473', 'Michigan', 'United States', '2', 'Doug Coffield', '', '7260 S. Elms Road', '', 'Swartz Creek', '48473', 'Michigan', 'United States', '2', 'Credit Card', 'Master Card', 'Doug Coffield', '5477538500530011', NULL, '0108', '2005-11-07 19:16:30', '2005-11-04 18:58:26', '3', NULL, 'USD', '1.000000');
insert into orders (orders_id, customers_id, customers_name, customers_company, customers_street_address, customers_suburb, customers_city, customers_postcode, customers_state, customers_country, customers_telephone, customers_email_address, customers_address_format_id, delivery_name, delivery_company, delivery_street_address, delivery_suburb, delivery_city, delivery_postcode, delivery_state, delivery_country, delivery_address_format_id, billing_name, billing_company, billing_street_address, billing_suburb, billing_city, billing_postcode, billing_state, billing_country, billing_address_format_id, payment_method, cc_type, cc_owner, cc_number, cc_cvv2, cc_expires, last_modified, date_purchased, orders_status, orders_date_finished, currency, currency_value) values ('59', '54', 'William Odom', '', 'PO Box 434', '', 'Frisco City', '36445', 'Alabama', 'United States', '251 267-2330', 'jetman@frontiernet.net', '2', 'William Odom', 'ARP Hangar', '540 Hangar Road', '', 'Frisco City', '36460', 'Alabama', 'United States', '2', 'William Odom', '', 'PO Box 434', '', 'Frisco City', '36445', 'Alabama', 'United States', '2', 'Credit Card', 'Visa', 'William Odom', '4417121517244482', NULL, '0208', '2005-11-15 17:33:12', '2005-11-15 12:58:29', '3', NULL, 'USD', '1.000000');
insert into orders (orders_id, customers_id, customers_name, customers_company, customers_street_address, customers_suburb, customers_city, customers_postcode, customers_state, customers_country, customers_telephone, customers_email_address, customers_address_format_id, delivery_name, delivery_company, delivery_street_address, delivery_suburb, delivery_city, delivery_postcode, delivery_state, delivery_country, delivery_address_format_id, billing_name, billing_company, billing_street_address, billing_suburb, billing_city, billing_postcode, billing_state, billing_country, billing_address_format_id, payment_method, cc_type, cc_owner, cc_number, cc_cvv2, cc_expires, last_modified, date_purchased, orders_status, orders_date_finished, currency, currency_value) values ('60', '55', 'Peter Swanson', '', '310 South Center St.', '', 'Windsor Locks', '06096', 'Connecticut', 'United States', '860-371-0230', 'peterswanson@cox.net', '2', 'Peter Swanson', '', '310 South Center St.', '', 'Windsor Locks', '06096', 'Connecticut', 'United States', '2', 'Peter Swanson', '', '310 South Center St.', '', 'Windsor Locks', '06096', 'Connecticut', 'United States', '2', 'PayPal (Credit Card / Debit)', '', 'Peter Swanson', '', NULL, '', '2005-11-18 13:33:51', '2005-11-17 17:47:06', '3', NULL, 'USD', '1.000000');
insert into orders (orders_id, customers_id, customers_name, customers_company, customers_street_address, customers_suburb, customers_city, customers_postcode, customers_state, customers_country, customers_telephone, customers_email_address, customers_address_format_id, delivery_name, delivery_company, delivery_street_address, delivery_suburb, delivery_city, delivery_postcode, delivery_state, delivery_country, delivery_address_format_id, billing_name, billing_company, billing_street_address, billing_suburb, billing_city, billing_postcode, billing_state, billing_country, billing_address_format_id, payment_method, cc_type, cc_owner, cc_number, cc_cvv2, cc_expires, last_modified, date_purchased, orders_status, orders_date_finished, currency, currency_value) values ('61', '56', 'Taren Billingsley', '', '92 Tyrrell Street/PO Box 633', '', 'South Webster', '45682', 'Ohio', 'United States', '740-778-4014', 'taren_bill@hotmail.com', '2', 'Taren Billingsley', '', '92 Tyrrell Street/PO Box 633', '', 'South Webster', '45682', 'Ohio', 'United States', '2', 'Taren Billingsley', '', '92 Tyrrell Street/PO Box 633', '', 'South Webster', '45682', 'Ohio', 'United States', '2', 'Credit Card', 'Visa', 'Taren Billingsley', '4640188005779914', NULL, '0806', '2005-11-22 14:03:02', '2005-11-21 18:10:56', '3', NULL, 'USD', '1.000000');
insert into orders (orders_id, customers_id, customers_name, customers_company, customers_street_address, customers_suburb, customers_city, customers_postcode, customers_state, customers_country, customers_telephone, customers_email_address, customers_address_format_id, delivery_name, delivery_company, delivery_street_address, delivery_suburb, delivery_city, delivery_postcode, delivery_state, delivery_country, delivery_address_format_id, billing_name, billing_company, billing_street_address, billing_suburb, billing_city, billing_postcode, billing_state, billing_country, billing_address_format_id, payment_method, cc_type, cc_owner, cc_number, cc_cvv2, cc_expires, last_modified, date_purchased, orders_status, orders_date_finished, currency, currency_value) values ('62', '58', 'Jan Howard', '', '532 Hickory Drive', '', 'Social Circle', '30025', 'Georgia', 'United States', '770-712-2964', 'ladibugg07@yahoo.com', '2', 'Jan Howard', '', '532 Hickory Drive', '', 'Social Circle', '30025', 'Georgia', 'United States', '2', 'Jan Howard', '', '532 Hickory Drive', '', 'Social Circle', '30025', 'Georgia', 'United States', '2', 'PayPal (Credit Card / Debit)', '', 'Jan Howard', '', NULL, '', '2005-12-01 14:40:16', '2005-11-30 11:44:07', '3', NULL, 'USD', '1.000000');
insert into orders (orders_id, customers_id, customers_name, customers_company, customers_street_address, customers_suburb, customers_city, customers_postcode, customers_state, customers_country, customers_telephone, customers_email_address, customers_address_format_id, delivery_name, delivery_company, delivery_street_address, delivery_suburb, delivery_city, delivery_postcode, delivery_state, delivery_country, delivery_address_format_id, billing_name, billing_company, billing_street_address, billing_suburb, billing_city, billing_postcode, billing_state, billing_country, billing_address_format_id, payment_method, cc_type, cc_owner, cc_number, cc_cvv2, cc_expires, last_modified, date_purchased, orders_status, orders_date_finished, currency, currency_value) values ('63', '59', 'DONNA BIDWELL', '', '26 CRANBERRY DRIVE', '', 'ELDRED', '16731', 'Pennsylvania', 'United States', '814-225-3704', 'dbidwell@verizon.net', '2', 'DONNA BIDWELL', '', '26 CRANBERRY DRIVE', '', 'ELDRED', '16731', 'Pennsylvania', 'United States', '2', 'DONNA BIDWELL', '', '26 CRANBERRY DRIVE', '', 'ELDRED', '16731', 'Pennsylvania', 'United States', '2', 'Credit Card', 'Master Card', 'DONNA K BIDWELL', '5140218894820099', NULL, '0307', '2005-12-01 15:08:06', '2005-12-01 08:41:53', '3', NULL, 'USD', '1.000000');
insert into orders (orders_id, customers_id, customers_name, customers_company, customers_street_address, customers_suburb, customers_city, customers_postcode, customers_state, customers_country, customers_telephone, customers_email_address, customers_address_format_id, delivery_name, delivery_company, delivery_street_address, delivery_suburb, delivery_city, delivery_postcode, delivery_state, delivery_country, delivery_address_format_id, billing_name, billing_company, billing_street_address, billing_suburb, billing_city, billing_postcode, billing_state, billing_country, billing_address_format_id, payment_method, cc_type, cc_owner, cc_number, cc_cvv2, cc_expires, last_modified, date_purchased, orders_status, orders_date_finished, currency, currency_value) values ('64', '60', 'Garvey Pennington', '', '236 Page Drive', '', 'West Jefferson', '28694', 'North Carolina', 'United States', '336-846-3016', 'garvey22@skybest.com', '2', 'Garvey Pennington', 'Gates Rubber', '101 Gates Lane', '', 'Jefferson', '28640', 'North Carolina', 'United States', '2', 'Garvey Pennington', '', 'PO Box 1323', '', 'West Jefferson', '28694', 'North Carolina', 'United States', '2', 'PayPal (Credit Card / Debit)', '', 'Garvey Pennington', '', NULL, '', '2005-12-02 12:20:23', '2005-12-01 16:53:17', '3', NULL, 'USD', '1.000000');
insert into orders (orders_id, customers_id, customers_name, customers_company, customers_street_address, customers_suburb, customers_city, customers_postcode, customers_state, customers_country, customers_telephone, customers_email_address, customers_address_format_id, delivery_name, delivery_company, delivery_street_address, delivery_suburb, delivery_city, delivery_postcode, delivery_state, delivery_country, delivery_address_format_id, billing_name, billing_company, billing_street_address, billing_suburb, billing_city, billing_postcode, billing_state, billing_country, billing_address_format_id, payment_method, cc_type, cc_owner, cc_number, cc_cvv2, cc_expires, last_modified, date_purchased, orders_status, orders_date_finished, currency, currency_value) values ('65', '61', 'Ricky McShane', '', '3505 D. H. Watkins', '', 'Deer Park', '77536', 'Texas', 'United States', '281-479-5334', 'dpdeer1@ev1.net', '2', 'Ricky McShane', '', '3505 D. H. Watkins', '', 'Deer Park', '77536', 'Texas', 'United States', '2', 'Ricky McShane', '', '3505 D. H. Watkins', '', 'Deer Park', '77536', 'Texas', 'United States', '2', 'Credit Card', 'Visa', 'Ricky McShane', '4032130020023940', NULL, '1008', '2005-12-05 12:17:03', '2005-12-02 14:10:36', '3', NULL, 'USD', '1.000000');
insert into orders (orders_id, customers_id, customers_name, customers_company, customers_street_address, customers_suburb, customers_city, customers_postcode, customers_state, customers_country, customers_telephone, customers_email_address, customers_address_format_id, delivery_name, delivery_company, delivery_street_address, delivery_suburb, delivery_city, delivery_postcode, delivery_state, delivery_country, delivery_address_format_id, billing_name, billing_company, billing_street_address, billing_suburb, billing_city, billing_postcode, billing_state, billing_country, billing_address_format_id, payment_method, cc_type, cc_owner, cc_number, cc_cvv2, cc_expires, last_modified, date_purchased, orders_status, orders_date_finished, currency, currency_value) values ('66', '62', 'Jeff Havins', '', 'PO Box 566', '', 'Seymour', '76380', 'Texas', 'United States', '940-733-2704', 'jeff_h_1967@yahoo.com', '2', 'Jeff Havins', '', '214 S Main', '', 'Seymour', '76380', 'Texas', 'United States', '2', 'Jeff Havins', '', 'PO Box 566', '', 'Seymour', '76380', 'Texas', 'United States', '2', 'PayPal (Credit Card / Debit)', '', 'Jeff Havins', '', NULL, '', '2005-12-07 14:07:37', '2005-12-07 13:16:33', '3', NULL, 'USD', '1.000000');
insert into orders (orders_id, customers_id, customers_name, customers_company, customers_street_address, customers_suburb, customers_city, customers_postcode, customers_state, customers_country, customers_telephone, customers_email_address, customers_address_format_id, delivery_name, delivery_company, delivery_street_address, delivery_suburb, delivery_city, delivery_postcode, delivery_state, delivery_country, delivery_address_format_id, billing_name, billing_company, billing_street_address, billing_suburb, billing_city, billing_postcode, billing_state, billing_country, billing_address_format_id, payment_method, cc_type, cc_owner, cc_number, cc_cvv2, cc_expires, last_modified, date_purchased, orders_status, orders_date_finished, currency, currency_value) values ('67', '63', 'Erin O\'Neill', '', '119 Oak Lane', '', 'Tupelo', '1111', 'Mississippi', 'United States', '662-891-3066', 'erin_177@hotmail.com', '2', 'Erin O\'Neill', '', '119 Oak Lane', '', 'Tupelo', '38801', 'Mississippi', 'United States', '2', 'Erin O\'Neill', '', '1419 West Bristow Dr.', '', 'Tupelo', '38801', 'Mississippi', 'United States', '2', 'Credit Card', 'Visa', 'Erin O\\\\\\\'Neill', '4236810002073344', NULL, '0108', '2005-12-09 14:47:07', '2005-12-08 16:51:42', '3', NULL, 'USD', '1.000000');
insert into orders (orders_id, customers_id, customers_name, customers_company, customers_street_address, customers_suburb, customers_city, customers_postcode, customers_state, customers_country, customers_telephone, customers_email_address, customers_address_format_id, delivery_name, delivery_company, delivery_street_address, delivery_suburb, delivery_city, delivery_postcode, delivery_state, delivery_country, delivery_address_format_id, billing_name, billing_company, billing_street_address, billing_suburb, billing_city, billing_postcode, billing_state, billing_country, billing_address_format_id, payment_method, cc_type, cc_owner, cc_number, cc_cvv2, cc_expires, last_modified, date_purchased, orders_status, orders_date_finished, currency, currency_value) values ('68', '5', 'lana kirchhoff', '', '4202 w shaulis road', '', 'cedar fall;s', '50613', 'Iowa', 'United States', '319-988-4346', 'lana5655@yahoo.com', '2', 'lana kirchhoff', '', '4202 w shaulis road', '', 'cedar fall;s', '50613', 'Iowa', 'United States', '2', 'lana kirchhoff', '', '4202 w shaulis road', '', 'cedar fall;s', '50613', 'Iowa', 'United States', '2', 'Credit Card', 'Master Card', 'lana kirchhoff', '5121079717998147', NULL, '0608', NULL, '2005-12-08 19:22:32', '1', NULL, 'USD', '1.000000');
insert into orders (orders_id, customers_id, customers_name, customers_company, customers_street_address, customers_suburb, customers_city, customers_postcode, customers_state, customers_country, customers_telephone, customers_email_address, customers_address_format_id, delivery_name, delivery_company, delivery_street_address, delivery_suburb, delivery_city, delivery_postcode, delivery_state, delivery_country, delivery_address_format_id, billing_name, billing_company, billing_street_address, billing_suburb, billing_city, billing_postcode, billing_state, billing_country, billing_address_format_id, payment_method, cc_type, cc_owner, cc_number, cc_cvv2, cc_expires, last_modified, date_purchased, orders_status, orders_date_finished, currency, currency_value) values ('69', '66', 'LESLIE HESSON', '', '414 SEMINARY ST', '', 'ROCKPORT', 'PO BOX 226', 'Indiana', 'United States', '8126495361', 'lhesson@adelphia.net', '2', 'LESLIE HESSON', '', '2212 FREDERICA ST', '', 'OWENSBORO', '42301', 'Kentucky', 'United States', '2', 'LESLIE HESSON', '', 'PO BOX 226', '', 'ROCKPORT', '47635', 'Indiana', 'United States', '2', 'Credit Card', 'Visa', 'LESLIE HESSON', '4432644902279988', NULL, '0407', '2005-12-19 16:06:55', '2005-12-16 19:32:52', '3', NULL, 'USD', '1.000000');
insert into orders (orders_id, customers_id, customers_name, customers_company, customers_street_address, customers_suburb, customers_city, customers_postcode, customers_state, customers_country, customers_telephone, customers_email_address, customers_address_format_id, delivery_name, delivery_company, delivery_street_address, delivery_suburb, delivery_city, delivery_postcode, delivery_state, delivery_country, delivery_address_format_id, billing_name, billing_company, billing_street_address, billing_suburb, billing_city, billing_postcode, billing_state, billing_country, billing_address_format_id, payment_method, cc_type, cc_owner, cc_number, cc_cvv2, cc_expires, last_modified, date_purchased, orders_status, orders_date_finished, currency, currency_value) values ('70', '67', 'Efrain Mendoza', 'All Star Motorsports', '2360 Notre Dame Bvd #4', '', 'Chico', '95928', 'California', 'United States', '530-343-1743', 'sniperj97@yahoo.com', '2', 'Efrain Mendoza', 'All Star Motorsports', '2360 Notre Dame Bvd #4', '', 'Chico', '95928', 'California', 'United States', '2', 'Efrain Mendoza', 'All Star Motorsports', '2360 Notre Dame Bvd #4', '', 'Chico', '95928', 'California', 'United States', '2', 'PayPal (Credit Card / Debit)', '', 'Efrain Mendoza', '', NULL, '', NULL, '2005-12-19 23:20:52', '4', NULL, 'USD', '1.000000');
insert into orders (orders_id, customers_id, customers_name, customers_company, customers_street_address, customers_suburb, customers_city, customers_postcode, customers_state, customers_country, customers_telephone, customers_email_address, customers_address_format_id, delivery_name, delivery_company, delivery_street_address, delivery_suburb, delivery_city, delivery_postcode, delivery_state, delivery_country, delivery_address_format_id, billing_name, billing_company, billing_street_address, billing_suburb, billing_city, billing_postcode, billing_state, billing_country, billing_address_format_id, payment_method, cc_type, cc_owner, cc_number, cc_cvv2, cc_expires, last_modified, date_purchased, orders_status, orders_date_finished, currency, currency_value) values ('71', '68', 'Doug Rose', '', '20118 Ionia Rd', '', 'Ionia', '65335', 'Missouri', 'United States', '660-285-0109', 'dbrose@socket.net', '2', 'Eric Rose', '', '642 Main St.', '', 'Lincoln', '65338', 'Missouri', 'United States', '2', 'Doug Rose', '', '20118 Ionia Rd', '', 'Ionia', '65335', 'Missouri', 'United States', '2', 'PayPal (Credit Card / Debit)', '', 'Doug Rose', '', NULL, '', NULL, '2005-12-21 10:15:06', '4', NULL, 'USD', '1.000000');
insert into orders (orders_id, customers_id, customers_name, customers_company, customers_street_address, customers_suburb, customers_city, customers_postcode, customers_state, customers_country, customers_telephone, customers_email_address, customers_address_format_id, delivery_name, delivery_company, delivery_street_address, delivery_suburb, delivery_city, delivery_postcode, delivery_state, delivery_country, delivery_address_format_id, billing_name, billing_company, billing_street_address, billing_suburb, billing_city, billing_postcode, billing_state, billing_country, billing_address_format_id, payment_method, cc_type, cc_owner, cc_number, cc_cvv2, cc_expires, last_modified, date_purchased, orders_status, orders_date_finished, currency, currency_value) values ('72', '68', 'Doug Rose', '', '20118 Ionia Rd', '', 'Ionia', '65335', 'Missouri', 'United States', '660-285-0109', 'dbrose@socket.net', '2', 'Eric Rose', '', '642 Main St.', '', 'Lincoln', '65338', 'Missouri', 'United States', '2', 'Doug Rose', '', '20118 Ionia Rd', '', 'Ionia', '65335', 'Missouri', 'United States', '2', 'Credit Card', 'Visa', 'Anthony D Rose', '4305500378029717', NULL, '0706', NULL, '2005-12-21 10:22:04', '1', NULL, 'USD', '1.000000');
insert into orders (orders_id, customers_id, customers_name, customers_company, customers_street_address, customers_suburb, customers_city, customers_postcode, customers_state, customers_country, customers_telephone, customers_email_address, customers_address_format_id, delivery_name, delivery_company, delivery_street_address, delivery_suburb, delivery_city, delivery_postcode, delivery_state, delivery_country, delivery_address_format_id, billing_name, billing_company, billing_street_address, billing_suburb, billing_city, billing_postcode, billing_state, billing_country, billing_address_format_id, payment_method, cc_type, cc_owner, cc_number, cc_cvv2, cc_expires, last_modified, date_purchased, orders_status, orders_date_finished, currency, currency_value) values ('73', '3', 'Mike Sheridan', '', '153 Toneff Drive', '', 'Elk Run Heights', '50707', 'Iowa', 'United States', '319-233-1044', 'mikesheridan5@msn.com', '2', 'Mike Sheridan', '', '153 Toneff Drive', '', 'Elk Run Heights', '50707', 'Iowa', 'United States', '2', 'Mike Sheridan', '', '153 Toneff Drive', '', 'Elk Run Heights', '50707', 'Iowa', 'United States', '2', 'Credit Card', 'Visa', 'Mike Sheridan', '4355440860114454', '', '0109', NULL, '2005-12-21 19:25:20', '1', NULL, 'USD', '1.000000');
drop table if exists orders_products;
create table orders_products (
  orders_products_id int(11) not null auto_increment,
  orders_id int(11) default '0' not null ,
  products_id int(11) default '0' not null ,
  products_model varchar(12) ,
  products_name varchar(64) not null ,
  products_price decimal(15,4) default '0.0000' not null ,
  final_price decimal(15,4) default '0.0000' not null ,
  products_tax decimal(7,4) default '0.0000' not null ,
  products_quantity int(2) default '0' not null ,
  PRIMARY KEY (orders_products_id)
);

insert into orders_products (orders_products_id, orders_id, products_id, products_model, products_name, products_price, final_price, products_tax, products_quantity) values ('1', '1', '73', '416194', '350 Chevy Performance Heads-68cc - 1.94/1.50', '379.0000', '379.0000', '0.0000', '1');
insert into orders_products (orders_products_id, orders_id, products_id, products_model, products_name, products_price, final_price, products_tax, products_quantity) values ('26', '20', '41', 'SA-2000', 'RCI- SA2000 Helmet', '199.0000', '199.0000', '0.0000', '1');
insert into orders_products (orders_products_id, orders_id, products_id, products_model, products_name, products_price, final_price, products_tax, products_quantity) values ('25', '19', '347', '36-181', 'Holley Jet Kit', '44.9900', '44.9900', '0.0000', '1');
insert into orders_products (orders_products_id, orders_id, products_id, products_model, products_name, products_price, final_price, products_tax, products_quantity) values ('24', '19', '160', '186', 'Schoenfeld SBC Street Stock Headers', '169.9900', '169.9900', '0.0000', '1');
insert into orders_products (orders_products_id, orders_id, products_id, products_model, products_name, products_price, final_price, products_tax, products_quantity) values ('21', '16', '320', '', 'Ultra Shield 2-Piece Single Layer Driving / Racing Suit', '94.9900', '104.9900', '0.0000', '1');
insert into orders_products (orders_products_id, orders_id, products_id, products_model, products_name, products_price, final_price, products_tax, products_quantity) values ('23', '18', '320', '', 'Ultra Shield 2-Piece Single Layer Driving / Racing Suit', '94.9900', '94.9900', '0.0000', '1');
insert into orders_products (orders_products_id, orders_id, products_id, products_model, products_name, products_price, final_price, products_tax, products_quantity) values ('18', '14', '211', '', '350 Chevy Engine Kit - Balanced Pistons', '249.9900', '249.9900', '0.0000', '1');
insert into orders_products (orders_products_id, orders_id, products_id, products_model, products_name, products_price, final_price, products_tax, products_quantity) values ('19', '14', '10', '882202', '350 Chevy Performance Heads 76cc -  2.02/1.60', '399.0000', '399.0000', '0.0000', '1');
insert into orders_products (orders_products_id, orders_id, products_id, products_model, products_name, products_price, final_price, products_tax, products_quantity) values ('20', '15', '320', '', 'Ultra Shield 2-Piece Single Layer Driving / Racing Suit', '94.9900', '94.9900', '0.0000', '1');
insert into orders_products (orders_products_id, orders_id, products_id, products_model, products_name, products_price, final_price, products_tax, products_quantity) values ('27', '21', '41', 'SA-2000', 'RCI- SA2000 Helmet', '199.0000', '199.0000', '0.0000', '1');
insert into orders_products (orders_products_id, orders_id, products_id, products_model, products_name, products_price, final_price, products_tax, products_quantity) values ('28', '21', '151', '01202', 'Ultra-Shield Tearoffs - Bell, RCI, G-Force', '14.9900', '14.9900', '0.0000', '1');
insert into orders_products (orders_products_id, orders_id, products_id, products_model, products_name, products_price, final_price, products_tax, products_quantity) values ('29', '21', '45', '', 'Ultra Shield Single Layer Driving Gloves', '36.9900', '36.9900', '0.0000', '1');
insert into orders_products (orders_products_id, orders_id, products_id, products_model, products_name, products_price, final_price, products_tax, products_quantity) values ('30', '22', '45', '', 'Ultra Shield Single Layer Driving Gloves', '36.9900', '36.9900', '0.0000', '1');
insert into orders_products (orders_products_id, orders_id, products_id, products_model, products_name, products_price, final_price, products_tax, products_quantity) values ('31', '22', '320', '', 'Ultra Shield 2-Piece Single Layer Driving / Racing Suit', '94.9900', '104.9900', '0.0000', '1');
insert into orders_products (orders_products_id, orders_id, products_id, products_model, products_name, products_price, final_price, products_tax, products_quantity) values ('32', '23', '320', '', 'Ultra Shield 2-Piece Single Layer Driving / Racing Suit', '94.9900', '94.9900', '0.0000', '1');
insert into orders_products (orders_products_id, orders_id, products_id, products_model, products_name, products_price, final_price, products_tax, products_quantity) values ('33', '23', '41', 'SA-2000', 'RCI- SA2000 Helmet', '199.0000', '199.0000', '0.0000', '1');
insert into orders_products (orders_products_id, orders_id, products_id, products_model, products_name, products_price, final_price, products_tax, products_quantity) values ('34', '23', '151', '01202', 'Ultra-Shield Tearoffs - Bell, RCI, G-Force', '14.9900', '14.9900', '0.0000', '1');
insert into orders_products (orders_products_id, orders_id, products_id, products_model, products_name, products_price, final_price, products_tax, products_quantity) values ('35', '24', '320', '', 'Ultra Shield 2-Piece Single Layer Driving / Racing Suit', '94.9900', '99.9900', '0.0000', '1');
insert into orders_products (orders_products_id, orders_id, products_id, products_model, products_name, products_price, final_price, products_tax, products_quantity) values ('36', '25', '364', 'IS-55E', 'Melling H.D. SBC Oil Pump Shaft', '7.9900', '7.9900', '0.0000', '1');
insert into orders_products (orders_products_id, orders_id, products_id, products_model, products_name, products_price, final_price, products_tax, products_quantity) values ('37', '25', '100', 'M-55HV', 'Melling Oil Pump - SB Chevy-High Volume', '24.9900', '24.9900', '0.0000', '1');
insert into orders_products (orders_products_id, orders_id, products_id, products_model, products_name, products_price, final_price, products_tax, products_quantity) values ('38', '26', '225', '44352', 'Longacre 2 Gauge Panel-O.P./W.T.', '99.9900', '99.9900', '0.0000', '1');
insert into orders_products (orders_products_id, orders_id, products_id, products_model, products_name, products_price, final_price, products_tax, products_quantity) values ('39', '26', '320', '', 'Ultra Shield 2-Piece Single Layer Driving / Racing Suit', '94.9900', '94.9900', '0.0000', '1');
insert into orders_products (orders_products_id, orders_id, products_id, products_model, products_name, products_price, final_price, products_tax, products_quantity) values ('40', '27', '320', '', 'Ultra Shield 2-Piece Single Layer Driving / Racing Suit', '94.9900', '94.9900', '0.0000', '1');
insert into orders_products (orders_products_id, orders_id, products_id, products_model, products_name, products_price, final_price, products_tax, products_quantity) values ('41', '28', '320', '', 'Ultra Shield 2-Piece Single Layer Driving / Racing Suit', '94.9900', '94.9900', '0.0000', '1');
insert into orders_products (orders_products_id, orders_id, products_id, products_model, products_name, products_price, final_price, products_tax, products_quantity) values ('42', '29', '285', '601', 'PBM SB Chevy Flat Guideplates', '19.9900', '19.9900', '0.0000', '1');
insert into orders_products (orders_products_id, orders_id, products_id, products_model, products_name, products_price, final_price, products_tax, products_quantity) values ('43', '29', '279', '5180', 'PBM Rocker Arm Studs - SBC-3/8\"', '29.9900', '29.9900', '0.0000', '1');
insert into orders_products (orders_products_id, orders_id, products_id, products_model, products_name, products_price, final_price, products_tax, products_quantity) values ('44', '30', '27', 'H631CP', 'Pistons - 350 - Flat Top 2 VR - Coated Skirts - Balanced Set', '159.9900', '159.9900', '0.0000', '1');
insert into orders_products (orders_products_id, orders_id, products_id, products_model, products_name, products_price, final_price, products_tax, products_quantity) values ('45', '30', '172', 'DA3502', 'Pioneer 8\" 350 Chevy Balancer', '59.9900', '59.9900', '0.0000', '1');
insert into orders_products (orders_products_id, orders_id, products_id, products_model, products_name, products_price, final_price, products_tax, products_quantity) values ('46', '30', '193', 'FRA100', '350 Chevy Flexplate - 168 Tooth', '21.9900', '21.9900', '0.0000', '1');
insert into orders_products (orders_products_id, orders_id, products_id, products_model, products_name, products_price, final_price, products_tax, products_quantity) values ('47', '31', '320', '', 'Ultra Shield 2-Piece Single Layer Driving / Racing Suit', '94.9900', '104.9900', '0.0000', '1');
insert into orders_products (orders_products_id, orders_id, products_id, products_model, products_name, products_price, final_price, products_tax, products_quantity) values ('48', '32', '222', '', 'SBC - Dart Iron Eagle SS 76cc 2.02/ 1.60 Cylinder Heads', '639.0000', '639.0000', '0.0000', '1');
insert into orders_products (orders_products_id, orders_id, products_id, products_model, products_name, products_price, final_price, products_tax, products_quantity) values ('56', '40', '222', '', 'SBC - Dart Iron Eagle SS 76cc 2.02/ 1.60 Cylinder Heads', '639.0000', '639.0000', '0.0000', '1');
insert into orders_products (orders_products_id, orders_id, products_id, products_model, products_name, products_price, final_price, products_tax, products_quantity) values ('51', '35', '320', '', 'Ultra Shield 2-Piece Single Layer Driving / Racing Suit', '94.9900', '104.9900', '0.0000', '1');
insert into orders_products (orders_products_id, orders_id, products_id, products_model, products_name, products_price, final_price, products_tax, products_quantity) values ('53', '37', '7', '', 'SBC - Dart Iron Eagle SS 67cc 2.02/ 1.60 Cylinder Heads', '639.0000', '639.0000', '0.0000', '1');
insert into orders_products (orders_products_id, orders_id, products_id, products_model, products_name, products_price, final_price, products_tax, products_quantity) values ('55', '39', '73', '416194', '350 Chevy 416 Performance Heads-68cc - 1.94/1.50', '379.0000', '379.0000', '0.0000', '1');
insert into orders_products (orders_products_id, orders_id, products_id, products_model, products_name, products_price, final_price, products_tax, products_quantity) values ('57', '41', '167', '92600', 'PBM 350 Chevy Overhaul Gasket Set', '29.9900', '29.9900', '0.0000', '1');
insert into orders_products (orders_products_id, orders_id, products_id, products_model, products_name, products_price, final_price, products_tax, products_quantity) values ('69', '45', '95', 'E251K', 'Sealed Power Moly Rings - 350/383 Chevy - 5/64, 5/64, 3/16', '36.9900', '36.9900', '0.0000', '1');
insert into orders_products (orders_products_id, orders_id, products_id, products_model, products_name, products_price, final_price, products_tax, products_quantity) values ('73', '46', '102', '3-ICR6000P', 'Scat-SB Chevy 6.0\"-I-Beam Rods-Bushed', '209.9900', '209.9900', '0.0000', '1');
insert into orders_products (orders_products_id, orders_id, products_id, products_model, products_name, products_price, final_price, products_tax, products_quantity) values ('68', '45', '111', '75000', '350 Chevy Cast Crankshaft', '169.0000', '169.0000', '0.0000', '1');
insert into orders_products (orders_products_id, orders_id, products_id, products_model, products_name, products_price, final_price, products_tax, products_quantity) values ('62', '43', '172', 'DA3502', 'Pioneer 8\" 350 Chevy Balancer', '59.9900', '59.9900', '0.0000', '1');
insert into orders_products (orders_products_id, orders_id, products_id, products_model, products_name, products_price, final_price, products_tax, products_quantity) values ('63', '43', '73', '416194', '350 Chevy 416 Performance Heads-68cc - 1.94/1.50', '379.0000', '379.0000', '0.0000', '1');
insert into orders_products (orders_products_id, orders_id, products_id, products_model, products_name, products_price, final_price, products_tax, products_quantity) values ('64', '43', '100', 'M-55HV', 'Melling Oil Pump - SB Chevy-High Volume', '24.9900', '24.9900', '0.0000', '1');
insert into orders_products (orders_products_id, orders_id, products_id, products_model, products_name, products_price, final_price, products_tax, products_quantity) values ('65', '43', '364', 'IS-55E', 'Melling H.D. SBC Oil Pump Shaft', '7.9900', '7.9900', '0.0000', '1');
insert into orders_products (orders_products_id, orders_id, products_id, products_model, products_name, products_price, final_price, products_tax, products_quantity) values ('66', '43', '193', 'FRA100', '350 Chevy Flexplate - 168 Tooth', '21.9900', '21.9900', '0.0000', '1');
insert into orders_products (orders_products_id, orders_id, products_id, products_model, products_name, products_price, final_price, products_tax, products_quantity) values ('70', '45', '27', 'H631CP', 'Pistons - 350 - Flat Top 2 VR - Coated Skirts - Balanced Set', '159.9900', '159.9900', '0.0000', '1');
insert into orders_products (orders_products_id, orders_id, products_id, products_model, products_name, products_price, final_price, products_tax, products_quantity) values ('71', '45', '73', '416194', '350 Chevy 416 Performance Heads-68cc - 1.94/1.50', '379.0000', '379.0000', '0.0000', '1');
insert into orders_products (orders_products_id, orders_id, products_id, products_model, products_name, products_price, final_price, products_tax, products_quantity) values ('72', '45', '242', 'PR737', 'SB Chevy Pushrod Set - Chrome Moly - STD.', '69.9900', '69.9900', '0.0000', '1');
insert into orders_products (orders_products_id, orders_id, products_id, products_model, products_name, products_price, final_price, products_tax, products_quantity) values ('79', '48', '7', '', 'SBC - Dart Iron Eagle SS 67cc 2.02/ 1.60 Cylinder Heads', '639.0000', '639.0000', '0.0000', '1');
insert into orders_products (orders_products_id, orders_id, products_id, products_model, products_name, products_price, final_price, products_tax, products_quantity) values ('78', '48', '240', '1601', 'SB Chevy Heat Treated Pushrod Set - STD.', '26.9900', '26.9900', '0.0000', '1');
insert into orders_products (orders_products_id, orders_id, products_id, products_model, products_name, products_price, final_price, products_tax, products_quantity) values ('77', '48', '36', 'KS2600', 'Fel Pro 350 Chevy Overhaul Gasket Set', '34.9900', '34.9900', '0.0000', '1');
insert into orders_products (orders_products_id, orders_id, products_id, products_model, products_name, products_price, final_price, products_tax, products_quantity) values ('80', '49', '151', '01202', 'Ultra-Shield Tearoffs - Bell, RCI, G-Force', '14.9900', '14.9900', '0.0000', '1');
insert into orders_products (orders_products_id, orders_id, products_id, products_model, products_name, products_price, final_price, products_tax, products_quantity) values ('81', '50', '305', 'S-327', 'Pioneer SBC Head Bolts', '13.9900', '13.9900', '0.0000', '2');
insert into orders_products (orders_products_id, orders_id, products_id, products_model, products_name, products_price, final_price, products_tax, products_quantity) values ('82', '51', '320', '', 'Ultra Shield 2-Piece Single Layer Driving / Racing Suit', '94.9900', '94.9900', '0.0000', '1');
insert into orders_products (orders_products_id, orders_id, products_id, products_model, products_name, products_price, final_price, products_tax, products_quantity) values ('83', '52', '240', '1601', 'SB Chevy Heat Treated Pushrod Set - STD.', '26.9900', '26.9900', '0.0000', '1');
insert into orders_products (orders_products_id, orders_id, products_id, products_model, products_name, products_price, final_price, products_tax, products_quantity) values ('84', '53', '155', 'QDH', 'Quick Disconnect Hub - Button Type', '20.9900', '20.9900', '0.0000', '1');
insert into orders_products (orders_products_id, orders_id, products_id, products_model, products_name, products_price, final_price, products_tax, products_quantity) values ('88', '56', '501', '', 'Ultra Shield Youth 2-Piece Single Layer Driving / Racing Suit', '94.9800', '94.9800', '0.0000', '1');
insert into orders_products (orders_products_id, orders_id, products_id, products_model, products_name, products_price, final_price, products_tax, products_quantity) values ('86', '55', '61', '', 'Seat Belt Kit - R.J.S. V - Style', '69.9900', '69.9900', '0.0000', '1');
insert into orders_products (orders_products_id, orders_id, products_id, products_model, products_name, products_price, final_price, products_tax, products_quantity) values ('87', '55', '145', '30307', 'Afco Steering U-Joint - Pinto/Mustang II - Manual', '48.9900', '48.9900', '0.0000', '1');
insert into orders_products (orders_products_id, orders_id, products_id, products_model, products_name, products_price, final_price, products_tax, products_quantity) values ('89', '57', '222', '', '350 Chevy - Dart Iron Eagle SS 76cc 2.02/ 1.60 Cylinder Heads', '639.0000', '639.0000', '0.0000', '1');
insert into orders_products (orders_products_id, orders_id, products_id, products_model, products_name, products_price, final_price, products_tax, products_quantity) values ('91', '59', '93', 'CB663P', 'Clevite Rod Bearings - 350/400 Chevy', '20.9900', '20.9900', '0.0000', '1');
insert into orders_products (orders_products_id, orders_id, products_id, products_model, products_name, products_price, final_price, products_tax, products_quantity) values ('92', '59', '92', 'MS909P', 'Clevite Main Bearings - 350/383 Chevy', '25.9900', '25.9900', '0.0000', '1');
insert into orders_products (orders_products_id, orders_id, products_id, products_model, products_name, products_price, final_price, products_tax, products_quantity) values ('93', '59', '7', '', '350 Chevy - Dart Iron Eagle SS 67cc 2.02/ 1.60 Cylinder Heads', '639.0000', '639.0000', '0.0000', '1');
insert into orders_products (orders_products_id, orders_id, products_id, products_model, products_name, products_price, final_price, products_tax, products_quantity) values ('94', '59', '36', 'KS2600', 'Fel Pro 350 Chevy Overhaul Gasket Set', '36.9900', '36.9900', '0.0000', '1');
insert into orders_products (orders_products_id, orders_id, products_id, products_model, products_name, products_price, final_price, products_tax, products_quantity) values ('95', '59', '364', 'IS-55E', 'Melling H.D. SBC Oil Pump Shaft', '7.9900', '7.9900', '0.0000', '1');
insert into orders_products (orders_products_id, orders_id, products_id, products_model, products_name, products_price, final_price, products_tax, products_quantity) values ('96', '59', '100', 'M-55HV', 'Melling Oil Pump - SB Chevy-High Volume', '24.9900', '24.9900', '0.0000', '1');
insert into orders_products (orders_products_id, orders_id, products_id, products_model, products_name, products_price, final_price, products_tax, products_quantity) values ('97', '59', '95', 'E251K', 'Sealed Power Moly Rings - 350/383 Chevy - 5/64, 5/64, 3/16', '36.9900', '36.9900', '0.0000', '1');
insert into orders_products (orders_products_id, orders_id, products_id, products_model, products_name, products_price, final_price, products_tax, products_quantity) values ('98', '59', '240', '1601', 'SB Chevy Heat Treated Pushrod Set - STD.', '26.9900', '26.9900', '0.0000', '1');
insert into orders_products (orders_products_id, orders_id, products_id, products_model, products_name, products_price, final_price, products_tax, products_quantity) values ('99', '59', '346', '120.16', 'PBM Roller Tip Long Slot 1.5', '99.9900', '99.9900', '0.0000', '1');
insert into orders_products (orders_products_id, orders_id, products_id, products_model, products_name, products_price, final_price, products_tax, products_quantity) values ('100', '60', '320', '', 'Ultra Shield Adult 2-Piece Single Layer Driving / Racing Suit', '94.9800', '94.9800', '0.0000', '1');
insert into orders_products (orders_products_id, orders_id, products_id, products_model, products_name, products_price, final_price, products_tax, products_quantity) values ('101', '61', '320', '', 'Ultra Shield Adult 2-Piece Single Layer Driving / Racing Suit', '94.9800', '104.9800', '0.0000', '1');
insert into orders_products (orders_products_id, orders_id, products_id, products_model, products_name, products_price, final_price, products_tax, products_quantity) values ('102', '62', '475', 'L2491F', 'Pistons - 383 - Forged - L.W. - Flat Top - Balanced Set', '299.9900', '299.9900', '0.0000', '1');
insert into orders_products (orders_products_id, orders_id, products_id, products_model, products_name, products_price, final_price, products_tax, products_quantity) values ('103', '63', '513', '', 'Ultra Shield Youth 1 - Piece Single Layer Driving /  Racing Suit', '94.9800', '94.9800', '0.0000', '1');
insert into orders_products (orders_products_id, orders_id, products_id, products_model, products_name, products_price, final_price, products_tax, products_quantity) values ('104', '64', '189', '23200', 'Simpson Helmet Bag', '29.9900', '29.9900', '0.0000', '1');
insert into orders_products (orders_products_id, orders_id, products_id, products_model, products_name, products_price, final_price, products_tax, products_quantity) values ('105', '64', '512', '', 'Ultra Shield Adult 1 - Piece Single Layer Driving / Racing Suit', '94.9900', '94.9900', '0.0000', '1');
insert into orders_products (orders_products_id, orders_id, products_id, products_model, products_name, products_price, final_price, products_tax, products_quantity) values ('106', '65', '393', '', 'Ultra Shield Driving/Racing Jacket', '49.9900', '49.9900', '0.0000', '1');
insert into orders_products (orders_products_id, orders_id, products_id, products_model, products_name, products_price, final_price, products_tax, products_quantity) values ('107', '65', '320', '', 'Ultra Shield Adult 2-Piece Single Layer Driving / Racing Suit', '94.9800', '94.9800', '0.0000', '1');
insert into orders_products (orders_products_id, orders_id, products_id, products_model, products_name, products_price, final_price, products_tax, products_quantity) values ('108', '65', '501', '', 'Ultra Shield Youth 2-Piece Single Layer Driving / Racing Suit', '94.9800', '94.9800', '0.0000', '1');
insert into orders_products (orders_products_id, orders_id, products_id, products_model, products_name, products_price, final_price, products_tax, products_quantity) values ('109', '66', '513', '', 'Ultra Shield Youth 1 - Piece Single Layer Driving /  Racing Suit', '94.9900', '94.9900', '0.0000', '1');
insert into orders_products (orders_products_id, orders_id, products_id, products_model, products_name, products_price, final_price, products_tax, products_quantity) values ('110', '66', '513', '', 'Ultra Shield Youth 1 - Piece Single Layer Driving /  Racing Suit', '94.9900', '94.9900', '0.0000', '1');
insert into orders_products (orders_products_id, orders_id, products_id, products_model, products_name, products_price, final_price, products_tax, products_quantity) values ('111', '67', '81', '', 'Ultra Shield Adult 360 Neck Collar', '26.9900', '26.9900', '0.0000', '1');
insert into orders_products (orders_products_id, orders_id, products_id, products_model, products_name, products_price, final_price, products_tax, products_quantity) values ('112', '67', '393', '', 'Ultra Shield Driving/Racing Jacket', '49.9900', '49.9900', '0.0000', '1');
insert into orders_products (orders_products_id, orders_id, products_id, products_model, products_name, products_price, final_price, products_tax, products_quantity) values ('113', '67', '45', '', 'Ultra Shield Adult Single Layer Driving Gloves', '36.9900', '36.9900', '0.0000', '1');
insert into orders_products (orders_products_id, orders_id, products_id, products_model, products_name, products_price, final_price, products_tax, products_quantity) values ('114', '68', '374', '5538', 'Weld Plates For Dzus Fasteners', '4.9900', '4.9900', '0.0000', '1');
insert into orders_products (orders_products_id, orders_id, products_id, products_model, products_name, products_price, final_price, products_tax, products_quantity) values ('115', '69', '501', '', 'Ultra Shield Youth 2-Piece Single Layer Driving / Racing Suit', '94.9800', '94.9800', '0.0000', '1');
insert into orders_products (orders_products_id, orders_id, products_id, products_model, products_name, products_price, final_price, products_tax, products_quantity) values ('116', '70', '320', '', 'Ultra Shield Adult 2-Piece Single Layer Driving / Racing Suit', '94.9800', '104.9800', '0.0000', '1');
insert into orders_products (orders_products_id, orders_id, products_id, products_model, products_name, products_price, final_price, products_tax, products_quantity) values ('117', '71', '511', '', 'Ultra Shield Adult 1 - Piece Double Layer Driving / Racing Suit', '269.9900', '269.9900', '0.0000', '1');
insert into orders_products (orders_products_id, orders_id, products_id, products_model, products_name, products_price, final_price, products_tax, products_quantity) values ('118', '72', '511', '', 'Ultra Shield Adult 1 - Piece Double Layer Driving / Racing Suit', '269.9900', '269.9900', '0.0000', '1');
insert into orders_products (orders_products_id, orders_id, products_id, products_model, products_name, products_price, final_price, products_tax, products_quantity) values ('119', '73', '241', '1602', 'SB Chevy Heat Treated Pushrod Set - +.100', '26.9900', '26.9900', '0.0000', '1');
insert into orders_products (orders_products_id, orders_id, products_id, products_model, products_name, products_price, final_price, products_tax, products_quantity) values ('120', '73', '466', '34394R', 'IMCA Upper Control Arm Right', '49.9900', '49.9900', '0.0000', '1');
insert into orders_products (orders_products_id, orders_id, products_id, products_model, products_name, products_price, final_price, products_tax, products_quantity) values ('121', '73', '321', '', 'Racer Tape - Colored', '6.9900', '6.9900', '0.0000', '1');
drop table if exists orders_products_attributes;
create table orders_products_attributes (
  orders_products_attributes_id int(11) not null auto_increment,
  orders_id int(11) default '0' not null ,
  orders_products_id int(11) default '0' not null ,
  products_options varchar(32) not null ,
  products_options_values varchar(32) not null ,
  options_values_price decimal(15,4) default '0.0000' not null ,
  price_prefix char(1) not null ,
  PRIMARY KEY (orders_products_attributes_id)
);

insert into orders_products_attributes (orders_products_attributes_id, orders_id, orders_products_id, products_options, products_options_values, options_values_price, price_prefix) values ('6', '14', '18', 'Main Brg. Size', 'STD.', '0.0000', '+');
insert into orders_products_attributes (orders_products_attributes_id, orders_id, orders_products_id, products_options, products_options_values, options_values_price, price_prefix) values ('5', '14', '18', 'Rod Brg. Size', 'STD.', '0.0000', '+');
insert into orders_products_attributes (orders_products_attributes_id, orders_id, orders_products_id, products_options, products_options_values, options_values_price, price_prefix) values ('4', '14', '18', 'Piston Size', '.030', '0.0000', '+');
insert into orders_products_attributes (orders_products_attributes_id, orders_id, orders_products_id, products_options, products_options_values, options_values_price, price_prefix) values ('7', '15', '20', 'Jacket Size', 'X-Large', '0.0000', '+');
insert into orders_products_attributes (orders_products_attributes_id, orders_id, orders_products_id, products_options, products_options_values, options_values_price, price_prefix) values ('8', '15', '20', 'Pants Size', 'Large', '0.0000', '+');
insert into orders_products_attributes (orders_products_attributes_id, orders_id, orders_products_id, products_options, products_options_values, options_values_price, price_prefix) values ('9', '15', '20', 'Color', 'Blue', '0.0000', '+');
insert into orders_products_attributes (orders_products_attributes_id, orders_id, orders_products_id, products_options, products_options_values, options_values_price, price_prefix) values ('10', '16', '21', 'Jacket Size', 'XXX-Large', '5.0000', '+');
insert into orders_products_attributes (orders_products_attributes_id, orders_id, orders_products_id, products_options, products_options_values, options_values_price, price_prefix) values ('11', '16', '21', 'Pants Size', 'XXX-Large', '5.0000', '+');
insert into orders_products_attributes (orders_products_attributes_id, orders_id, orders_products_id, products_options, products_options_values, options_values_price, price_prefix) values ('12', '16', '21', 'Color', 'Red', '0.0000', '+');
insert into orders_products_attributes (orders_products_attributes_id, orders_id, orders_products_id, products_options, products_options_values, options_values_price, price_prefix) values ('13', '18', '23', 'Color', 'Red', '0.0000', '+');
insert into orders_products_attributes (orders_products_attributes_id, orders_id, orders_products_id, products_options, products_options_values, options_values_price, price_prefix) values ('14', '18', '23', 'Jacket Size', 'Medium', '0.0000', '+');
insert into orders_products_attributes (orders_products_attributes_id, orders_id, orders_products_id, products_options, products_options_values, options_values_price, price_prefix) values ('15', '18', '23', 'Pants Size', 'Small', '0.0000', '+');
insert into orders_products_attributes (orders_products_attributes_id, orders_id, orders_products_id, products_options, products_options_values, options_values_price, price_prefix) values ('16', '20', '26', 'Size', 'Medium', '0.0000', '+');
insert into orders_products_attributes (orders_products_attributes_id, orders_id, orders_products_id, products_options, products_options_values, options_values_price, price_prefix) values ('17', '21', '27', 'Size', 'Large', '0.0000', '+');
insert into orders_products_attributes (orders_products_attributes_id, orders_id, orders_products_id, products_options, products_options_values, options_values_price, price_prefix) values ('18', '21', '29', 'Color', 'Red', '0.0000', '+');
insert into orders_products_attributes (orders_products_attributes_id, orders_id, orders_products_id, products_options, products_options_values, options_values_price, price_prefix) values ('19', '21', '29', 'Size', 'Large', '0.0000', '+');
insert into orders_products_attributes (orders_products_attributes_id, orders_id, orders_products_id, products_options, products_options_values, options_values_price, price_prefix) values ('20', '22', '30', 'Color', 'Black', '0.0000', '+');
insert into orders_products_attributes (orders_products_attributes_id, orders_id, orders_products_id, products_options, products_options_values, options_values_price, price_prefix) values ('21', '22', '30', 'Size', 'X-Large', '0.0000', '+');
insert into orders_products_attributes (orders_products_attributes_id, orders_id, orders_products_id, products_options, products_options_values, options_values_price, price_prefix) values ('22', '22', '31', 'Jacket Size', 'XX-Large', '5.0000', '+');
insert into orders_products_attributes (orders_products_attributes_id, orders_id, orders_products_id, products_options, products_options_values, options_values_price, price_prefix) values ('23', '22', '31', 'Color', 'Black', '0.0000', '+');
insert into orders_products_attributes (orders_products_attributes_id, orders_id, orders_products_id, products_options, products_options_values, options_values_price, price_prefix) values ('24', '22', '31', 'Pants Size', 'XX-Large', '5.0000', '+');
insert into orders_products_attributes (orders_products_attributes_id, orders_id, orders_products_id, products_options, products_options_values, options_values_price, price_prefix) values ('25', '23', '32', 'Jacket Size', 'Medium', '0.0000', '+');
insert into orders_products_attributes (orders_products_attributes_id, orders_id, orders_products_id, products_options, products_options_values, options_values_price, price_prefix) values ('26', '23', '32', 'Pants Size', 'Medium', '0.0000', '+');
insert into orders_products_attributes (orders_products_attributes_id, orders_id, orders_products_id, products_options, products_options_values, options_values_price, price_prefix) values ('27', '23', '32', 'Color', 'Black', '0.0000', '+');
insert into orders_products_attributes (orders_products_attributes_id, orders_id, orders_products_id, products_options, products_options_values, options_values_price, price_prefix) values ('28', '23', '33', 'Size', 'Medium', '0.0000', '+');
insert into orders_products_attributes (orders_products_attributes_id, orders_id, orders_products_id, products_options, products_options_values, options_values_price, price_prefix) values ('29', '24', '35', 'Pants Size', 'X-Large', '0.0000', '+');
insert into orders_products_attributes (orders_products_attributes_id, orders_id, orders_products_id, products_options, products_options_values, options_values_price, price_prefix) values ('30', '24', '35', 'Jacket Size', 'XX-Large', '5.0000', '+');
insert into orders_products_attributes (orders_products_attributes_id, orders_id, orders_products_id, products_options, products_options_values, options_values_price, price_prefix) values ('31', '24', '35', 'Color', 'Black', '0.0000', '+');
insert into orders_products_attributes (orders_products_attributes_id, orders_id, orders_products_id, products_options, products_options_values, options_values_price, price_prefix) values ('32', '26', '39', 'Jacket Size', 'Small', '0.0000', '+');
insert into orders_products_attributes (orders_products_attributes_id, orders_id, orders_products_id, products_options, products_options_values, options_values_price, price_prefix) values ('33', '26', '39', 'Color', 'Blue', '0.0000', '+');
insert into orders_products_attributes (orders_products_attributes_id, orders_id, orders_products_id, products_options, products_options_values, options_values_price, price_prefix) values ('34', '26', '39', 'Pants Size', 'Small', '0.0000', '+');
insert into orders_products_attributes (orders_products_attributes_id, orders_id, orders_products_id, products_options, products_options_values, options_values_price, price_prefix) values ('35', '27', '40', 'Jacket Size', 'X-Large', '0.0000', '+');
insert into orders_products_attributes (orders_products_attributes_id, orders_id, orders_products_id, products_options, products_options_values, options_values_price, price_prefix) values ('36', '27', '40', 'Pants Size', 'X-Large', '0.0000', '+');
insert into orders_products_attributes (orders_products_attributes_id, orders_id, orders_products_id, products_options, products_options_values, options_values_price, price_prefix) values ('37', '27', '40', 'Color', 'Red', '0.0000', '+');
insert into orders_products_attributes (orders_products_attributes_id, orders_id, orders_products_id, products_options, products_options_values, options_values_price, price_prefix) values ('38', '28', '41', 'Jacket Size', 'Large', '0.0000', '+');
insert into orders_products_attributes (orders_products_attributes_id, orders_id, orders_products_id, products_options, products_options_values, options_values_price, price_prefix) values ('39', '28', '41', 'Pants Size', 'Large', '0.0000', '+');
insert into orders_products_attributes (orders_products_attributes_id, orders_id, orders_products_id, products_options, products_options_values, options_values_price, price_prefix) values ('40', '28', '41', 'Color', 'Blue', '0.0000', '+');
insert into orders_products_attributes (orders_products_attributes_id, orders_id, orders_products_id, products_options, products_options_values, options_values_price, price_prefix) values ('41', '30', '44', 'Oversize', '.040', '0.0000', '+');
insert into orders_products_attributes (orders_products_attributes_id, orders_id, orders_products_id, products_options, products_options_values, options_values_price, price_prefix) values ('42', '31', '47', 'Jacket Size', 'XX-Large', '5.0000', '+');
insert into orders_products_attributes (orders_products_attributes_id, orders_id, orders_products_id, products_options, products_options_values, options_values_price, price_prefix) values ('43', '31', '47', 'Pants Size', 'XX-Large', '5.0000', '+');
insert into orders_products_attributes (orders_products_attributes_id, orders_id, orders_products_id, products_options, products_options_values, options_values_price, price_prefix) values ('44', '31', '47', 'Color', 'Blue', '0.0000', '+');
insert into orders_products_attributes (orders_products_attributes_id, orders_id, orders_products_id, products_options, products_options_values, options_values_price, price_prefix) values ('55', '45', '69', 'Oversize', '.030', '0.0000', '+');
insert into orders_products_attributes (orders_products_attributes_id, orders_id, orders_products_id, products_options, products_options_values, options_values_price, price_prefix) values ('56', '45', '70', 'Oversize', '.030', '0.0000', '+');
insert into orders_products_attributes (orders_products_attributes_id, orders_id, orders_products_id, products_options, products_options_values, options_values_price, price_prefix) values ('53', '35', '51', 'Pants Size', 'XXX-Large', '5.0000', '+');
insert into orders_products_attributes (orders_products_attributes_id, orders_id, orders_products_id, products_options, products_options_values, options_values_price, price_prefix) values ('52', '35', '51', 'Jacket Size', 'XXX-Large', '5.0000', '+');
insert into orders_products_attributes (orders_products_attributes_id, orders_id, orders_products_id, products_options, products_options_values, options_values_price, price_prefix) values ('51', '35', '51', 'Color', 'Red', '0.0000', '+');
insert into orders_products_attributes (orders_products_attributes_id, orders_id, orders_products_id, products_options, products_options_values, options_values_price, price_prefix) values ('60', '51', '82', 'Jacket Size', 'Small', '0.0000', '+');
insert into orders_products_attributes (orders_products_attributes_id, orders_id, orders_products_id, products_options, products_options_values, options_values_price, price_prefix) values ('59', '51', '82', 'Color', 'Black', '0.0000', '+');
insert into orders_products_attributes (orders_products_attributes_id, orders_id, orders_products_id, products_options, products_options_values, options_values_price, price_prefix) values ('61', '51', '82', 'Pants Size', 'Small', '0.0000', '+');
insert into orders_products_attributes (orders_products_attributes_id, orders_id, orders_products_id, products_options, products_options_values, options_values_price, price_prefix) values ('62', '55', '86', 'Color', 'Black', '0.0000', '+');
insert into orders_products_attributes (orders_products_attributes_id, orders_id, orders_products_id, products_options, products_options_values, options_values_price, price_prefix) values ('63', '56', '88', 'Size', 'Small', '0.0000', '+');
insert into orders_products_attributes (orders_products_attributes_id, orders_id, orders_products_id, products_options, products_options_values, options_values_price, price_prefix) values ('64', '56', '88', 'Color', 'Red', '0.0000', '+');
insert into orders_products_attributes (orders_products_attributes_id, orders_id, orders_products_id, products_options, products_options_values, options_values_price, price_prefix) values ('65', '57', '89', 'Add For Dual Springs', 'No', '0.0000', '+');
insert into orders_products_attributes (orders_products_attributes_id, orders_id, orders_products_id, products_options, products_options_values, options_values_price, price_prefix) values ('66', '59', '91', 'Undersize', '.010', '0.0000', '+');
insert into orders_products_attributes (orders_products_attributes_id, orders_id, orders_products_id, products_options, products_options_values, options_values_price, price_prefix) values ('67', '59', '92', 'Undersize', '.010', '0.0000', '+');
insert into orders_products_attributes (orders_products_attributes_id, orders_id, orders_products_id, products_options, products_options_values, options_values_price, price_prefix) values ('68', '59', '93', 'Add For Dual Springs', 'No', '0.0000', '+');
insert into orders_products_attributes (orders_products_attributes_id, orders_id, orders_products_id, products_options, products_options_values, options_values_price, price_prefix) values ('69', '59', '97', 'Oversize', '.030', '0.0000', '+');
insert into orders_products_attributes (orders_products_attributes_id, orders_id, orders_products_id, products_options, products_options_values, options_values_price, price_prefix) values ('70', '60', '100', 'Jacket Size', 'Small', '0.0000', '+');
insert into orders_products_attributes (orders_products_attributes_id, orders_id, orders_products_id, products_options, products_options_values, options_values_price, price_prefix) values ('71', '60', '100', 'Color', 'Blue', '0.0000', '+');
insert into orders_products_attributes (orders_products_attributes_id, orders_id, orders_products_id, products_options, products_options_values, options_values_price, price_prefix) values ('72', '60', '100', 'Pants Size', 'Medium', '0.0000', '+');
insert into orders_products_attributes (orders_products_attributes_id, orders_id, orders_products_id, products_options, products_options_values, options_values_price, price_prefix) values ('73', '61', '101', 'Pants Size', 'XX-Large', '5.0000', '+');
insert into orders_products_attributes (orders_products_attributes_id, orders_id, orders_products_id, products_options, products_options_values, options_values_price, price_prefix) values ('74', '61', '101', 'Jacket Size', 'XX-Large', '5.0000', '+');
insert into orders_products_attributes (orders_products_attributes_id, orders_id, orders_products_id, products_options, products_options_values, options_values_price, price_prefix) values ('75', '61', '101', 'Color', 'Black', '0.0000', '+');
insert into orders_products_attributes (orders_products_attributes_id, orders_id, orders_products_id, products_options, products_options_values, options_values_price, price_prefix) values ('76', '62', '102', 'Oversize', '.060', '0.0000', '+');
insert into orders_products_attributes (orders_products_attributes_id, orders_id, orders_products_id, products_options, products_options_values, options_values_price, price_prefix) values ('77', '63', '103', 'Color', 'Black', '0.0000', '+');
insert into orders_products_attributes (orders_products_attributes_id, orders_id, orders_products_id, products_options, products_options_values, options_values_price, price_prefix) values ('78', '63', '103', 'Size', 'Medium', '0.0000', '+');
insert into orders_products_attributes (orders_products_attributes_id, orders_id, orders_products_id, products_options, products_options_values, options_values_price, price_prefix) values ('79', '64', '105', 'Size', 'Medium', '0.0000', '+');
insert into orders_products_attributes (orders_products_attributes_id, orders_id, orders_products_id, products_options, products_options_values, options_values_price, price_prefix) values ('80', '64', '105', 'Color', 'Black', '0.0000', '+');
insert into orders_products_attributes (orders_products_attributes_id, orders_id, orders_products_id, products_options, products_options_values, options_values_price, price_prefix) values ('81', '65', '107', 'Color', 'Blue', '0.0000', '+');
insert into orders_products_attributes (orders_products_attributes_id, orders_id, orders_products_id, products_options, products_options_values, options_values_price, price_prefix) values ('82', '65', '107', 'Jacket Size', 'Medium', '0.0000', '+');
insert into orders_products_attributes (orders_products_attributes_id, orders_id, orders_products_id, products_options, products_options_values, options_values_price, price_prefix) values ('83', '65', '107', 'Pants Size', 'Medium', '0.0000', '+');
insert into orders_products_attributes (orders_products_attributes_id, orders_id, orders_products_id, products_options, products_options_values, options_values_price, price_prefix) values ('84', '65', '108', 'Size', 'Large', '0.0000', '+');
insert into orders_products_attributes (orders_products_attributes_id, orders_id, orders_products_id, products_options, products_options_values, options_values_price, price_prefix) values ('85', '65', '108', 'Color', 'Blue', '0.0000', '+');
insert into orders_products_attributes (orders_products_attributes_id, orders_id, orders_products_id, products_options, products_options_values, options_values_price, price_prefix) values ('86', '66', '109', 'Size', 'Medium', '0.0000', '+');
insert into orders_products_attributes (orders_products_attributes_id, orders_id, orders_products_id, products_options, products_options_values, options_values_price, price_prefix) values ('87', '66', '109', 'Color', 'Black', '0.0000', '+');
insert into orders_products_attributes (orders_products_attributes_id, orders_id, orders_products_id, products_options, products_options_values, options_values_price, price_prefix) values ('88', '66', '110', 'Size', 'Small', '0.0000', '+');
insert into orders_products_attributes (orders_products_attributes_id, orders_id, orders_products_id, products_options, products_options_values, options_values_price, price_prefix) values ('89', '66', '110', 'Color', 'Black', '0.0000', '+');
insert into orders_products_attributes (orders_products_attributes_id, orders_id, orders_products_id, products_options, products_options_values, options_values_price, price_prefix) values ('90', '67', '111', 'Color', 'Black', '0.0000', '+');
insert into orders_products_attributes (orders_products_attributes_id, orders_id, orders_products_id, products_options, products_options_values, options_values_price, price_prefix) values ('91', '67', '112', 'Size', 'X-Large', '0.0000', '+');
insert into orders_products_attributes (orders_products_attributes_id, orders_id, orders_products_id, products_options, products_options_values, options_values_price, price_prefix) values ('92', '67', '112', 'Color', 'Black', '0.0000', '+');
insert into orders_products_attributes (orders_products_attributes_id, orders_id, orders_products_id, products_options, products_options_values, options_values_price, price_prefix) values ('93', '67', '113', 'Size', 'X-Large', '0.0000', '+');
insert into orders_products_attributes (orders_products_attributes_id, orders_id, orders_products_id, products_options, products_options_values, options_values_price, price_prefix) values ('94', '67', '113', 'Color', 'Black', '0.0000', '+');
insert into orders_products_attributes (orders_products_attributes_id, orders_id, orders_products_id, products_options, products_options_values, options_values_price, price_prefix) values ('95', '69', '115', 'Color', 'Blue', '0.0000', '+');
insert into orders_products_attributes (orders_products_attributes_id, orders_id, orders_products_id, products_options, products_options_values, options_values_price, price_prefix) values ('96', '69', '115', 'Size', 'Large', '0.0000', '+');
insert into orders_products_attributes (orders_products_attributes_id, orders_id, orders_products_id, products_options, products_options_values, options_values_price, price_prefix) values ('97', '70', '116', 'Jacket Size', 'XX-Large', '5.0000', '+');
insert into orders_products_attributes (orders_products_attributes_id, orders_id, orders_products_id, products_options, products_options_values, options_values_price, price_prefix) values ('98', '70', '116', 'Color', 'Black', '0.0000', '+');
insert into orders_products_attributes (orders_products_attributes_id, orders_id, orders_products_id, products_options, products_options_values, options_values_price, price_prefix) values ('99', '70', '116', 'Pants Size', 'XX-Large', '5.0000', '+');
insert into orders_products_attributes (orders_products_attributes_id, orders_id, orders_products_id, products_options, products_options_values, options_values_price, price_prefix) values ('100', '71', '117', 'Size', 'X-Large', '0.0000', '+');
insert into orders_products_attributes (orders_products_attributes_id, orders_id, orders_products_id, products_options, products_options_values, options_values_price, price_prefix) values ('101', '71', '117', 'Color', 'Black', '0.0000', '+');
insert into orders_products_attributes (orders_products_attributes_id, orders_id, orders_products_id, products_options, products_options_values, options_values_price, price_prefix) values ('102', '72', '118', 'Size', 'X-Large', '0.0000', '+');
insert into orders_products_attributes (orders_products_attributes_id, orders_id, orders_products_id, products_options, products_options_values, options_values_price, price_prefix) values ('103', '72', '118', 'Color', 'Black', '0.0000', '+');
insert into orders_products_attributes (orders_products_attributes_id, orders_id, orders_products_id, products_options, products_options_values, options_values_price, price_prefix) values ('104', '73', '121', 'Color', 'Blue', '0.0000', '+');
drop table if exists orders_products_download;
create table orders_products_download (
  orders_products_download_id int(11) not null auto_increment,
  orders_id int(11) default '0' not null ,
  orders_products_id int(11) default '0' not null ,
  orders_products_filename varchar(255) not null ,
  download_maxdays int(2) default '0' not null ,
  download_count int(2) default '0' not null ,
  PRIMARY KEY (orders_products_download_id)
);

drop table if exists orders_status;
create table orders_status (
  orders_status_id int(11) default '0' not null ,
  language_id int(11) default '1' not null ,
  orders_status_name varchar(32) not null ,
  PRIMARY KEY (orders_status_id, language_id),
  KEY idx_orders_status_name (orders_status_name)
);

insert into orders_status (orders_status_id, language_id, orders_status_name) values ('1', '1', 'Pending');
insert into orders_status (orders_status_id, language_id, orders_status_name) values ('2', '1', 'Processing');
insert into orders_status (orders_status_id, language_id, orders_status_name) values ('3', '1', 'Delivered');
insert into orders_status (orders_status_id, language_id, orders_status_name) values ('4', '1', 'Preparing [PayPal IPN]');
drop table if exists orders_status_history;
create table orders_status_history (
  orders_status_history_id int(11) not null auto_increment,
  orders_id int(11) default '0' not null ,
  orders_status_id int(5) default '0' not null ,
  date_added datetime default '0000-00-00 00:00:00' not null ,
  customer_notified int(1) default '0' ,
  comments text ,
  PRIMARY KEY (orders_status_history_id)
);

insert into orders_status_history (orders_status_history_id, orders_id, orders_status_id, date_added, customer_notified, comments) values ('1', '1', '1', '2005-03-02 13:26:31', '1', '');
insert into orders_status_history (orders_status_history_id, orders_id, orders_status_id, date_added, customer_notified, comments) values ('3', '1', '3', '2005-03-03 15:36:52', '1', '');
insert into orders_status_history (orders_status_history_id, orders_id, orders_status_id, date_added, customer_notified, comments) values ('33', '18', '3', '2005-04-05 14:55:17', '1', 'Shipped today on FedEx 4-5-05, tracking # 3627000 00005834 Thanks for your order, Tom - Performance Auto');
insert into orders_status_history (orders_status_history_id, orders_id, orders_status_id, date_added, customer_notified, comments) values ('32', '18', '4', '2005-04-04 18:18:24', '1', '');
insert into orders_status_history (orders_status_history_id, orders_id, orders_status_id, date_added, customer_notified, comments) values ('31', '18', '1', '2005-04-04 18:18:16', '0', 'PayPal IPN Verified [Completed]');
insert into orders_status_history (orders_status_history_id, orders_id, orders_status_id, date_added, customer_notified, comments) values ('19', '14', '4', '2005-03-21 21:42:35', '1', 'Hello, 
First off thanks for the quick response to my question on ebay & for sending me here .
I plan to be back for a few more things as this rebuild draws to a close . (roller rockers & push rods ) may be a week or so before i order them due to funds .lol 

just for the sake of asking if for some strange reason i ordered the wrong size main & rod bearings would it be possiable to send the new still in box set back to you for exchange shipping cost provided from me to & from ? (but would prob. just bite the bullet & buy some here . ) but i had to ask .
any way you guys sound like good people . happy to do business with your company & will spread the word about you .');
insert into orders_status_history (orders_status_history_id, orders_id, orders_status_id, date_added, customer_notified, comments) values ('18', '14', '1', '2005-03-21 21:41:46', '0', 'PayPal IPN Verified [Completed]');
insert into orders_status_history (orders_status_history_id, orders_id, orders_status_id, date_added, customer_notified, comments) values ('21', '14', '3', '2005-03-22 15:23:32', '1', 'Shipped today 3-22-05
FedEx tracking #\'s are  3627000 00005391
                                  3627000 00005384
                                  3627000 00005377
Thank You, Tom - Performance Auto






e');
insert into orders_status_history (orders_status_history_id, orders_id, orders_status_id, date_added, customer_notified, comments) values ('22', '15', '1', '2005-03-23 14:55:51', '0', 'PayPal IPN Verified [Completed]');
insert into orders_status_history (orders_status_history_id, orders_id, orders_status_id, date_added, customer_notified, comments) values ('23', '15', '4', '2005-03-23 14:56:30', '1', '');
insert into orders_status_history (orders_status_history_id, orders_id, orders_status_id, date_added, customer_notified, comments) values ('24', '15', '3', '2005-03-24 13:35:06', '1', 'driving suit shipped today 3-24-05
FedEx - tracking #3627000 00005469
Thank You, Tom, Performance Auto');
insert into orders_status_history (orders_status_history_id, orders_id, orders_status_id, date_added, customer_notified, comments) values ('25', '16', '4', '2005-03-26 07:10:49', '1', '');
insert into orders_status_history (orders_status_history_id, orders_id, orders_status_id, date_added, customer_notified, comments) values ('28', '16', '1', '2005-03-26 15:21:01', '0', 'PayPal IPN Verified [Completed]');
insert into orders_status_history (orders_status_history_id, orders_id, orders_status_id, date_added, customer_notified, comments) values ('29', '16', '3', '2005-03-28 15:51:43', '1', 'Shipped today on federal express, tracking # is 3627000 00005537. Thank you for the order. Tom');
insert into orders_status_history (orders_status_history_id, orders_id, orders_status_id, date_added, customer_notified, comments) values ('34', '19', '1', '2005-04-07 23:38:13', '1', '');
insert into orders_status_history (orders_status_history_id, orders_id, orders_status_id, date_added, customer_notified, comments) values ('35', '19', '3', '2005-04-08 15:04:35', '1', 'Shipped today, Fed Ex tracking # is 3627000 00005933. Thanks, Tom.');
insert into orders_status_history (orders_status_history_id, orders_id, orders_status_id, date_added, customer_notified, comments) values ('36', '20', '1', '2005-04-11 14:57:36', '0', 'PayPal IPN Verified [Completed]');
insert into orders_status_history (orders_status_history_id, orders_id, orders_status_id, date_added, customer_notified, comments) values ('37', '20', '3', '2005-04-12 06:44:37', '1', 'Shipped on 4-11-05, Fed Ex tracking # is 3627000 00006008, Thanks for your order.');
insert into orders_status_history (orders_status_history_id, orders_id, orders_status_id, date_added, customer_notified, comments) values ('38', '21', '1', '2005-04-13 10:42:58', '1', '');
insert into orders_status_history (orders_status_history_id, orders_id, orders_status_id, date_added, customer_notified, comments) values ('39', '22', '1', '2005-04-13 15:06:40', '1', '');
insert into orders_status_history (orders_status_history_id, orders_id, orders_status_id, date_added, customer_notified, comments) values ('40', '22', '3', '2005-04-13 16:47:48', '1', 'shipped today 4-13-05
FedEx tracking #3627000 00006091
Thanks for your order, looking forward to serving you again. Tom, Performance Auto');
insert into orders_status_history (orders_status_history_id, orders_id, orders_status_id, date_added, customer_notified, comments) values ('41', '21', '3', '2005-04-13 16:52:56', '1', 'shipped 4-13-05  FedEx tracking #3627000 00006039
We packed your tearoffs in with your helmet because we did not have a big enough box. Hope to serve you again. Thanks for your order. Tom - Performance Auto');
insert into orders_status_history (orders_status_history_id, orders_id, orders_status_id, date_added, customer_notified, comments) values ('42', '23', '1', '2005-04-28 07:47:57', '1', 'I called you on some information for shipping if i could possibly get the helmet and tearoffs and jacket then ship the pants when you get them would be greatly appreciated. Thank you. Cody armstrong. any questions call me at 701-662-0297.');
insert into orders_status_history (orders_status_history_id, orders_id, orders_status_id, date_added, customer_notified, comments) values ('43', '23', '3', '2005-04-29 15:35:47', '1', 'Cody, Shipped your order (except for the pants) today 4/29/05, via FedEx. Tracking # is 3627000 00006435. Thanks Tom - Performance Auto');
insert into orders_status_history (orders_status_history_id, orders_id, orders_status_id, date_added, customer_notified, comments) values ('44', '24', '1', '2005-05-02 09:33:50', '1', '');
insert into orders_status_history (orders_status_history_id, orders_id, orders_status_id, date_added, customer_notified, comments) values ('45', '24', '3', '2005-05-06 14:15:57', '1', 'Earl, We shipped your order today, 5/6/05, via FedEx. Your tracking # is 3627000 00006572. Thank you for your patients on waiting for the jacket. Thank you for your order, Tom - Performance Auto');
insert into orders_status_history (orders_status_history_id, orders_id, orders_status_id, date_added, customer_notified, comments) values ('46', '25', '1', '2005-05-12 16:09:37', '1', '');
insert into orders_status_history (orders_status_history_id, orders_id, orders_status_id, date_added, customer_notified, comments) values ('47', '25', '3', '2005-05-13 14:19:39', '1', 'Ken, We shipped your order today 5/13/05, via FedEx. Your tracking number is 3627000 00006770. We appreciate you doing business with us again. Thanks Tom, Performance - Auto');
insert into orders_status_history (orders_status_history_id, orders_id, orders_status_id, date_added, customer_notified, comments) values ('48', '26', '1', '2005-05-18 15:27:47', '1', '');
insert into orders_status_history (orders_status_history_id, orders_id, orders_status_id, date_added, customer_notified, comments) values ('49', '26', '3', '2005-05-19 14:45:51', '1', 'Tim, We shipped your order today 5/19/05, via FedEx. Your tracking number is 3627000 00006930. Thank you for your order. Tom - Performance Auto');
insert into orders_status_history (orders_status_history_id, orders_id, orders_status_id, date_added, customer_notified, comments) values ('50', '27', '1', '2005-05-23 11:37:33', '0', 'PayPal IPN Verified [Completed]');
insert into orders_status_history (orders_status_history_id, orders_id, orders_status_id, date_added, customer_notified, comments) values ('51', '27', '4', '2005-05-23 11:37:48', '1', '');
insert into orders_status_history (orders_status_history_id, orders_id, orders_status_id, date_added, customer_notified, comments) values ('52', '27', '3', '2005-05-23 14:29:26', '1', 'Lisa, We shipped your order today 5/23/05, via FedEx. Your tracking number is 3627000 00006978. Thank you for your order. Tom - Performance Auto');
insert into orders_status_history (orders_status_history_id, orders_id, orders_status_id, date_added, customer_notified, comments) values ('53', '28', '1', '2005-05-26 17:36:24', '1', '');
insert into orders_status_history (orders_status_history_id, orders_id, orders_status_id, date_added, customer_notified, comments) values ('54', '28', '3', '2005-05-27 15:16:25', '1', 'Mary Ann, We shipped your order today 5/27/05, via FedEx. Your tracking number is 3627000 00007104. Thank you for your order. Tom - Performance Auto');
insert into orders_status_history (orders_status_history_id, orders_id, orders_status_id, date_added, customer_notified, comments) values ('55', '29', '1', '2005-05-27 17:22:56', '1', '');
insert into orders_status_history (orders_status_history_id, orders_id, orders_status_id, date_added, customer_notified, comments) values ('56', '30', '1', '2005-05-30 12:49:05', '0', 'PayPal IPN Verified [Completed]');
insert into orders_status_history (orders_status_history_id, orders_id, orders_status_id, date_added, customer_notified, comments) values ('57', '30', '4', '2005-05-30 12:51:05', '1', 'be sure to ship a set of exact model H631CP balanced set of pistons, no other model instead please.

let me know please my shipping\'s tracking # as soon as You can.');
insert into orders_status_history (orders_status_history_id, orders_id, orders_status_id, date_added, customer_notified, comments) values ('58', '31', '1', '2005-05-31 11:48:18', '1', 'I am purchasing this for my brother so please send the items to the following address (if you have any questions please call me at (512) 507-3955):

Matt Wheeler
212 E. Castleberry Drive
Granite Shoals, TX 78654');
insert into orders_status_history (orders_status_history_id, orders_id, orders_status_id, date_added, customer_notified, comments) values ('59', '32', '1', '2005-05-31 14:43:17', '1', '');
insert into orders_status_history (orders_status_history_id, orders_id, orders_status_id, date_added, customer_notified, comments) values ('60', '31', '3', '2005-05-31 15:10:02', '1', 'Karisha, We shipped your order today 5/31/05, via FedEx. Your tracking number is  3627000 00007142. We did ship then to Matt Wheeler at the Castleberry address. Thank you for your order. Tom - Performance Auto');
insert into orders_status_history (orders_status_history_id, orders_id, orders_status_id, date_added, customer_notified, comments) values ('61', '30', '3', '2005-05-31 15:12:29', '1', 'Michael, We shipped your order today 5/31/05, via FedEX. Your tracking number is  3627000 00007128. Thank you for your order. Tom - Performance Auto');
insert into orders_status_history (orders_status_history_id, orders_id, orders_status_id, date_added, customer_notified, comments) values ('62', '30', '3', '2005-05-31 15:18:36', '1', 'Matias, I just noticed I had the wrong name and I gave you the wrong tracking number. The right number is 3627000 000071111. But we did get them shipped today ( that I did get right). Sorry about the mess up!!!!! Thanks Lana');
insert into orders_status_history (orders_status_history_id, orders_id, orders_status_id, date_added, customer_notified, comments) values ('63', '29', '3', '2005-05-31 15:21:30', '1', 'Michael, We shipped your order today 5/31/05, via FedEX. Your tracking number is 3627000 00007128. Thank you for your order. Tom - Performacne Auto');
insert into orders_status_history (orders_status_history_id, orders_id, orders_status_id, date_added, customer_notified, comments) values ('64', '35', '1', '2005-06-01 05:54:23', '0', 'PayPal IPN Verified [Completed]');
insert into orders_status_history (orders_status_history_id, orders_id, orders_status_id, date_added, customer_notified, comments) values ('65', '35', '3', '2005-06-01 20:44:14', '1', 'Shipped today - FEDEX tracking # is 3627000 00007166, Thanks for the order - Tom.');
insert into orders_status_history (orders_status_history_id, orders_id, orders_status_id, date_added, customer_notified, comments) values ('68', '37', '1', '2005-06-03 11:53:40', '0', 'PayPal IPN Verified [Completed]');
insert into orders_status_history (orders_status_history_id, orders_id, orders_status_id, date_added, customer_notified, comments) values ('67', '32', '3', '2005-06-01 20:49:09', '1', 'Shipped today - FED EX tracking #s are 3627000 00007173 & 3627000 00007180 - Thanks for the order - Tom.');
insert into orders_status_history (orders_status_history_id, orders_id, orders_status_id, date_added, customer_notified, comments) values ('69', '37', '4', '2005-06-03 11:53:46', '1', '');
insert into orders_status_history (orders_status_history_id, orders_id, orders_status_id, date_added, customer_notified, comments) values ('70', '37', '3', '2005-06-03 15:30:40', '1', 'Shipped today - FED EX tracking #,s are 3627000 00007227 & 3627000 00007210 - Thanks for the order - Tom at Performance Auto');
insert into orders_status_history (orders_status_history_id, orders_id, orders_status_id, date_added, customer_notified, comments) values ('72', '39', '1', '2005-07-12 14:22:46', '1', '');
insert into orders_status_history (orders_status_history_id, orders_id, orders_status_id, date_added, customer_notified, comments) values ('73', '39', '3', '2005-07-13 14:32:57', '1', 'Shipped heads today, FED EX tracking #,s are 3627000 00007760 & 3627000 00007777. Heads are not painted, sorry we cannot paint them for you, we do not have a paint booth which the city requires in all commercial businesses. We were almost shut down once years ago by the fire inspecter when he saw paint overspray from headers i painted over the weekend at work. Thanks, Tom.');
insert into orders_status_history (orders_status_history_id, orders_id, orders_status_id, date_added, customer_notified, comments) values ('74', '40', '1', '2005-07-30 15:20:23', '0', 'PayPal IPN Verified [Completed]');
insert into orders_status_history (orders_status_history_id, orders_id, orders_status_id, date_added, customer_notified, comments) values ('75', '40', '4', '2005-07-30 15:20:35', '1', '');
insert into orders_status_history (orders_status_history_id, orders_id, orders_status_id, date_added, customer_notified, comments) values ('76', '40', '3', '2005-08-01 14:18:43', '1', 'Shipped heads today on FED EX - tracking #,s are 3627000 00007906 & 3627000 00007890. Thanks for the order-Tom at Performance Auto');
insert into orders_status_history (orders_status_history_id, orders_id, orders_status_id, date_added, customer_notified, comments) values ('77', '41', '1', '2005-08-01 15:58:29', '1', '');
insert into orders_status_history (orders_status_history_id, orders_id, orders_status_id, date_added, customer_notified, comments) values ('78', '43', '1', '2005-08-02 07:54:31', '1', 'I spoke to Tom yesterday about the 1.94 heads. Added a few things after going through the store. Thanks for the advice.');
insert into orders_status_history (orders_status_history_id, orders_id, orders_status_id, date_added, customer_notified, comments) values ('79', '41', '3', '2005-08-02 14:02:55', '1', 'Shipped today on FED EX - tracking # is3627000 00007913 - THANKS, TOM');
insert into orders_status_history (orders_status_history_id, orders_id, orders_status_id, date_added, customer_notified, comments) values ('80', '43', '3', '2005-08-02 14:07:42', '1', 'Shipped today on FED EX, tracking #,s are (3627000 00007944) (3627000 00007968) (3627000 00007951) THANKS,TOM.   (also i noticed you tried an order with paypal, i will cancel that one out)');
insert into orders_status_history (orders_status_history_id, orders_id, orders_status_id, date_added, customer_notified, comments) values ('81', '45', '1', '2005-08-07 02:53:19', '1', 'please!! i need this as soon as possible');
insert into orders_status_history (orders_status_history_id, orders_id, orders_status_id, date_added, customer_notified, comments) values ('82', '45', '3', '2005-08-09 13:57:38', '1', 'Shipped today on FED EX, tracking #,s are 3627000 00008095,3627000 00008101, 3627000 00008118, 3627000 00008125 - Thanks for the order - Tom at Performance Auto');
insert into orders_status_history (orders_status_history_id, orders_id, orders_status_id, date_added, customer_notified, comments) values ('83', '46', '1', '2005-08-11 20:53:04', '1', 'Ship to: Ed Young
1201 Progress Dr. #63
Medford, Oregon 97504');
insert into orders_status_history (orders_status_history_id, orders_id, orders_status_id, date_added, customer_notified, comments) values ('84', '46', '3', '2005-08-15 14:03:59', '1', 'Shipped rods today on FED EX, tracking # is 3627000 00008231. Thanks, Tom.');
insert into orders_status_history (orders_status_history_id, orders_id, orders_status_id, date_added, customer_notified, comments) values ('85', '48', '1', '2005-09-26 13:45:20', '1', 'I just want to thank Tom for all of his help.');
insert into orders_status_history (orders_status_history_id, orders_id, orders_status_id, date_added, customer_notified, comments) values ('86', '49', '1', '2005-09-27 12:58:50', '0', 'PayPal IPN Verified [Completed (Verified; $21.40)]');
insert into orders_status_history (orders_status_history_id, orders_id, orders_status_id, date_added, customer_notified, comments) values ('87', '48', '3', '2005-09-27 14:36:58', '1', 'Rick, shipped your order today on FED EX, tracking #,s are 3627000 00008743,3627000 00008736, 3727000 00008729. Thanks for the order, Tom.');
insert into orders_status_history (orders_status_history_id, orders_id, orders_status_id, date_added, customer_notified, comments) values ('88', '49', '3', '2005-09-28 07:44:25', '1', 'Shipped on Fed Ex, tracking # is 3627000 00008750. Thanks for the order. Tom- Performance Auto.');
insert into orders_status_history (orders_status_history_id, orders_id, orders_status_id, date_added, customer_notified, comments) values ('89', '50', '1', '2005-10-05 19:52:20', '0', 'PayPal IPN Verified [Completed (Unverified; $35.95)]');
insert into orders_status_history (orders_status_history_id, orders_id, orders_status_id, date_added, customer_notified, comments) values ('90', '50', '4', '2005-10-05 19:52:49', '1', '');
insert into orders_status_history (orders_status_history_id, orders_id, orders_status_id, date_added, customer_notified, comments) values ('91', '50', '3', '2005-10-06 13:36:25', '1', 'Shipped today on FED EX, tracking # is 3627000 00008880. Thanks, Tom.');
insert into orders_status_history (orders_status_history_id, orders_id, orders_status_id, date_added, customer_notified, comments) values ('92', '51', '1', '2005-10-13 05:21:31', '0', 'PayPal IPN Verified [Completed (Verified; $102.30)]');
insert into orders_status_history (orders_status_history_id, orders_id, orders_status_id, date_added, customer_notified, comments) values ('93', '51', '4', '2005-10-13 05:21:43', '1', '');
insert into orders_status_history (orders_status_history_id, orders_id, orders_status_id, date_added, customer_notified, comments) values ('94', '51', '3', '2005-10-13 12:50:35', '1', 'We were out of the jacket so i had Ultrashield drop ship both pants and jacket to Kennison Real Estate. They are located in Texas and said the suit will ship today. If you need tracking # let me know.  Thanks for the order Denise. Tom at Performance Auto.');
insert into orders_status_history (orders_status_history_id, orders_id, orders_status_id, date_added, customer_notified, comments) values ('95', '52', '1', '2005-10-25 17:21:13', '0', 'PayPal IPN Verified [Completed (Unverified; $34.19)]');
insert into orders_status_history (orders_status_history_id, orders_id, orders_status_id, date_added, customer_notified, comments) values ('96', '52', '4', '2005-10-25 17:21:19', '1', '');
insert into orders_status_history (orders_status_history_id, orders_id, orders_status_id, date_added, customer_notified, comments) values ('97', '52', '3', '2005-10-26 13:56:44', '1', 'Shipped on FED EX, tracking # is 3627000 00009061. Thanks, Tom.');
insert into orders_status_history (orders_status_history_id, orders_id, orders_status_id, date_added, customer_notified, comments) values ('98', '53', '1', '2005-10-31 13:52:26', '1', '');
insert into orders_status_history (orders_status_history_id, orders_id, orders_status_id, date_added, customer_notified, comments) values ('99', '53', '3', '2005-11-01 14:39:52', '1', 'John, shipped your order today on FED EX, tracking # is 3627000 00009122. Sorry it took an extra day to get coming to you. Thanks for the order, Tom.');
insert into orders_status_history (orders_status_history_id, orders_id, orders_status_id, date_added, customer_notified, comments) values ('100', '55', '1', '2005-11-02 07:42:29', '0', 'PayPal IPN Verified [Completed (Verified; $129.34)]');
insert into orders_status_history (orders_status_history_id, orders_id, orders_status_id, date_added, customer_notified, comments) values ('101', '55', '4', '2005-11-02 07:42:38', '1', '');
insert into orders_status_history (orders_status_history_id, orders_id, orders_status_id, date_added, customer_notified, comments) values ('102', '55', '3', '2005-11-02 14:38:49', '1', 'Jon, shipped your order today on FED EX, tracking # is 3627000 00009139. Thanks for your order, Tom.');
insert into orders_status_history (orders_status_history_id, orders_id, orders_status_id, date_added, customer_notified, comments) values ('103', '56', '1', '2005-11-03 13:26:52', '0', 'PayPal IPN Verified [Completed (Unverified; $104.57)]');
insert into orders_status_history (orders_status_history_id, orders_id, orders_status_id, date_added, customer_notified, comments) values ('104', '56', '4', '2005-11-03 13:27:07', '1', '');
insert into orders_status_history (orders_status_history_id, orders_id, orders_status_id, date_added, customer_notified, comments) values ('105', '56', '2', '2005-11-03 14:43:33', '1', 'Heather, we are having Ultrashield drop ship the suit directly to you. They informed me it will ship tomorrow on UPS. I will e-mail you the tracking number tomorrow. Thanks for your order - Tom.');
insert into orders_status_history (orders_status_history_id, orders_id, orders_status_id, date_added, customer_notified, comments) values ('106', '56', '3', '2005-11-04 11:09:16', '1', 'UPS tracking # from Ultrashield is 1Z7512540341963965. Thanks, Tom.');
insert into orders_status_history (orders_status_history_id, orders_id, orders_status_id, date_added, customer_notified, comments) values ('107', '57', '1', '2005-11-04 18:58:26', '1', '');
insert into orders_status_history (orders_status_history_id, orders_id, orders_status_id, date_added, customer_notified, comments) values ('108', '57', '3', '2005-11-07 19:16:30', '1', 'Doug, we shipped your heads today on FED EX, tracking #,s are 3627000 00009207 & 3627000 00009191. Thanks for the order, Tom.');
insert into orders_status_history (orders_status_history_id, orders_id, orders_status_id, date_added, customer_notified, comments) values ('109', '59', '1', '2005-11-15 12:58:29', '1', '');
insert into orders_status_history (orders_status_history_id, orders_id, orders_status_id, date_added, customer_notified, comments) values ('110', '59', '3', '2005-11-15 17:33:12', '1', 'Fed Ex tracking #,s are 3627000 00009290, 3627000 00009276, 3627000 00009283 - Rings are being drop shipped from the warehouse. Thanks for the order. Tom.');
insert into orders_status_history (orders_status_history_id, orders_id, orders_status_id, date_added, customer_notified, comments) values ('111', '60', '1', '2005-11-17 17:48:08', '0', 'PayPal IPN Verified [Completed (Verified; $102.58)]');
insert into orders_status_history (orders_status_history_id, orders_id, orders_status_id, date_added, customer_notified, comments) values ('112', '60', '4', '2005-11-17 17:53:03', '1', '');
insert into orders_status_history (orders_status_history_id, orders_id, orders_status_id, date_added, customer_notified, comments) values ('113', '60', '3', '2005-11-18 13:33:51', '1', 'Shipped suit today on Fed Ex. Tracking # is 3627000 00009337. Thanks, Tom.');
insert into orders_status_history (orders_status_history_id, orders_id, orders_status_id, date_added, customer_notified, comments) values ('114', '61', '1', '2005-11-21 18:10:56', '1', '');
insert into orders_status_history (orders_status_history_id, orders_id, orders_status_id, date_added, customer_notified, comments) values ('115', '61', '3', '2005-11-22 14:03:02', '1', 'Shipped suit today on FED EX. Tracking # is 3627000 00009382. Thanks, Tom.');
insert into orders_status_history (orders_status_history_id, orders_id, orders_status_id, date_added, customer_notified, comments) values ('116', '62', '4', '2005-11-30 11:51:46', '1', 'I would like for the pistons to be .60 over and I would like the float pins. Thanks!');
insert into orders_status_history (orders_status_history_id, orders_id, orders_status_id, date_added, customer_notified, comments) values ('117', '62', '1', '2005-11-30 11:53:12', '0', 'PayPal IPN Verified [Completed (Verified; $312.64)]');
insert into orders_status_history (orders_status_history_id, orders_id, orders_status_id, date_added, customer_notified, comments) values ('118', '63', '1', '2005-12-01 08:41:53', '1', '');
insert into orders_status_history (orders_status_history_id, orders_id, orders_status_id, date_added, customer_notified, comments) values ('119', '62', '3', '2005-12-01 14:40:18', '1', 'Shipping pistons today. FED EX tracking # is 3627000 00009511. Thanks for the order, Tom.');
insert into orders_status_history (orders_status_history_id, orders_id, orders_status_id, date_added, customer_notified, comments) values ('120', '63', '3', '2005-12-01 15:08:06', '1', 'We were out of that particular suit so we had one drop shipped from Ultra Shield in Texas today. The UPS tracking # is 1Z7512540341108568. We will send your invoice in the mail. Thanks for your order, Tom.');
insert into orders_status_history (orders_status_history_id, orders_id, orders_status_id, date_added, customer_notified, comments) values ('121', '64', '1', '2005-12-01 16:55:28', '0', 'PayPal IPN Verified [Completed (Verified; $133.97)]');
insert into orders_status_history (orders_status_history_id, orders_id, orders_status_id, date_added, customer_notified, comments) values ('122', '64', '4', '2005-12-01 16:56:03', '1', 'Attn. Garvey Pennington');
insert into orders_status_history (orders_status_history_id, orders_id, orders_status_id, date_added, customer_notified, comments) values ('123', '64', '3', '2005-12-02 12:20:23', '1', 'Shipping your suit today on FED EX, tracking # is 3627000 00009535. Thanks for your order, Tom.');
insert into orders_status_history (orders_status_history_id, orders_id, orders_status_id, date_added, customer_notified, comments) values ('124', '65', '1', '2005-12-02 14:10:36', '1', 'The jacket should be Medium and blue. No one will be at that address durring buisness days ti sign for the package if you are requiring that. Call at 713-802-0801');
insert into orders_status_history (orders_status_history_id, orders_id, orders_status_id, date_added, customer_notified, comments) values ('125', '65', '3', '2005-12-05 12:17:03', '1', 'Shipping your suits today on FED EX, tracking # is 3627000 00009542. Thanks for the order, Tom');
insert into orders_status_history (orders_status_history_id, orders_id, orders_status_id, date_added, customer_notified, comments) values ('126', '66', '1', '2005-12-07 13:19:46', '0', 'PayPal IPN Verified [Completed (Verified; $202.70)]');
insert into orders_status_history (orders_status_history_id, orders_id, orders_status_id, date_added, customer_notified, comments) values ('127', '66', '4', '2005-12-07 13:20:09', '1', '');
insert into orders_status_history (orders_status_history_id, orders_id, orders_status_id, date_added, customer_notified, comments) values ('128', '66', '3', '2005-12-07 14:07:37', '1', 'Jeff, Ulra Shield is shipping your 2 suits today. UPS tracking # is 1z7512540341931703. Thanks for the order, Tom.');
insert into orders_status_history (orders_status_history_id, orders_id, orders_status_id, date_added, customer_notified, comments) values ('129', '67', '1', '2005-12-08 16:51:42', '1', '');
insert into orders_status_history (orders_status_history_id, orders_id, orders_status_id, date_added, customer_notified, comments) values ('130', '68', '1', '2005-12-08 19:22:32', '1', 'v code test');
insert into orders_status_history (orders_status_history_id, orders_id, orders_status_id, date_added, customer_notified, comments) values ('131', '67', '3', '2005-12-09 14:47:07', '1', 'Erin, shipped your parts today on FED EX. Tracking # is 3627000 00009658. Thanks for the order, Tom.');
insert into orders_status_history (orders_status_history_id, orders_id, orders_status_id, date_added, customer_notified, comments) values ('132', '69', '1', '2005-12-16 19:32:52', '1', '');
insert into orders_status_history (orders_status_history_id, orders_id, orders_status_id, date_added, customer_notified, comments) values ('133', '69', '3', '2005-12-19 16:06:55', '1', 'Leslie, we were out of that particular suit so we had Ultra Shield in Texas drop ship the suit to you today. The UPS tracking # is 1z7512540341083684. I will mail you the paid invoice. Thank you for the order. Tom at Performance Auto.  Happy Holidays.');
insert into orders_status_history (orders_status_history_id, orders_id, orders_status_id, date_added, customer_notified, comments) values ('134', '72', '1', '2005-12-21 10:22:04', '1', '');
insert into orders_status_history (orders_status_history_id, orders_id, orders_status_id, date_added, customer_notified, comments) values ('135', '73', '1', '2005-12-21 19:25:20', '1', 'fdsf');
drop table if exists orders_total;
create table orders_total (
  orders_total_id int(10) unsigned not null auto_increment,
  orders_id int(11) default '0' not null ,
  title varchar(255) not null ,
  text varchar(255) not null ,
  value decimal(15,4) default '0.0000' not null ,
  class varchar(32) not null ,
  sort_order int(11) default '0' not null ,
  PRIMARY KEY (orders_total_id),
  KEY idx_orders_total_orders_id (orders_id)
);

insert into orders_total (orders_total_id, orders_id, title, text, value, class, sort_order) values ('1', '1', 'Sub-Total:', '$379.00', '379.0000', 'ot_subtotal', '1');
insert into orders_total (orders_total_id, orders_id, title, text, value, class, sort_order) values ('2', '1', 'Federal Express (1 x 3lbs) (Home Delivery (3 days)):', '$9.50', '9.5000', 'ot_shipping', '2');
insert into orders_total (orders_total_id, orders_id, title, text, value, class, sort_order) values ('3', '1', 'Total:', '<b>$388.50</b>', '388.5000', 'ot_total', '4');
insert into orders_total (orders_total_id, orders_id, title, text, value, class, sort_order) values ('61', '21', 'Sub-Total:', '$250.98', '250.9800', 'ot_subtotal', '1');
insert into orders_total (orders_total_id, orders_id, title, text, value, class, sort_order) values ('60', '20', 'Total:', '<b>$209.70</b>', '209.7000', 'ot_total', '4');
insert into orders_total (orders_total_id, orders_id, title, text, value, class, sort_order) values ('59', '20', 'Federal Express (1 x 8.6lbs) (Home Delivery):', '$10.70', '10.7000', 'ot_shipping', '2');
insert into orders_total (orders_total_id, orders_id, title, text, value, class, sort_order) values ('58', '20', 'Sub-Total:', '$199.00', '199.0000', 'ot_subtotal', '1');
insert into orders_total (orders_total_id, orders_id, title, text, value, class, sort_order) values ('57', '19', 'Total:', '<b>$226.10</b>', '226.1000', 'ot_total', '4');
insert into orders_total (orders_total_id, orders_id, title, text, value, class, sort_order) values ('46', '16', 'Sub-Total:', '$104.99', '104.9900', 'ot_subtotal', '1');
insert into orders_total (orders_total_id, orders_id, title, text, value, class, sort_order) values ('54', '18', 'Total:', '<b>$104.34</b>', '104.3400', 'ot_total', '4');
insert into orders_total (orders_total_id, orders_id, title, text, value, class, sort_order) values ('52', '18', 'Sub-Total:', '$94.99', '94.9900', 'ot_subtotal', '1');
insert into orders_total (orders_total_id, orders_id, title, text, value, class, sort_order) values ('53', '18', 'Federal Express (1 x 7.7lbs) (Home Delivery):', '$9.35', '9.3500', 'ot_shipping', '2');
insert into orders_total (orders_total_id, orders_id, title, text, value, class, sort_order) values ('55', '19', 'Sub-Total:', '$214.98', '214.9800', 'ot_subtotal', '1');
insert into orders_total (orders_total_id, orders_id, title, text, value, class, sort_order) values ('56', '19', 'Federal Express (1 x 35.53lbs) (Ground Service):', '$11.12', '11.1200', 'ot_shipping', '2');
insert into orders_total (orders_total_id, orders_id, title, text, value, class, sort_order) values ('45', '15', 'Total:', '<b>$104.32</b>', '104.3200', 'ot_total', '4');
insert into orders_total (orders_total_id, orders_id, title, text, value, class, sort_order) values ('40', '14', 'Sub-Total:', '$648.99', '648.9900', 'ot_subtotal', '1');
insert into orders_total (orders_total_id, orders_id, title, text, value, class, sort_order) values ('41', '14', 'Federal Express (3 x 45.76lbs) (Ground Service):', '$54.30', '54.3000', 'ot_shipping', '2');
insert into orders_total (orders_total_id, orders_id, title, text, value, class, sort_order) values ('42', '14', 'Total:', '<b>$703.29</b>', '703.2900', 'ot_total', '4');
insert into orders_total (orders_total_id, orders_id, title, text, value, class, sort_order) values ('43', '15', 'Sub-Total:', '$94.99', '94.9900', 'ot_subtotal', '1');
insert into orders_total (orders_total_id, orders_id, title, text, value, class, sort_order) values ('44', '15', 'Federal Express (1 x 7.7lbs) (Home Delivery):', '$9.33', '9.3300', 'ot_shipping', '2');
insert into orders_total (orders_total_id, orders_id, title, text, value, class, sort_order) values ('47', '16', 'Federal Express (1 x 7.7lbs) (Home Delivery):', '$9.37', '9.3700', 'ot_shipping', '2');
insert into orders_total (orders_total_id, orders_id, title, text, value, class, sort_order) values ('48', '16', 'Total:', '<b>$114.36</b>', '114.3600', 'ot_total', '4');
insert into orders_total (orders_total_id, orders_id, title, text, value, class, sort_order) values ('62', '21', 'Federal Express (1 x 10.55lbs) (Ground Service):', '$6.49', '6.4900', 'ot_shipping', '2');
insert into orders_total (orders_total_id, orders_id, title, text, value, class, sort_order) values ('63', '21', 'Total:', '<b>$257.47</b>', '257.4700', 'ot_total', '4');
insert into orders_total (orders_total_id, orders_id, title, text, value, class, sort_order) values ('64', '22', 'Sub-Total:', '$141.98', '141.9800', 'ot_subtotal', '1');
insert into orders_total (orders_total_id, orders_id, title, text, value, class, sort_order) values ('65', '22', 'Federal Express (1 x 8.15lbs) (Home Delivery):', '$8.66', '8.6600', 'ot_shipping', '2');
insert into orders_total (orders_total_id, orders_id, title, text, value, class, sort_order) values ('66', '22', 'Total:', '<b>$150.64</b>', '150.6400', 'ot_total', '4');
insert into orders_total (orders_total_id, orders_id, title, text, value, class, sort_order) values ('67', '23', 'Sub-Total:', '$308.98', '308.9800', 'ot_subtotal', '1');
insert into orders_total (orders_total_id, orders_id, title, text, value, class, sort_order) values ('68', '23', 'Federal Express (1 x 14.8lbs) (Home Delivery):', '$11.03', '11.0300', 'ot_shipping', '2');
insert into orders_total (orders_total_id, orders_id, title, text, value, class, sort_order) values ('69', '23', 'Total:', '<b>$320.01</b>', '320.0100', 'ot_total', '4');
insert into orders_total (orders_total_id, orders_id, title, text, value, class, sort_order) values ('70', '24', 'Sub-Total:', '$99.99', '99.9900', 'ot_subtotal', '1');
insert into orders_total (orders_total_id, orders_id, title, text, value, class, sort_order) values ('71', '24', 'Federal Express (1 x 7.7lbs) (Home Delivery):', '$9.05', '9.0500', 'ot_shipping', '2');
insert into orders_total (orders_total_id, orders_id, title, text, value, class, sort_order) values ('72', '24', 'Total:', '<b>$109.04</b>', '109.0400', 'ot_total', '4');
insert into orders_total (orders_total_id, orders_id, title, text, value, class, sort_order) values ('73', '25', 'Sub-Total:', '$32.98', '32.9800', 'ot_subtotal', '1');
insert into orders_total (orders_total_id, orders_id, title, text, value, class, sort_order) values ('74', '25', 'Federal Express (1 x 8.7lbs) (Home Delivery):', '$9.17', '9.1700', 'ot_shipping', '2');
insert into orders_total (orders_total_id, orders_id, title, text, value, class, sort_order) values ('75', '25', 'Total:', '<b>$42.15</b>', '42.1500', 'ot_total', '4');
insert into orders_total (orders_total_id, orders_id, title, text, value, class, sort_order) values ('76', '26', 'Sub-Total:', '$194.98', '194.9800', 'ot_subtotal', '1');
insert into orders_total (orders_total_id, orders_id, title, text, value, class, sort_order) values ('77', '26', 'Federal Express (1 x 9.4lbs) (Home Delivery):', '$9.86', '9.8600', 'ot_shipping', '2');
insert into orders_total (orders_total_id, orders_id, title, text, value, class, sort_order) values ('78', '26', 'Total:', '<b>$204.84</b>', '204.8400', 'ot_total', '4');
insert into orders_total (orders_total_id, orders_id, title, text, value, class, sort_order) values ('79', '27', 'Sub-Total:', '$94.99', '94.9900', 'ot_subtotal', '1');
insert into orders_total (orders_total_id, orders_id, title, text, value, class, sort_order) values ('80', '27', 'Federal Express (1 x 7.7lbs) (Home Delivery):', '$9.05', '9.0500', 'ot_shipping', '2');
insert into orders_total (orders_total_id, orders_id, title, text, value, class, sort_order) values ('81', '27', 'Total:', '<b>$104.04</b>', '104.0400', 'ot_total', '4');
insert into orders_total (orders_total_id, orders_id, title, text, value, class, sort_order) values ('82', '28', 'Sub-Total:', '$94.99', '94.9900', 'ot_subtotal', '1');
insert into orders_total (orders_total_id, orders_id, title, text, value, class, sort_order) values ('83', '28', 'Federal Express (1 x 7.7lbs) (Home Delivery):', '$9.40', '9.4000', 'ot_shipping', '2');
insert into orders_total (orders_total_id, orders_id, title, text, value, class, sort_order) values ('84', '28', 'Total:', '<b>$104.39</b>', '104.3900', 'ot_total', '4');
insert into orders_total (orders_total_id, orders_id, title, text, value, class, sort_order) values ('85', '29', 'Sub-Total:', '$49.98', '49.9800', 'ot_subtotal', '1');
insert into orders_total (orders_total_id, orders_id, title, text, value, class, sort_order) values ('86', '29', 'Federal Express (1 x 6.4lbs) (Home Delivery):', '$8.97', '8.9700', 'ot_shipping', '2');
insert into orders_total (orders_total_id, orders_id, title, text, value, class, sort_order) values ('87', '29', 'Total:', '<b>$58.95</b>', '58.9500', 'ot_total', '4');
insert into orders_total (orders_total_id, orders_id, title, text, value, class, sort_order) values ('88', '30', 'Sub-Total:', '$241.97', '241.9700', 'ot_subtotal', '1');
insert into orders_total (orders_total_id, orders_id, title, text, value, class, sort_order) values ('89', '30', 'Federal Express (1 x 34.32lbs) (Home Delivery):', '$18.74', '18.7400', 'ot_shipping', '2');
insert into orders_total (orders_total_id, orders_id, title, text, value, class, sort_order) values ('90', '30', 'Total:', '<b>$260.71</b>', '260.7100', 'ot_total', '4');
insert into orders_total (orders_total_id, orders_id, title, text, value, class, sort_order) values ('91', '31', 'Sub-Total:', '$104.99', '104.9900', 'ot_subtotal', '1');
insert into orders_total (orders_total_id, orders_id, title, text, value, class, sort_order) values ('92', '31', 'Federal Express (1 x 7.7lbs) (Home Delivery):', '$10.31', '10.3100', 'ot_shipping', '2');
insert into orders_total (orders_total_id, orders_id, title, text, value, class, sort_order) values ('93', '31', 'Total:', '<b>$115.30</b>', '115.3000', 'ot_total', '4');
insert into orders_total (orders_total_id, orders_id, title, text, value, class, sort_order) values ('94', '32', 'Sub-Total:', '$639.00', '639.0000', 'ot_subtotal', '1');
insert into orders_total (orders_total_id, orders_id, title, text, value, class, sort_order) values ('95', '32', 'Federal Express (3 x 36.666666666667lbs) (Ground Service):', '$41.16', '41.1600', 'ot_shipping', '2');
insert into orders_total (orders_total_id, orders_id, title, text, value, class, sort_order) values ('96', '32', 'Total:', '<b>$680.16</b>', '680.1600', 'ot_total', '4');
insert into orders_total (orders_total_id, orders_id, title, text, value, class, sort_order) values ('119', '40', 'Federal Express (3 x 36.666666666667lbs) (Home Delivery):', '$47.04', '47.0400', 'ot_shipping', '2');
insert into orders_total (orders_total_id, orders_id, title, text, value, class, sort_order) values ('118', '40', 'Sub-Total:', '$639.00', '639.0000', 'ot_subtotal', '1');
insert into orders_total (orders_total_id, orders_id, title, text, value, class, sort_order) values ('105', '35', 'Total:', '<b>$112.11</b>', '112.1100', 'ot_total', '4');
insert into orders_total (orders_total_id, orders_id, title, text, value, class, sort_order) values ('104', '35', 'Federal Express (1 x 7.7lbs) (Ground Service):', '$7.12', '7.1200', 'ot_shipping', '2');
insert into orders_total (orders_total_id, orders_id, title, text, value, class, sort_order) values ('103', '35', 'Sub-Total:', '$104.99', '104.9900', 'ot_subtotal', '1');
insert into orders_total (orders_total_id, orders_id, title, text, value, class, sort_order) values ('117', '39', 'Total:', '<b>$426.04</b>', '426.0400', 'ot_total', '4');
insert into orders_total (orders_total_id, orders_id, title, text, value, class, sort_order) values ('109', '37', 'Sub-Total:', '$639.00', '639.0000', 'ot_subtotal', '1');
insert into orders_total (orders_total_id, orders_id, title, text, value, class, sort_order) values ('110', '37', 'Federal Express (3 x 36.666666666667lbs) (Ground Service):', '$39.03', '39.0300', 'ot_shipping', '2');
insert into orders_total (orders_total_id, orders_id, title, text, value, class, sort_order) values ('111', '37', 'Total:', '<b>$678.03</b>', '678.0300', 'ot_total', '4');
insert into orders_total (orders_total_id, orders_id, title, text, value, class, sort_order) values ('116', '39', 'Federal Express (3 x 36.666666666667lbs) (Home Delivery):', '$47.04', '47.0400', 'ot_shipping', '2');
insert into orders_total (orders_total_id, orders_id, title, text, value, class, sort_order) values ('115', '39', 'Sub-Total:', '$379.00', '379.0000', 'ot_subtotal', '1');
insert into orders_total (orders_total_id, orders_id, title, text, value, class, sort_order) values ('120', '40', 'Total:', '<b>$686.04</b>', '686.0400', 'ot_total', '4');
insert into orders_total (orders_total_id, orders_id, title, text, value, class, sort_order) values ('121', '41', 'Sub-Total:', '$29.99', '29.9900', 'ot_subtotal', '1');
insert into orders_total (orders_total_id, orders_id, title, text, value, class, sort_order) values ('122', '41', 'Federal Express (1 x 5.2lbs) (Home Delivery):', '$7.11', '7.1100', 'ot_shipping', '2');
insert into orders_total (orders_total_id, orders_id, title, text, value, class, sort_order) values ('123', '41', 'Total:', '<b>$37.10</b>', '37.1000', 'ot_total', '4');
insert into orders_total (orders_total_id, orders_id, title, text, value, class, sort_order) values ('138', '46', 'Total:', '<b>$220.67</b>', '220.6700', 'ot_total', '4');
insert into orders_total (orders_total_id, orders_id, title, text, value, class, sort_order) values ('137', '46', 'Federal Express (1 x 15lbs) (Ground Service):', '$10.68', '10.6800', 'ot_shipping', '2');
insert into orders_total (orders_total_id, orders_id, title, text, value, class, sort_order) values ('136', '46', 'Sub-Total:', '$209.99', '209.9900', 'ot_subtotal', '1');
insert into orders_total (orders_total_id, orders_id, title, text, value, class, sort_order) values ('127', '43', 'Sub-Total:', '$493.96', '493.9600', 'ot_subtotal', '1');
insert into orders_total (orders_total_id, orders_id, title, text, value, class, sort_order) values ('128', '43', 'Federal Express (3 x 45.136666666667lbs) (Home Delivery):', '$42.51', '42.5100', 'ot_shipping', '2');
insert into orders_total (orders_total_id, orders_id, title, text, value, class, sort_order) values ('129', '43', 'Total:', '<b>$536.47</b>', '536.4700', 'ot_total', '4');
insert into orders_total (orders_total_id, orders_id, title, text, value, class, sort_order) values ('133', '45', 'Sub-Total:', '$814.97', '814.9700', 'ot_subtotal', '1');
insert into orders_total (orders_total_id, orders_id, title, text, value, class, sort_order) values ('134', '45', 'Federal Express (4 x 45.88375lbs) (Home Delivery):', '$82.00', '82.0000', 'ot_shipping', '2');
insert into orders_total (orders_total_id, orders_id, title, text, value, class, sort_order) values ('135', '45', 'Total:', '<b>$896.97</b>', '896.9700', 'ot_total', '4');
insert into orders_total (orders_total_id, orders_id, title, text, value, class, sort_order) values ('143', '48', 'Federal Express (3 x 37.913333333333lbs) (Home Delivery):', '$70.44', '70.4400', 'ot_shipping', '2');
insert into orders_total (orders_total_id, orders_id, title, text, value, class, sort_order) values ('142', '48', 'Sub-Total:', '$700.98', '700.9800', 'ot_subtotal', '1');
insert into orders_total (orders_total_id, orders_id, title, text, value, class, sort_order) values ('144', '48', 'Total:', '<b>$771.42</b>', '771.4200', 'ot_total', '4');
insert into orders_total (orders_total_id, orders_id, title, text, value, class, sort_order) values ('145', '49', 'Sub-Total:', '$14.99', '14.9900', 'ot_subtotal', '1');
insert into orders_total (orders_total_id, orders_id, title, text, value, class, sort_order) values ('146', '49', 'Federal Express (1 x 4.5lbs) (Home Delivery):', '$6.41', '6.4100', 'ot_shipping', '2');
insert into orders_total (orders_total_id, orders_id, title, text, value, class, sort_order) values ('147', '49', 'Total:', '<b>$21.40</b>', '21.4000', 'ot_total', '4');
insert into orders_total (orders_total_id, orders_id, title, text, value, class, sort_order) values ('148', '50', 'Sub-Total:', '$27.98', '27.9800', 'ot_subtotal', '1');
insert into orders_total (orders_total_id, orders_id, title, text, value, class, sort_order) values ('149', '50', 'Federal Express (1 x 7.4lbs) (Home Delivery):', '$7.97', '7.9700', 'ot_shipping', '2');
insert into orders_total (orders_total_id, orders_id, title, text, value, class, sort_order) values ('150', '50', 'Total:', '<b>$35.95</b>', '35.9500', 'ot_total', '4');
insert into orders_total (orders_total_id, orders_id, title, text, value, class, sort_order) values ('151', '51', 'Sub-Total:', '$94.99', '94.9900', 'ot_subtotal', '1');
insert into orders_total (orders_total_id, orders_id, title, text, value, class, sort_order) values ('152', '51', 'Federal Express (1 x 7.7lbs) (Ground Service):', '$7.31', '7.3100', 'ot_shipping', '2');
insert into orders_total (orders_total_id, orders_id, title, text, value, class, sort_order) values ('153', '51', 'Total:', '<b>$102.30</b>', '102.3000', 'ot_total', '4');
insert into orders_total (orders_total_id, orders_id, title, text, value, class, sort_order) values ('154', '52', 'Sub-Total:', '$26.99', '26.9900', 'ot_subtotal', '1');
insert into orders_total (orders_total_id, orders_id, title, text, value, class, sort_order) values ('155', '52', 'Federal Express (1 x 4.2lbs) (Home Delivery):', '$7.20', '7.2000', 'ot_shipping', '2');
insert into orders_total (orders_total_id, orders_id, title, text, value, class, sort_order) values ('156', '52', 'Total:', '<b>$34.19</b>', '34.1900', 'ot_total', '4');
insert into orders_total (orders_total_id, orders_id, title, text, value, class, sort_order) values ('157', '53', 'Sub-Total:', '$20.99', '20.9900', 'ot_subtotal', '1');
insert into orders_total (orders_total_id, orders_id, title, text, value, class, sort_order) values ('158', '53', 'Federal Express (1 x 3.95lbs) (Ground Service):', '$5.20', '5.2000', 'ot_shipping', '2');
insert into orders_total (orders_total_id, orders_id, title, text, value, class, sort_order) values ('159', '53', 'Total:', '<b>$26.19</b>', '26.1900', 'ot_total', '4');
insert into orders_total (orders_total_id, orders_id, title, text, value, class, sort_order) values ('168', '56', 'Total:', '<b>$104.57</b>', '104.5700', 'ot_total', '4');
insert into orders_total (orders_total_id, orders_id, title, text, value, class, sort_order) values ('167', '56', 'Federal Express (1 x 11lbs) (Home Delivery):', '$9.59', '9.5900', 'ot_shipping', '2');
insert into orders_total (orders_total_id, orders_id, title, text, value, class, sort_order) values ('166', '56', 'Sub-Total:', '$94.98', '94.9800', 'ot_subtotal', '1');
insert into orders_total (orders_total_id, orders_id, title, text, value, class, sort_order) values ('163', '55', 'Sub-Total:', '$118.98', '118.9800', 'ot_subtotal', '1');
insert into orders_total (orders_total_id, orders_id, title, text, value, class, sort_order) values ('164', '55', 'Federal Express (1 x 10.3lbs) (Home Delivery):', '$10.36', '10.3600', 'ot_shipping', '2');
insert into orders_total (orders_total_id, orders_id, title, text, value, class, sort_order) values ('165', '55', 'Total:', '<b>$129.34</b>', '129.3400', 'ot_total', '4');
insert into orders_total (orders_total_id, orders_id, title, text, value, class, sort_order) values ('169', '57', 'Sub-Total:', '$639.00', '639.0000', 'ot_subtotal', '1');
insert into orders_total (orders_total_id, orders_id, title, text, value, class, sort_order) values ('170', '57', 'Federal Express (3 x 44lbs) (Home Delivery):', '$46.20', '46.2000', 'ot_shipping', '2');
insert into orders_total (orders_total_id, orders_id, title, text, value, class, sort_order) values ('171', '57', 'Total:', '<b>$685.20</b>', '685.2000', 'ot_total', '4');
insert into orders_total (orders_total_id, orders_id, title, text, value, class, sort_order) values ('176', '59', 'Federal Express (4 x 38.3075lbs) (Ground Service):', '$63.48', '63.4800', 'ot_shipping', '2');
insert into orders_total (orders_total_id, orders_id, title, text, value, class, sort_order) values ('175', '59', 'Sub-Total:', '$919.92', '919.9200', 'ot_subtotal', '1');
insert into orders_total (orders_total_id, orders_id, title, text, value, class, sort_order) values ('177', '59', 'Total:', '<b>$983.40</b>', '983.4000', 'ot_total', '4');
insert into orders_total (orders_total_id, orders_id, title, text, value, class, sort_order) values ('178', '60', 'Sub-Total:', '$94.98', '94.9800', 'ot_subtotal', '1');
insert into orders_total (orders_total_id, orders_id, title, text, value, class, sort_order) values ('179', '60', 'Federal Express (1 x 11lbs) (Home Delivery):', '$7.60', '7.6000', 'ot_shipping', '2');
insert into orders_total (orders_total_id, orders_id, title, text, value, class, sort_order) values ('180', '60', 'Total:', '<b>$102.58</b>', '102.5800', 'ot_total', '4');
insert into orders_total (orders_total_id, orders_id, title, text, value, class, sort_order) values ('181', '61', 'Sub-Total:', '$104.98', '104.9800', 'ot_subtotal', '1');
insert into orders_total (orders_total_id, orders_id, title, text, value, class, sort_order) values ('182', '61', 'Federal Express (1 x 11lbs) (Home Delivery):', '$10.45', '10.4500', 'ot_shipping', '2');
insert into orders_total (orders_total_id, orders_id, title, text, value, class, sort_order) values ('183', '61', 'Total:', '<b>$115.43</b>', '115.4300', 'ot_total', '4');
insert into orders_total (orders_total_id, orders_id, title, text, value, class, sort_order) values ('184', '62', 'Sub-Total:', '$299.99', '299.9900', 'ot_subtotal', '1');
insert into orders_total (orders_total_id, orders_id, title, text, value, class, sort_order) values ('185', '62', 'Federal Express (1 x 19lbs) (Home Delivery):', '$12.65', '12.6500', 'ot_shipping', '2');
insert into orders_total (orders_total_id, orders_id, title, text, value, class, sort_order) values ('186', '62', 'Total:', '<b>$312.64</b>', '312.6400', 'ot_total', '4');
insert into orders_total (orders_total_id, orders_id, title, text, value, class, sort_order) values ('187', '63', 'Sub-Total:', '$94.98', '94.9800', 'ot_subtotal', '1');
insert into orders_total (orders_total_id, orders_id, title, text, value, class, sort_order) values ('188', '63', 'Federal Express (1 x 11lbs) (Home Delivery):', '$9.69', '9.6900', 'ot_shipping', '2');
insert into orders_total (orders_total_id, orders_id, title, text, value, class, sort_order) values ('189', '63', 'Total:', '<b>$104.67</b>', '104.6700', 'ot_total', '4');
insert into orders_total (orders_total_id, orders_id, title, text, value, class, sort_order) values ('190', '64', 'Sub-Total:', '$124.98', '124.9800', 'ot_subtotal', '1');
insert into orders_total (orders_total_id, orders_id, title, text, value, class, sort_order) values ('191', '64', 'Federal Express (1 x 14.4lbs) (Ground Service):', '$8.99', '8.9900', 'ot_shipping', '2');
insert into orders_total (orders_total_id, orders_id, title, text, value, class, sort_order) values ('192', '64', 'Total:', '<b>$133.97</b>', '133.9700', 'ot_total', '4');
insert into orders_total (orders_total_id, orders_id, title, text, value, class, sort_order) values ('193', '65', 'Sub-Total:', '$239.95', '239.9500', 'ot_subtotal', '1');
insert into orders_total (orders_total_id, orders_id, title, text, value, class, sort_order) values ('194', '65', 'Federal Express (1 x 20.6lbs) (Home Delivery):', '$11.27', '11.2700', 'ot_shipping', '2');
insert into orders_total (orders_total_id, orders_id, title, text, value, class, sort_order) values ('195', '65', 'Total:', '<b>$251.22</b>', '251.2200', 'ot_total', '4');
insert into orders_total (orders_total_id, orders_id, title, text, value, class, sort_order) values ('196', '66', 'Sub-Total:', '$189.98', '189.9800', 'ot_subtotal', '1');
insert into orders_total (orders_total_id, orders_id, title, text, value, class, sort_order) values ('197', '66', 'Federal Express (1 x 19lbs) (Home Delivery):', '$12.72', '12.7200', 'ot_shipping', '2');
insert into orders_total (orders_total_id, orders_id, title, text, value, class, sort_order) values ('198', '66', 'Total:', '<b>$202.70</b>', '202.7000', 'ot_total', '4');
insert into orders_total (orders_total_id, orders_id, title, text, value, class, sort_order) values ('199', '67', 'Sub-Total:', '$113.97', '113.9700', 'ot_subtotal', '1');
insert into orders_total (orders_total_id, orders_id, title, text, value, class, sort_order) values ('200', '67', 'Federal Express (1 x 12lbs) (Home Delivery):', '$8.53', '8.5300', 'ot_shipping', '2');
insert into orders_total (orders_total_id, orders_id, title, text, value, class, sort_order) values ('201', '67', 'Total:', '<b>$122.50</b>', '122.5000', 'ot_total', '4');
insert into orders_total (orders_total_id, orders_id, title, text, value, class, sort_order) values ('202', '68', 'Sub-Total:', '$4.99', '4.9900', 'ot_subtotal', '1');
insert into orders_total (orders_total_id, orders_id, title, text, value, class, sort_order) values ('203', '68', 'Federal Express (1 x 3.3lbs) (Home Delivery):', '$5.46', '5.4600', 'ot_shipping', '2');
insert into orders_total (orders_total_id, orders_id, title, text, value, class, sort_order) values ('204', '68', 'Total:', '<b>$10.45</b>', '10.4500', 'ot_total', '4');
insert into orders_total (orders_total_id, orders_id, title, text, value, class, sort_order) values ('205', '69', 'Sub-Total:', '$94.98', '94.9800', 'ot_subtotal', '1');
insert into orders_total (orders_total_id, orders_id, title, text, value, class, sort_order) values ('206', '69', 'Federal Express (1 x 11lbs) (Home Delivery):', '$7.21', '7.2100', 'ot_shipping', '2');
insert into orders_total (orders_total_id, orders_id, title, text, value, class, sort_order) values ('207', '69', 'Total:', '<b>$102.19</b>', '102.1900', 'ot_total', '4');
insert into orders_total (orders_total_id, orders_id, title, text, value, class, sort_order) values ('208', '70', 'Sub-Total:', '$104.98', '104.9800', 'ot_subtotal', '1');
insert into orders_total (orders_total_id, orders_id, title, text, value, class, sort_order) values ('209', '70', 'Federal Express (1 x 11lbs) (Ground Service):', '$8.85', '8.8500', 'ot_shipping', '2');
insert into orders_total (orders_total_id, orders_id, title, text, value, class, sort_order) values ('210', '70', 'Total:', '<b>$113.83</b>', '113.8300', 'ot_total', '4');
insert into orders_total (orders_total_id, orders_id, title, text, value, class, sort_order) values ('211', '71', 'Sub-Total:', '$269.99', '269.9900', 'ot_subtotal', '1');
insert into orders_total (orders_total_id, orders_id, title, text, value, class, sort_order) values ('212', '71', 'Federal Express (1 x 15lbs) (Home Delivery):', '$10.71', '10.7100', 'ot_shipping', '2');
insert into orders_total (orders_total_id, orders_id, title, text, value, class, sort_order) values ('213', '71', 'Total:', '<b>$280.70</b>', '280.7000', 'ot_total', '4');
insert into orders_total (orders_total_id, orders_id, title, text, value, class, sort_order) values ('214', '72', 'Sub-Total:', '$269.99', '269.9900', 'ot_subtotal', '1');
insert into orders_total (orders_total_id, orders_id, title, text, value, class, sort_order) values ('215', '72', 'Federal Express (1 x 15lbs) (Home Delivery):', '$10.71', '10.7100', 'ot_shipping', '2');
insert into orders_total (orders_total_id, orders_id, title, text, value, class, sort_order) values ('216', '72', 'Total:', '<b>$280.70</b>', '280.7000', 'ot_total', '4');
insert into orders_total (orders_total_id, orders_id, title, text, value, class, sort_order) values ('217', '73', 'Sub-Total:', '$83.97', '83.9700', 'ot_subtotal', '1');
insert into orders_total (orders_total_id, orders_id, title, text, value, class, sort_order) values ('218', '73', 'Federal Express (1 x 11.6lbs) (Home Delivery):', '$6.68', '6.6800', 'ot_shipping', '2');
insert into orders_total (orders_total_id, orders_id, title, text, value, class, sort_order) values ('219', '73', 'Total:', '<b>$90.65</b>', '90.6500', 'ot_total', '4');
drop table if exists products;
create table products (
  products_id int(11) not null auto_increment,
  products_quantity int(4) default '0' not null ,
  products_model varchar(12) ,
  products_image varchar(64) ,
  products_price decimal(15,4) default '0.0000' not null ,
  products_date_added datetime default '0000-00-00 00:00:00' not null ,
  products_last_modified datetime ,
  products_date_available datetime ,
  products_weight decimal(5,2) default '0.00' not null ,
  products_status tinyint(1) default '0' not null ,
  products_tax_class_id int(11) default '0' not null ,
  manufacturers_id int(11) ,
  products_ordered int(11) default '0' not null ,
  PRIMARY KEY (products_id),
  KEY idx_products_date_added (products_date_added)
);

insert into products (products_id, products_quantity, products_model, products_image, products_price, products_date_added, products_last_modified, products_date_available, products_weight, products_status, products_tax_class_id, manufacturers_id, products_ordered) values ('1', '0', '95470', 'PULLEY_BELT_KIT_SP_RED.jpg', '79.9900', '2005-02-03 08:42:44', '2005-03-04 11:38:11', NULL, '4.50', '1', '0', '0', '0');
insert into products (products_id, products_quantity, products_model, products_image, products_price, products_date_added, products_last_modified, products_date_available, products_weight, products_status, products_tax_class_id, manufacturers_id, products_ordered) values ('4', '0', '95480', 'PULLEY_BELT_KIT_LP_RED.jpg', '89.9900', '2005-02-03 09:09:04', '2005-03-04 11:37:51', NULL, '5.60', '1', '0', '0', '0');
insert into products (products_id, products_quantity, products_model, products_image, products_price, products_date_added, products_last_modified, products_date_available, products_weight, products_status, products_tax_class_id, manufacturers_id, products_ordered) values ('17', '0', 'AK1043', 'BILSTEIN AK1043.jpg', '59.9900', '2005-02-03 12:32:20', '2005-11-22 12:38:12', NULL, '2.60', '1', '0', '41', '0');
insert into products (products_id, products_quantity, products_model, products_image, products_price, products_date_added, products_last_modified, products_date_available, products_weight, products_status, products_tax_class_id, manufacturers_id, products_ordered) values ('18', '0', 'Ak1044', 'BILSTEIN AK1044.jpg', '59.9900', '2005-02-03 12:35:09', '2005-11-22 12:39:05', NULL, '5.40', '1', '0', '41', '0');
insert into products (products_id, products_quantity, products_model, products_image, products_price, products_date_added, products_last_modified, products_date_available, products_weight, products_status, products_tax_class_id, manufacturers_id, products_ordered) values ('7', '-3', '', 'DART SS 67CC.jpg', '639.0000', '2005-02-03 09:28:36', '2005-11-03 15:11:55', NULL, '120.00', '1', '0', '44', '3');
insert into products (products_id, products_quantity, products_model, products_image, products_price, products_date_added, products_last_modified, products_date_available, products_weight, products_status, products_tax_class_id, manufacturers_id, products_ordered) values ('8', '0', 'H860CP', 'S PRO H860CP.jpg', '184.0000', '2005-02-03 09:36:20', '2005-10-07 09:58:30', NULL, '14.00', '1', '0', '34', '0');
insert into products (products_id, products_quantity, products_model, products_image, products_price, products_date_added, products_last_modified, products_date_available, products_weight, products_status, products_tax_class_id, manufacturers_id, products_ordered) values ('9', '0', 'H635CP', 'S PRO H635CP.jpg', '184.0000', '2005-02-03 09:46:14', '2005-03-13 06:26:05', NULL, '13.80', '1', '0', '34', '0');
insert into products (products_id, products_quantity, products_model, products_image, products_price, products_date_added, products_last_modified, products_date_available, products_weight, products_status, products_tax_class_id, manufacturers_id, products_ordered) values ('10', '-1', '882202', '350_882 HEADS 202.jpg', '399.0000', '2005-02-03 09:54:02', '2005-11-03 15:06:24', NULL, '110.00', '1', '0', '0', '1');
insert into products (products_id, products_quantity, products_model, products_image, products_price, products_date_added, products_last_modified, products_date_available, products_weight, products_status, products_tax_class_id, manufacturers_id, products_ordered) values ('13', '0', '', 'STEERING WHEEL STEEL.jpg', '39.9900', '2005-02-03 10:16:12', NULL, NULL, '0.00', '1', '0', '0', '0');
insert into products (products_id, products_quantity, products_model, products_image, products_price, products_date_added, products_last_modified, products_date_available, products_weight, products_status, products_tax_class_id, manufacturers_id, products_ordered) values ('12', '0', '', 'STEERING WHEEL STEEL.jpg', '39.9900', '2005-02-03 10:05:32', NULL, NULL, '0.00', '1', '0', '0', '0');
insert into products (products_id, products_quantity, products_model, products_image, products_price, products_date_added, products_last_modified, products_date_available, products_weight, products_status, products_tax_class_id, manufacturers_id, products_ordered) values ('14', '0', '', 'STEERING WHEEL STEEL.jpg', '39.9900', '2005-02-03 10:17:58', '2005-03-20 10:34:35', NULL, '5.00', '1', '0', '0', '0');
insert into products (products_id, products_quantity, products_model, products_image, products_price, products_date_added, products_last_modified, products_date_available, products_weight, products_status, products_tax_class_id, manufacturers_id, products_ordered) values ('15', '0', '6270Z', 'V COVERS GOLD.jpg', '29.9900', '2005-02-03 10:25:33', '2005-03-13 08:59:35', NULL, '6.30', '1', '0', '0', '0');
insert into products (products_id, products_quantity, products_model, products_image, products_price, products_date_added, products_last_modified, products_date_available, products_weight, products_status, products_tax_class_id, manufacturers_id, products_ordered) values ('19', '0', '52031', 'INTAKE P.PROD.jpg', '139.9900', '2005-02-03 12:38:21', '2005-03-14 10:44:33', NULL, '20.20', '1', '0', '42', '0');
insert into products (products_id, products_quantity, products_model, products_image, products_price, products_date_added, products_last_modified, products_date_available, products_weight, products_status, products_tax_class_id, manufacturers_id, products_ordered) values ('20', '0', '', 'MASTER CYL HOWE.jpg', '54.9900', '2005-02-03 12:42:57', '2005-03-04 11:55:35', NULL, '2.20', '1', '0', '45', '0');
insert into products (products_id, products_quantity, products_model, products_image, products_price, products_date_added, products_last_modified, products_date_available, products_weight, products_status, products_tax_class_id, manufacturers_id, products_ordered) values ('21', '0', '15410', 'PULLEY_BELT_KIT_SP_1_1.jpg', '89.9900', '2005-02-03 12:50:50', '2005-03-04 11:37:21', NULL, '4.10', '1', '0', '0', '0');
insert into products (products_id, products_quantity, products_model, products_image, products_price, products_date_added, products_last_modified, products_date_available, products_weight, products_status, products_tax_class_id, manufacturers_id, products_ordered) values ('22', '0', 'H345NP', 'S PRO H345NP.jpg', '89.9900', '2005-02-03 12:59:02', '2005-03-13 06:27:11', NULL, '13.80', '1', '0', '35', '0');
insert into products (products_id, products_quantity, products_model, products_image, products_price, products_date_added, products_last_modified, products_date_available, products_weight, products_status, products_tax_class_id, manufacturers_id, products_ordered) values ('23', '0', 'H140CL', 'S PRO H140CL.jpg', '224.0000', '2005-02-03 13:02:59', '2005-03-13 06:32:29', NULL, '13.80', '1', '0', '34', '0');
insert into products (products_id, products_quantity, products_model, products_image, products_price, products_date_added, products_last_modified, products_date_available, products_weight, products_status, products_tax_class_id, manufacturers_id, products_ordered) values ('24', '0', 'MWMS2', 'CAMSHAFT.jpg', '69.9900', '2005-02-03 13:11:56', '2005-10-01 09:13:26', NULL, '9.40', '1', '0', '0', '0');
insert into products (products_id, products_quantity, products_model, products_image, products_price, products_date_added, products_last_modified, products_date_available, products_weight, products_status, products_tax_class_id, manufacturers_id, products_ordered) values ('25', '0', 'MWMS7', 'CAMSHAFT.jpg', '69.9900', '2005-02-03 13:14:46', '2005-03-08 11:48:35', NULL, '9.40', '1', '0', '0', '0');
insert into products (products_id, products_quantity, products_model, products_image, products_price, products_date_added, products_last_modified, products_date_available, products_weight, products_status, products_tax_class_id, manufacturers_id, products_ordered) values ('26', '0', 'H624CP', 'S PRO H624CP.jpg', '184.0000', '2005-02-03 13:19:16', '2005-10-07 09:56:14', NULL, '14.00', '1', '0', '0', '0');
insert into products (products_id, products_quantity, products_model, products_image, products_price, products_date_added, products_last_modified, products_date_available, products_weight, products_status, products_tax_class_id, manufacturers_id, products_ordered) values ('27', '-2', 'H631CP', 'S PRO H631CP.jpg', '159.9900', '2005-02-03 13:23:01', '2005-03-13 06:27:46', NULL, '13.80', '1', '0', '34', '2');
insert into products (products_id, products_quantity, products_model, products_image, products_price, products_date_added, products_last_modified, products_date_available, products_weight, products_status, products_tax_class_id, manufacturers_id, products_ordered) values ('28', '0', 'MWMS3', 'CAMSHAFT.jpg', '69.9900', '2005-02-03 13:33:39', '2005-10-01 09:14:39', NULL, '9.40', '1', '0', '0', '0');
insert into products (products_id, products_quantity, products_model, products_image, products_price, products_date_added, products_last_modified, products_date_available, products_weight, products_status, products_tax_class_id, manufacturers_id, products_ordered) values ('29', '0', 'MWMS8', 'CAMSHAFT.jpg', '69.9900', '2005-02-03 13:37:14', '2005-10-01 07:42:13', NULL, '9.40', '1', '0', '0', '0');
insert into products (products_id, products_quantity, products_model, products_image, products_price, products_date_added, products_last_modified, products_date_available, products_weight, products_status, products_tax_class_id, manufacturers_id, products_ordered) values ('30', '0', 'MWMS5', 'CAMSHAFT.jpg', '69.9900', '2005-02-03 13:41:47', '2005-10-01 09:17:04', NULL, '9.40', '1', '0', '0', '0');
insert into products (products_id, products_quantity, products_model, products_image, products_price, products_date_added, products_last_modified, products_date_available, products_weight, products_status, products_tax_class_id, manufacturers_id, products_ordered) values ('31', '0', 'MWMS4', 'CAMSHAFT.jpg', '69.9900', '2005-02-03 13:45:14', '2005-10-01 09:15:58', NULL, '9.40', '1', '0', '0', '0');
insert into products (products_id, products_quantity, products_model, products_image, products_price, products_date_added, products_last_modified, products_date_available, products_weight, products_status, products_tax_class_id, manufacturers_id, products_ordered) values ('32', '0', 'MWMS6', 'CAMSHAFT.jpg', '69.9900', '2005-02-03 13:49:54', '2005-03-08 11:48:13', NULL, '9.40', '1', '0', '0', '0');
insert into products (products_id, products_quantity, products_model, products_image, products_price, products_date_added, products_last_modified, products_date_available, products_weight, products_status, products_tax_class_id, manufacturers_id, products_ordered) values ('33', '0', 'MWMSSP', 'CAMSHAFT.jpg', '69.9900', '2005-02-03 13:54:38', '2005-03-08 11:49:38', NULL, '9.40', '1', '0', '0', '0');
insert into products (products_id, products_quantity, products_model, products_image, products_price, products_date_added, products_last_modified, products_date_available, products_weight, products_status, products_tax_class_id, manufacturers_id, products_ordered) values ('34', '0', '711B', 'BATTERY BOX.jpg', '24.9900', '2005-02-07 11:40:40', '2005-03-07 13:27:29', NULL, '5.40', '1', '0', '0', '0');
insert into products (products_id, products_quantity, products_model, products_image, products_price, products_date_added, products_last_modified, products_date_available, products_weight, products_status, products_tax_class_id, manufacturers_id, products_ordered) values ('35', '0', '9-1100SP', 'CLOYES 9-1100SP.jpg', '39.9900', '2005-02-07 11:50:40', '2005-03-13 08:51:20', NULL, '3.30', '1', '0', '5', '0');
insert into products (products_id, products_quantity, products_model, products_image, products_price, products_date_added, products_last_modified, products_date_available, products_weight, products_status, products_tax_class_id, manufacturers_id, products_ordered) values ('36', '-2', 'KS2600', 'FEL PRO 350 GASKET SET.jpg', '36.9900', '2005-02-07 11:52:51', '2005-09-27 13:38:36', NULL, '2.20', '1', '0', '3', '2');
insert into products (products_id, products_quantity, products_model, products_image, products_price, products_date_added, products_last_modified, products_date_available, products_weight, products_status, products_tax_class_id, manufacturers_id, products_ordered) values ('37', '0', '', 'LIFTERS HYDRAULIC.jpg', '49.9900', '2005-02-07 11:55:22', '2005-03-12 17:25:11', NULL, '4.50', '1', '0', '0', '0');
insert into products (products_id, products_quantity, products_model, products_image, products_price, products_date_added, products_last_modified, products_date_available, products_weight, products_status, products_tax_class_id, manufacturers_id, products_ordered) values ('38', '0', '59010X', 'POWER STEERING KIT.jpg', '209.9900', '2005-02-07 12:05:34', '2005-03-20 09:25:46', NULL, '9.00', '1', '0', '29', '0');
insert into products (products_id, products_quantity, products_model, products_image, products_price, products_date_added, products_last_modified, products_date_available, products_weight, products_status, products_tax_class_id, manufacturers_id, products_ordered) values ('40', '0', '', 'STEERING WHEEL ALUM.jpg', '49.9900', '2005-02-07 12:12:09', '2005-03-20 10:28:53', NULL, '2.20', '1', '0', '20', '0');
insert into products (products_id, products_quantity, products_model, products_image, products_price, products_date_added, products_last_modified, products_date_available, products_weight, products_status, products_tax_class_id, manufacturers_id, products_ordered) values ('41', '-2', 'SA-2000', 'RCI_SA2000_HELMET_NEW.jpg', '199.0000', '2005-02-07 12:20:14', '2005-11-30 14:02:45', NULL, '5.60', '1', '0', '11', '2');
insert into products (products_id, products_quantity, products_model, products_image, products_price, products_date_added, products_last_modified, products_date_available, products_weight, products_status, products_tax_class_id, manufacturers_id, products_ordered) values ('42', '0', '', 'window net mesh.jpg', '17.9900', '2005-02-07 12:24:10', '2005-03-20 09:11:09', NULL, '0.75', '1', '0', '0', '0');
insert into products (products_id, products_quantity, products_model, products_image, products_price, products_date_added, products_last_modified, products_date_available, products_weight, products_status, products_tax_class_id, manufacturers_id, products_ordered) values ('43', '0', '', 'window net ribbon.jpg', '17.9900', '2005-02-07 12:25:44', '2005-03-20 09:14:38', NULL, '0.75', '1', '0', '0', '0');
insert into products (products_id, products_quantity, products_model, products_image, products_price, products_date_added, products_last_modified, products_date_available, products_weight, products_status, products_tax_class_id, manufacturers_id, products_ordered) values ('44', '0', '', 'Ultrashield_New_Shoes.jpg', '69.9900', '2005-02-07 12:28:48', '2005-03-20 08:23:13', NULL, '2.40', '1', '0', '12', '0');
insert into products (products_id, products_quantity, products_model, products_image, products_price, products_date_added, products_last_modified, products_date_available, products_weight, products_status, products_tax_class_id, manufacturers_id, products_ordered) values ('45', '-3', '', 'Ultrashield_New_Gloves.jpg', '36.9900', '2005-02-07 12:37:29', '2005-12-05 12:50:41', NULL, '2.00', '1', '0', '12', '3');
insert into products (products_id, products_quantity, products_model, products_image, products_price, products_date_added, products_last_modified, products_date_available, products_weight, products_status, products_tax_class_id, manufacturers_id, products_ordered) values ('46', '0', '6130P', 'VALVE COVERS CT.jpg', '26.9900', '2005-02-07 12:44:23', '2005-03-13 08:58:50', NULL, '6.30', '1', '0', '0', '0');
insert into products (products_id, products_quantity, products_model, products_image, products_price, products_date_added, products_last_modified, products_date_available, products_weight, products_status, products_tax_class_id, manufacturers_id, products_ordered) values ('47', '0', '', 'MSD PLUG WIRES.jpg', '59.9900', '2005-02-07 12:54:27', '2005-03-19 22:02:34', NULL, '2.60', '1', '0', '16', '0');
insert into products (products_id, products_quantity, products_model, products_image, products_price, products_date_added, products_last_modified, products_date_available, products_weight, products_status, products_tax_class_id, manufacturers_id, products_ordered) values ('49', '0', 'SH290s', 'CLEVITE_SH290S.jpg', '18.9900', '2005-02-07 13:06:10', '2005-03-04 12:16:31', NULL, '1.00', '1', '0', '33', '0');
insert into products (products_id, products_quantity, products_model, products_image, products_price, products_date_added, products_last_modified, products_date_available, products_weight, products_status, products_tax_class_id, manufacturers_id, products_ordered) values ('50', '0', 'MS1038P', 'CLEVITE_MS1038P.jpg', '46.9900', '2005-02-07 13:08:32', '2005-03-04 12:15:14', NULL, '1.50', '1', '0', '33', '0');
insert into products (products_id, products_quantity, products_model, products_image, products_price, products_date_added, products_last_modified, products_date_available, products_weight, products_status, products_tax_class_id, manufacturers_id, products_ordered) values ('51', '0', 'MS909H', 'CLEVITE_MS909H.jpg', '59.9900', '2005-02-07 13:12:21', '2005-03-04 12:14:54', NULL, '1.45', '1', '0', '33', '0');
insert into products (products_id, products_quantity, products_model, products_image, products_price, products_date_added, products_last_modified, products_date_available, products_weight, products_status, products_tax_class_id, manufacturers_id, products_ordered) values ('52', '0', 'E243X', 'SEALED_POWER_RINGS.jpg', '37.9900', '2005-02-07 13:15:46', '2005-03-13 07:38:49', NULL, '1.45', '1', '0', '35', '0');
insert into products (products_id, products_quantity, products_model, products_image, products_price, products_date_added, products_last_modified, products_date_available, products_weight, products_status, products_tax_class_id, manufacturers_id, products_ordered) values ('53', '0', '7547-1', 'IMCA SC INTAKE.jpg', '149.9900', '2005-02-07 13:19:49', '2005-03-12 17:12:31', NULL, '15.80', '1', '0', '43', '0');
insert into products (products_id, products_quantity, products_model, products_image, products_price, products_date_added, products_last_modified, products_date_available, products_weight, products_status, products_tax_class_id, manufacturers_id, products_ordered) values ('54', '0', '1289/1290', 'CLUTCH PEDAL WIL.jpg', '62.9900', '2005-02-07 13:26:17', '2005-12-08 14:47:40', NULL, '1.30', '1', '0', '15', '0');
insert into products (products_id, products_quantity, products_model, products_image, products_price, products_date_added, products_last_modified, products_date_available, products_weight, products_status, products_tax_class_id, manufacturers_id, products_ordered) values ('55', '0', '1285/1287', 'BRAKE PEDAL WILWOOD.jpg', '112.9900', '2005-02-07 13:28:14', '2005-12-08 14:48:33', NULL, '2.20', '1', '0', '15', '0');
insert into products (products_id, products_quantity, products_model, products_image, products_price, products_date_added, products_last_modified, products_date_available, products_weight, products_status, products_tax_class_id, manufacturers_id, products_ordered) values ('56', '0', '', 'BRAKE_PEDAL_KIT_128.jpg', '189.9900', '2005-02-07 13:34:06', '2005-12-08 14:27:06', NULL, '7.00', '1', '0', '15', '0');
insert into products (products_id, products_quantity, products_model, products_image, products_price, products_date_added, products_last_modified, products_date_available, products_weight, products_status, products_tax_class_id, manufacturers_id, products_ordered) values ('57', '0', '22103/22203', 'W PUMP_STEWART_22103.jpg', '159.9900', '2005-02-07 13:37:37', '2005-11-23 11:12:38', NULL, '6.70', '1', '0', '0', '0');
insert into products (products_id, products_quantity, products_model, products_image, products_price, products_date_added, products_last_modified, products_date_available, products_weight, products_status, products_tax_class_id, manufacturers_id, products_ordered) values ('58', '0', '', 'simpson high top shoes.jpg', '99.9900', '2005-02-07 13:40:42', '2005-03-20 08:38:04', NULL, '2.90', '1', '0', '8', '0');
insert into products (products_id, products_quantity, products_model, products_image, products_price, products_date_added, products_last_modified, products_date_available, products_weight, products_status, products_tax_class_id, manufacturers_id, products_ordered) values ('59', '0', '', 'QUICK STEER HOWE.jpg', '148.9900', '2005-02-07 13:43:46', '2005-03-20 09:49:24', NULL, '2.10', '1', '0', '45', '0');
insert into products (products_id, products_quantity, products_model, products_image, products_price, products_date_added, products_last_modified, products_date_available, products_weight, products_status, products_tax_class_id, manufacturers_id, products_ordered) values ('60', '0', '', 'LIFTERS SOLID.jpg', '69.9900', '2005-02-07 13:47:11', '2005-03-12 17:25:55', NULL, '4.50', '1', '0', '0', '0');
insert into products (products_id, products_quantity, products_model, products_image, products_price, products_date_added, products_last_modified, products_date_available, products_weight, products_status, products_tax_class_id, manufacturers_id, products_ordered) values ('61', '-1', '', 'rjs seat belt assem.jpg', '69.9900', '2005-02-07 13:51:25', '2005-12-02 13:50:08', NULL, '6.10', '1', '0', '9', '1');
insert into products (products_id, products_quantity, products_model, products_image, products_price, products_date_added, products_last_modified, products_date_available, products_weight, products_status, products_tax_class_id, manufacturers_id, products_ordered) values ('62', '0', 'M4891', 'FUEL PUMP CARTER.jpg', '69.9900', '2005-02-07 14:09:02', '2005-03-14 20:13:25', NULL, '2.20', '1', '0', '0', '0');
insert into products (products_id, products_quantity, products_model, products_image, products_price, products_date_added, products_last_modified, products_date_available, products_weight, products_status, products_tax_class_id, manufacturers_id, products_ordered) values ('63', '0', '170007', 'FUEL PUMP BG.jpg', '109.9900', '2005-02-07 14:11:29', '2005-03-14 20:06:47', NULL, '4.70', '1', '0', '36', '0');
insert into products (products_id, products_quantity, products_model, products_image, products_price, products_date_added, products_last_modified, products_date_available, products_weight, products_status, products_tax_class_id, manufacturers_id, products_ordered) values ('64', '0', '12440', 'SHIFTER 2 LEVER.jpg', '59.9900', '2005-02-07 14:24:39', '2005-03-04 12:05:33', NULL, '2.20', '1', '0', '0', '0');
insert into products (products_id, products_quantity, products_model, products_image, products_price, products_date_added, products_last_modified, products_date_available, products_weight, products_status, products_tax_class_id, manufacturers_id, products_ordered) values ('65', '0', '036-28', 'MINI SPOOL 28.jpg', '22.9900', '2005-02-08 08:41:31', '2005-03-04 12:08:07', NULL, '3.30', '1', '0', '0', '0');
insert into products (products_id, products_quantity, products_model, products_image, products_price, products_date_added, products_last_modified, products_date_available, products_weight, products_status, products_tax_class_id, manufacturers_id, products_ordered) values ('66', '0', '036-31', 'MINI SPOOL 31.jpg', '22.9900', '2005-02-08 08:43:19', '2005-03-04 12:08:24', NULL, '03.10', '1', '0', '0', '0');
insert into products (products_id, products_quantity, products_model, products_image, products_price, products_date_added, products_last_modified, products_date_available, products_weight, products_status, products_tax_class_id, manufacturers_id, products_ordered) values ('73', '-2', '416194', '68CC_305_HEADS.jpg', '399.0000', '2005-02-08 09:41:53', '2005-12-09 10:45:22', NULL, '110.00', '1', '0', '0', '4');
insert into products (products_id, products_quantity, products_model, products_image, products_price, products_date_added, products_last_modified, products_date_available, products_weight, products_status, products_tax_class_id, manufacturers_id, products_ordered) values ('68', '0', '679', 'AIR RIVETER.jpg', '69.9900', '2005-02-08 09:00:43', '2005-03-20 14:04:03', NULL, '4.70', '1', '0', '0', '0');
insert into products (products_id, products_quantity, products_model, products_image, products_price, products_date_added, products_last_modified, products_date_available, products_weight, products_status, products_tax_class_id, manufacturers_id, products_ordered) values ('69', '0', '', 'ARM RESTRAINTS.jpg', '24.9900', '2005-02-08 09:05:56', '2005-03-20 06:52:36', NULL, '0.70', '1', '0', '12', '0');
insert into products (products_id, products_quantity, products_model, products_image, products_price, products_date_added, products_last_modified, products_date_available, products_weight, products_status, products_tax_class_id, manufacturers_id, products_ordered) values ('70', '0', '9545', 'BEAD BREAKER.jpg', '44.9900', '2005-02-08 09:14:43', '2005-03-07 14:18:57', NULL, '6.30', '1', '0', '0', '0');
insert into products (products_id, products_quantity, products_model, products_image, products_price, products_date_added, products_last_modified, products_date_available, products_weight, products_status, products_tax_class_id, manufacturers_id, products_ordered) values ('71', '0', '82315', 'LUG NUT WRENCH.jpg', '34.9900', '2005-02-08 09:19:19', '2005-03-07 14:19:23', NULL, '4.50', '1', '0', '0', '0');
insert into products (products_id, products_quantity, products_model, products_image, products_price, products_date_added, products_last_modified, products_date_available, products_weight, products_status, products_tax_class_id, manufacturers_id, products_ordered) values ('72', '0', 'PB1012ST', 'BALANCER 6 INCH LW.jpg', '84.9900', '2005-02-08 09:29:02', '2005-03-12 16:36:38', NULL, '5.40', '1', '0', '0', '0');
insert into products (products_id, products_quantity, products_model, products_image, products_price, products_date_added, products_last_modified, products_date_available, products_weight, products_status, products_tax_class_id, manufacturers_id, products_ordered) values ('74', '0', '44801', 'IGN. PNL.jpg', '24.9900', '2005-02-08 09:59:16', '2005-03-19 21:22:53', NULL, '0.00', '1', '0', '20', '0');
insert into products (products_id, products_quantity, products_model, products_image, products_price, products_date_added, products_last_modified, products_date_available, products_weight, products_status, products_tax_class_id, manufacturers_id, products_ordered) values ('76', '0', '', 'CLUTCH ASSEMBLY.jpg', '185.9900', '2005-02-08 10:16:29', '2005-12-08 14:29:34', NULL, '4.20', '1', '0', '15', '0');
insert into products (products_id, products_quantity, products_model, products_image, products_price, products_date_added, products_last_modified, products_date_available, products_weight, products_status, products_tax_class_id, manufacturers_id, products_ordered) values ('77', '0', '82870', 'HYD. T.O.jpg', '149.9900', '2005-02-08 10:20:26', '2005-12-09 11:46:30', NULL, '1.30', '1', '0', '45', '0');
insert into products (products_id, products_quantity, products_model, products_image, products_price, products_date_added, products_last_modified, products_date_available, products_weight, products_status, products_tax_class_id, manufacturers_id, products_ordered) values ('78', '0', '233902', 'Autometer_233902.jpg', '119.9900', '2005-02-08 10:26:02', '2005-03-07 13:23:55', NULL, '2.20', '1', '0', '0', '0');
insert into products (products_id, products_quantity, products_model, products_image, products_price, products_date_added, products_last_modified, products_date_available, products_weight, products_status, products_tax_class_id, manufacturers_id, products_ordered) values ('79', '0', '10202', 'STAGGER GAGE.jpg', '44.9900', '2005-02-08 10:29:49', '2005-03-20 14:07:20', NULL, '5.00', '1', '0', '0', '0');
insert into products (products_id, products_quantity, products_model, products_image, products_price, products_date_added, products_last_modified, products_date_available, products_weight, products_status, products_tax_class_id, manufacturers_id, products_ordered) values ('80', '0', '3000', 'VAL;VE SPRINGS Z28.jpg', '24.9900', '2005-02-08 10:33:11', '2005-03-13 09:29:52', NULL, '4.30', '1', '0', '30', '0');
insert into products (products_id, products_quantity, products_model, products_image, products_price, products_date_added, products_last_modified, products_date_available, products_weight, products_status, products_tax_class_id, manufacturers_id, products_ordered) values ('81', '-1', '', 'ultrashield 360 neck collar.jpg', '26.9900', '2005-02-08 10:38:27', '2005-11-21 14:25:05', NULL, '2.00', '1', '0', '12', '1');
insert into products (products_id, products_quantity, products_model, products_image, products_price, products_date_added, products_last_modified, products_date_available, products_weight, products_status, products_tax_class_id, manufacturers_id, products_ordered) values ('82', '0', '8288', 'HYD. T.O. BRG.jpg', '119.9900', '2005-02-08 10:44:16', '2005-12-09 11:32:11', NULL, '2.40', '1', '0', '45', '0');
insert into products (products_id, products_quantity, products_model, products_image, products_price, products_date_added, products_last_modified, products_date_available, products_weight, products_status, products_tax_class_id, manufacturers_id, products_ordered) values ('83', '0', '78260', 'Longacre_Cas-Cam_New.jpg', '129.9900', '2005-02-08 10:49:39', '2005-03-20 11:09:04', NULL, '3.10', '1', '0', '20', '0');
insert into products (products_id, products_quantity, products_model, products_image, products_price, products_date_added, products_last_modified, products_date_available, products_weight, products_status, products_tax_class_id, manufacturers_id, products_ordered) values ('84', '0', '44831', 'ign.jpg', '30.9900', '2005-02-08 10:53:44', '2005-03-19 21:24:25', NULL, '0.95', '1', '0', '20', '0');
insert into products (products_id, products_quantity, products_model, products_image, products_price, products_date_added, products_last_modified, products_date_available, products_weight, products_status, products_tax_class_id, manufacturers_id, products_ordered) values ('85', '0', '', 'AC STD HOUSING.jpg', '27.5000', '2005-02-08 11:03:49', '2005-03-14 12:46:15', NULL, '2.20', '1', '0', '0', '0');
insert into products (products_id, products_quantity, products_model, products_image, products_price, products_date_added, products_last_modified, products_date_available, products_weight, products_status, products_tax_class_id, manufacturers_id, products_ordered) values ('86', '0', '28980', 'automatic shifter.jpg', '69.9900', '2005-02-08 11:06:19', '2005-12-09 11:07:02', NULL, '1.30', '1', '0', '0', '0');
insert into products (products_id, products_quantity, products_model, products_image, products_price, products_date_added, products_last_modified, products_date_available, products_weight, products_status, products_tax_class_id, manufacturers_id, products_ordered) values ('87', '0', '139', 'HASTINGS_CAST_RINGS.jpg', '25.9900', '2005-02-08 11:12:24', '2005-03-13 07:37:00', NULL, '1.45', '1', '0', '32', '0');
insert into products (products_id, products_quantity, products_model, products_image, products_price, products_date_added, products_last_modified, products_date_available, products_weight, products_status, products_tax_class_id, manufacturers_id, products_ordered) values ('88', '0', 'KS2614', 'FEL PRO GASKET SBC GASKET SET.jpg', '49.9900', '2005-02-08 11:15:56', '2005-03-12 15:40:30', NULL, '2.20', '1', '0', '3', '0');
insert into products (products_id, products_quantity, products_model, products_image, products_price, products_date_added, products_last_modified, products_date_available, products_weight, products_status, products_tax_class_id, manufacturers_id, products_ordered) values ('89', '0', 'R9968', NULL, '119.9900', '2005-02-08 11:18:23', '2005-03-13 07:45:14', NULL, '1.45', '1', '0', '34', '0');
insert into products (products_id, products_quantity, products_model, products_image, products_price, products_date_added, products_last_modified, products_date_available, products_weight, products_status, products_tax_class_id, manufacturers_id, products_ordered) values ('90', '0', 'R10375', NULL, '119.9900', '2005-02-08 11:20:46', '2005-03-13 07:49:02', NULL, '1.45', '1', '0', '0', '0');
insert into products (products_id, products_quantity, products_model, products_image, products_price, products_date_added, products_last_modified, products_date_available, products_weight, products_status, products_tax_class_id, manufacturers_id, products_ordered) values ('91', '0', 'C5532', 'HASTINGS_CAST_RINGS.jpg', '69.9900', '2005-02-08 11:23:31', '2005-03-13 07:37:59', NULL, '1.45', '1', '0', '32', '0');
insert into products (products_id, products_quantity, products_model, products_image, products_price, products_date_added, products_last_modified, products_date_available, products_weight, products_status, products_tax_class_id, manufacturers_id, products_ordered) values ('92', '-1', 'MS909P', 'CLEVITE_MS909P.jpg', '25.9900', '2005-02-08 11:26:00', '2005-03-04 12:14:25', NULL, '1.45', '1', '0', '33', '1');
insert into products (products_id, products_quantity, products_model, products_image, products_price, products_date_added, products_last_modified, products_date_available, products_weight, products_status, products_tax_class_id, manufacturers_id, products_ordered) values ('93', '-1', 'CB663P', 'CLEVITE_CB663P.jpg', '20.9900', '2005-02-08 11:28:20', '2005-03-04 12:15:34', NULL, '1.20', '1', '0', '33', '1');
insert into products (products_id, products_quantity, products_model, products_image, products_price, products_date_added, products_last_modified, products_date_available, products_weight, products_status, products_tax_class_id, manufacturers_id, products_ordered) values ('94', '0', 'CB663H', 'CLEVITE_CB663H.jpg', '59.9900', '2005-02-08 11:30:26', '2005-03-04 12:16:04', NULL, '1.20', '1', '0', '33', '0');
insert into products (products_id, products_quantity, products_model, products_image, products_price, products_date_added, products_last_modified, products_date_available, products_weight, products_status, products_tax_class_id, manufacturers_id, products_ordered) values ('95', '-2', 'E251K', 'SEALED_POWER_RINGS.jpg', '36.9900', '2005-02-08 11:38:48', '2005-03-13 07:39:33', NULL, '1.45', '1', '0', '35', '2');
insert into products (products_id, products_quantity, products_model, products_image, products_price, products_date_added, products_last_modified, products_date_available, products_weight, products_status, products_tax_class_id, manufacturers_id, products_ordered) values ('96', '0', 'R9902', NULL, '99.9900', '2005-02-08 11:41:30', '2005-03-13 07:53:24', NULL, '1.45', '1', '0', '34', '0');
insert into products (products_id, products_quantity, products_model, products_image, products_price, products_date_added, products_last_modified, products_date_available, products_weight, products_status, products_tax_class_id, manufacturers_id, products_ordered) values ('97', '0', '', 'LUG NUT_SINGLE.jpg', '0.9500', '2005-02-08 11:47:24', '2005-11-23 14:38:24', NULL, '0.25', '1', '0', '0', '0');
insert into products (products_id, products_quantity, products_model, products_image, products_price, products_date_added, products_last_modified, products_date_available, products_weight, products_status, products_tax_class_id, manufacturers_id, products_ordered) values ('98', '0', '5620', 'SPACER_BEARINGS.jpg', '59.9900', '2005-02-08 11:49:47', '2005-03-04 12:17:18', NULL, '1.45', '1', '0', '33', '0');
insert into products (products_id, products_quantity, products_model, products_image, products_price, products_date_added, products_last_modified, products_date_available, products_weight, products_status, products_tax_class_id, manufacturers_id, products_ordered) values ('99', '0', 'M55', 'MELLING_M55.jpg', '19.9900', '2005-02-08 11:51:16', '2005-03-16 12:14:51', NULL, '5.00', '1', '0', '7', '0');
insert into products (products_id, products_quantity, products_model, products_image, products_price, products_date_added, products_last_modified, products_date_available, products_weight, products_status, products_tax_class_id, manufacturers_id, products_ordered) values ('100', '-3', 'M-55HV', 'MELLING_M55HV.jpg', '24.9900', '2005-02-08 12:25:28', '2005-03-12 17:42:00', NULL, '5.00', '1', '0', '7', '3');
insert into products (products_id, products_quantity, products_model, products_image, products_price, products_date_added, products_last_modified, products_date_available, products_weight, products_status, products_tax_class_id, manufacturers_id, products_ordered) values ('101', '0', '3-ICR5700', 'SCAT_3_ICR5700_RODS', '209.9900', '2005-02-09 09:55:53', '2005-03-04 12:25:58', NULL, '12.00', '1', '0', '21', '0');
insert into products (products_id, products_quantity, products_model, products_image, products_price, products_date_added, products_last_modified, products_date_available, products_weight, products_status, products_tax_class_id, manufacturers_id, products_ordered) values ('102', '-1', '3-ICR6000', 'SCAT_3_ICR5700_RODS', '209.9900', '2005-02-09 10:03:23', '2005-08-12 07:13:19', NULL, '12.00', '1', '0', '21', '1');
insert into products (products_id, products_quantity, products_model, products_image, products_price, products_date_added, products_last_modified, products_date_available, products_weight, products_status, products_tax_class_id, manufacturers_id, products_ordered) values ('103', '0', '3-ICR5700P', 'SCAT_3_ICR5700_RODS', '199.9900', '2005-02-09 10:10:05', '2005-03-04 12:26:16', NULL, '12.00', '1', '0', '0', '0');
insert into products (products_id, products_quantity, products_model, products_image, products_price, products_date_added, products_last_modified, products_date_available, products_weight, products_status, products_tax_class_id, manufacturers_id, products_ordered) values ('104', '0', '3-ICR6000P', 'SCAT_3_ICR5700_RODS', '199.9900', '2005-02-09 10:12:02', '2005-03-04 12:26:52', NULL, '12.00', '1', '0', '21', '0');
insert into products (products_id, products_quantity, products_model, products_image, products_price, products_date_added, products_last_modified, products_date_available, products_weight, products_status, products_tax_class_id, manufacturers_id, products_ordered) values ('105', '0', '2ICR-6000716', 'SCAT 2_ICR6000.jpg', '289.9900', '2005-02-09 10:35:12', '2005-10-20 12:36:15', NULL, '13.00', '1', '0', '21', '0');
insert into products (products_id, products_quantity, products_model, products_image, products_price, products_date_added, products_last_modified, products_date_available, products_weight, products_status, products_tax_class_id, manufacturers_id, products_ordered) values ('106', '0', '2ICR5700716', 'SCAT 2_ICR6000.jpg', '289.9900', '2005-02-09 10:45:50', '2005-10-20 12:32:09', NULL, '13.00', '1', '0', '21', '0');
insert into products (products_id, products_quantity, products_model, products_image, products_price, products_date_added, products_last_modified, products_date_available, products_weight, products_status, products_tax_class_id, manufacturers_id, products_ordered) values ('107', '0', 'SIR 5700BBLW', 'EAGLE_RODS.jpg', '209.9900', '2005-02-09 11:00:01', '2005-03-04 12:24:47', NULL, '12.00', '1', '0', '22', '0');
insert into products (products_id, products_quantity, products_model, products_image, products_price, products_date_added, products_last_modified, products_date_available, products_weight, products_status, products_tax_class_id, manufacturers_id, products_ordered) values ('108', '0', 'SIR 6000BBLW', 'EAGLE_RODS.jpg', '209.9900', '2005-02-09 11:04:56', '2005-03-09 09:10:35', NULL, '12.00', '1', '0', '22', '0');
insert into products (products_id, products_quantity, products_model, products_image, products_price, products_date_added, products_last_modified, products_date_available, products_weight, products_status, products_tax_class_id, manufacturers_id, products_ordered) values ('109', '0', '70000', 'PBM_CRANK.jpg', '219.9900', '2005-02-09 11:55:31', '2005-03-04 12:28:47', NULL, '50.40', '1', '0', '30', '0');
insert into products (products_id, products_quantity, products_model, products_image, products_price, products_date_added, products_last_modified, products_date_available, products_weight, products_status, products_tax_class_id, manufacturers_id, products_ordered) values ('110', '0', '70004', 'PBM_CRANK.jpg', '219.9900', '2005-02-09 12:03:52', '2005-03-04 12:29:13', NULL, '50.40', '1', '0', '30', '0');
insert into products (products_id, products_quantity, products_model, products_image, products_price, products_date_added, products_last_modified, products_date_available, products_weight, products_status, products_tax_class_id, manufacturers_id, products_ordered) values ('111', '-1', '75000', 'PBM_CRANK.jpg', '169.0000', '2005-02-09 12:07:20', '2005-03-04 12:28:13', NULL, '50.40', '1', '0', '0', '1');
insert into products (products_id, products_quantity, products_model, products_image, products_price, products_date_added, products_last_modified, products_date_available, products_weight, products_status, products_tax_class_id, manufacturers_id, products_ordered) values ('112', '0', '1412-16', 'COMP_CAMS_1412_16_ROLLER_TIP_ROCKERS.jpg', '159.9900', '2005-02-09 12:14:22', '2005-03-13 08:38:20', NULL, '5.90', '1', '0', '31', '0');
insert into products (products_id, products_quantity, products_model, products_image, products_price, products_date_added, products_last_modified, products_date_available, products_weight, products_status, products_tax_class_id, manufacturers_id, products_ordered) values ('113', '0', 'C-3023XSP', 'CLOYES_C_3023XSP_TIMING_SET.jpg', '19.9900', '2005-02-09 12:18:20', '2005-03-13 08:55:42', NULL, '3.30', '1', '0', '5', '0');
insert into products (products_id, products_quantity, products_model, products_image, products_price, products_date_added, products_last_modified, products_date_available, products_weight, products_status, products_tax_class_id, manufacturers_id, products_ordered) values ('114', '0', '9-3100A', 'CLOYES_9_3100A_TIMING_SET.jpg', '129.9900', '2005-02-09 12:30:32', '2005-03-13 08:52:25', NULL, '3.50', '1', '0', '5', '0');
insert into products (products_id, products_quantity, products_model, products_image, products_price, products_date_added, products_last_modified, products_date_available, products_weight, products_status, products_tax_class_id, manufacturers_id, products_ordered) values ('115', '0', 'HP-2002', 'KN_OILFILTER_SHORT.jpg', '10.9900', '2005-02-09 12:36:29', '2005-03-12 17:28:35', NULL, '1.30', '1', '0', '10', '0');
insert into products (products_id, products_quantity, products_model, products_image, products_price, products_date_added, products_last_modified, products_date_available, products_weight, products_status, products_tax_class_id, manufacturers_id, products_ordered) values ('116', '0', 'HP-3002', 'KN_OIL_FILTER_LONG.jpg', '10.9900', '2005-02-09 12:40:02', '2005-03-07 12:04:42', NULL, '1.45', '1', '0', '10', '0');
insert into products (products_id, products_quantity, products_model, products_image, products_price, products_date_added, products_last_modified, products_date_available, products_weight, products_status, products_tax_class_id, manufacturers_id, products_ordered) values ('117', '0', '1615/1617/16', 'FAN_STEEL_RACING.jpg', '22.9900', '2005-02-09 12:46:43', '2005-03-04 11:36:02', NULL, '4.75', '1', '0', '0', '0');
insert into products (products_id, products_quantity, products_model, products_image, products_price, products_date_added, products_last_modified, products_date_available, products_weight, products_status, products_tax_class_id, manufacturers_id, products_ordered) values ('118', '0', '1715/1717/17', 'FAN_STEEL_RACING.jpg', '30.9900', '2005-02-09 12:55:50', '2005-03-04 11:35:49', NULL, '4.00', '1', '0', '0', '0');
insert into products (products_id, products_quantity, products_model, products_image, products_price, products_date_added, products_last_modified, products_date_available, products_weight, products_status, products_tax_class_id, manufacturers_id, products_ordered) values ('119', '0', '80204', 'WATER_WETTER.jpg', '8.9900', '2005-02-09 12:57:55', '2005-11-23 09:29:55', NULL, '1.20', '1', '0', '0', '0');
insert into products (products_id, products_quantity, products_model, products_image, products_price, products_date_added, products_last_modified, products_date_available, products_weight, products_status, products_tax_class_id, manufacturers_id, products_ordered) values ('120', '0', 'FS200', 'FS212_FAN_SPACER.jpg', '23.9900', '2005-02-09 13:01:59', '2005-03-04 11:34:22', NULL, '1.20', '1', '0', '0', '0');
insert into products (products_id, products_quantity, products_model, products_image, products_price, products_date_added, products_last_modified, products_date_available, products_weight, products_status, products_tax_class_id, manufacturers_id, products_ordered) values ('121', '0', 'FS212', 'FS212_FAN_SPACER.jpg', '24.9900', '2005-02-09 13:06:44', '2005-03-04 11:34:03', NULL, '1.20', '1', '0', '0', '0');
insert into products (products_id, products_quantity, products_model, products_image, products_price, products_date_added, products_last_modified, products_date_available, products_weight, products_status, products_tax_class_id, manufacturers_id, products_ordered) values ('122', '0', 'FS300', 'FS212_FAN_SPACER.jpg', '25.9900', '2005-02-09 13:08:45', '2005-03-04 11:34:40', NULL, '1.20', '1', '0', '0', '0');
insert into products (products_id, products_quantity, products_model, products_image, products_price, products_date_added, products_last_modified, products_date_available, products_weight, products_status, products_tax_class_id, manufacturers_id, products_ordered) values ('123', '0', '12103', 'STEWART_12103.jpg', '74.9900', '2005-02-09 13:20:13', '2005-12-03 09:16:15', NULL, '9.40', '1', '0', '0', '0');
insert into products (products_id, products_quantity, products_model, products_image, products_price, products_date_added, products_last_modified, products_date_available, products_weight, products_status, products_tax_class_id, manufacturers_id, products_ordered) values ('124', '0', '13113', 'STEWART_IRON_WATER_PUMP_LONG.jpg', '74.9900', '2005-02-09 13:27:05', '2005-12-03 09:15:44', NULL, '14.70', '1', '0', '0', '0');
insert into products (products_id, products_quantity, products_model, products_image, products_price, products_date_added, products_last_modified, products_date_available, products_weight, products_status, products_tax_class_id, manufacturers_id, products_ordered) values ('125', '0', '112ME', 'CALIPER_BRKT_WELD_METRIC.jpg', '11.9900', '2005-02-11 09:09:50', '2005-11-23 12:13:42', NULL, '1.45', '1', '0', '0', '0');
insert into products (products_id, products_quantity, products_model, products_image, products_price, products_date_added, products_last_modified, products_date_available, products_weight, products_status, products_tax_class_id, manufacturers_id, products_ordered) values ('126', '0', '112GM', 'CALIPER_BRKT_WELD_FULLSIZE.jpg', '11.9900', '2005-02-11 09:12:46', '2005-11-23 12:13:20', NULL, '1.70', '1', '0', '0', '0');
insert into products (products_id, products_quantity, products_model, products_image, products_price, products_date_added, products_last_modified, products_date_available, products_weight, products_status, products_tax_class_id, manufacturers_id, products_ordered) values ('127', '0', '114GM', 'CALIPER_BRKT_CLAMP_FULL_SIZE.jpg', '31.9900', '2005-02-11 09:16:27', '2005-03-04 11:45:43', NULL, '4.30', '1', '0', '0', '0');
insert into products (products_id, products_quantity, products_model, products_image, products_price, products_date_added, products_last_modified, products_date_available, products_weight, products_status, products_tax_class_id, manufacturers_id, products_ordered) values ('128', '0', '114ME', 'CALIPER_BRKT_CLAMP_METRIC.jpg', '31.9900', '2005-02-11 09:20:02', '2005-03-04 11:46:03', NULL, '4.30', '1', '0', '0', '0');
insert into products (products_id, products_quantity, products_model, products_image, products_price, products_date_added, products_last_modified, products_date_available, products_weight, products_status, products_tax_class_id, manufacturers_id, products_ordered) values ('129', '0', '75524', 'MOTORMOUNTS_FRONT_STEEL.jpg', '16.9900', '2005-02-11 09:31:16', '2005-03-08 10:40:35', NULL, '1.70', '1', '0', '0', '0');
insert into products (products_id, products_quantity, products_model, products_image, products_price, products_date_added, products_last_modified, products_date_available, products_weight, products_status, products_tax_class_id, manufacturers_id, products_ordered) values ('130', '0', '75525', 'MOTORMOUNTS_REAR_STEEL.jpg', '24.9900', '2005-02-11 09:33:11', '2005-03-04 10:57:29', NULL, '3.00', '1', '0', '0', '0');
insert into products (products_id, products_quantity, products_model, products_image, products_price, products_date_added, products_last_modified, products_date_available, products_weight, products_status, products_tax_class_id, manufacturers_id, products_ordered) values ('131', '0', '70151/70152', 'SWEET_70152_STEERING_WHEEL.jpg', '64.9900', '2005-02-11 09:38:37', '2005-03-20 10:39:51', NULL, '1.30', '1', '0', '28', '0');
insert into products (products_id, products_quantity, products_model, products_image, products_price, products_date_added, products_last_modified, products_date_available, products_weight, products_status, products_tax_class_id, manufacturers_id, products_ordered) values ('132', '0', '90906', 'WINDOW_NET_INSTALL_KIT_BUCKLE.jpg', '29.9900', '2005-02-11 09:50:21', '2005-03-20 09:03:09', NULL, '4.30', '1', '0', '0', '0');
insert into products (products_id, products_quantity, products_model, products_image, products_price, products_date_added, products_last_modified, products_date_available, products_weight, products_status, products_tax_class_id, manufacturers_id, products_ordered) values ('133', '0', '', 'INTERCOMP_360059_TIRE_GAUGE.jpg', '49.9900', '2005-02-11 09:59:32', '2005-03-20 14:15:40', NULL, '1.20', '1', '0', '24', '0');
insert into products (products_id, products_quantity, products_model, products_image, products_price, products_date_added, products_last_modified, products_date_available, products_weight, products_status, products_tax_class_id, manufacturers_id, products_ordered) values ('134', '0', '', 'INTERCOMP_360063.jpg', '29.9900', '2005-02-11 10:02:50', '2005-03-20 14:25:07', NULL, '0.95', '1', '0', '24', '0');
insert into products (products_id, products_quantity, products_model, products_image, products_price, products_date_added, products_last_modified, products_date_available, products_weight, products_status, products_tax_class_id, manufacturers_id, products_ordered) values ('135', '0', '', 'INTERCOMP_360069.jpg', '39.9900', '2005-02-11 10:07:56', '2005-03-20 14:26:12', NULL, '0.95', '1', '0', '24', '0');
insert into products (products_id, products_quantity, products_model, products_image, products_price, products_date_added, products_last_modified, products_date_available, products_weight, products_status, products_tax_class_id, manufacturers_id, products_ordered) values ('136', '0', '45761', 'LONGACRE_45761_BATT_DISCONNECT.jpg', '29.9900', '2005-02-11 10:16:37', '2005-03-19 20:28:51', NULL, '1.20', '1', '0', '20', '0');
insert into products (products_id, products_quantity, products_model, products_image, products_price, products_date_added, products_last_modified, products_date_available, products_weight, products_status, products_tax_class_id, manufacturers_id, products_ordered) values ('137', '0', '46215', 'ACCUTECH_46215_GAUGE.jpg', '42.9900', '2005-02-11 10:23:17', '2005-03-14 20:47:11', NULL, '01.30', '1', '0', '0', '0');
insert into products (products_id, products_quantity, products_model, products_image, products_price, products_date_added, products_last_modified, products_date_available, products_weight, products_status, products_tax_class_id, manufacturers_id, products_ordered) values ('138', '0', '46220', 'ACCUTECH_46220_GAUGE.jpg', '44.9900', '2005-02-11 10:26:54', '2005-03-14 20:44:39', NULL, '1.30', '1', '0', '0', '0');
insert into products (products_id, products_quantity, products_model, products_image, products_price, products_date_added, products_last_modified, products_date_available, products_weight, products_status, products_tax_class_id, manufacturers_id, products_ordered) values ('139', '0', '46205', 'ACCUTECH_46205_GAUGE.jpg', '30.9900', '2005-02-11 10:29:18', '2005-03-14 20:42:20', NULL, '0.90', '1', '0', '0', '0');
insert into products (products_id, products_quantity, products_model, products_image, products_price, products_date_added, products_last_modified, products_date_available, products_weight, products_status, products_tax_class_id, manufacturers_id, products_ordered) values ('140', '0', '46210', 'ACCUTECH_46210_GAUGE.jpg', '28.9900', '2005-02-11 10:31:07', '2005-03-14 20:41:37', NULL, '0.90', '1', '0', '0', '0');
insert into products (products_id, products_quantity, products_model, products_image, products_price, products_date_added, products_last_modified, products_date_available, products_weight, products_status, products_tax_class_id, manufacturers_id, products_ordered) values ('141', '0', '03914S', 'WHEEL_STUDS_039145.jpg', '2.8900', '2005-02-11 10:40:49', '2005-12-09 11:59:38', NULL, '0.70', '1', '0', '0', '0');
insert into products (products_id, products_quantity, products_model, products_image, products_price, products_date_added, products_last_modified, products_date_available, products_weight, products_status, products_tax_class_id, manufacturers_id, products_ordered) values ('142', '0', '30303', 'AFCO_STEERING_U-JOINT.jpg', '46.9900', '2005-02-11 10:48:56', '2005-03-20 10:25:26', NULL, '1.20', '1', '0', '27', '0');
insert into products (products_id, products_quantity, products_model, products_image, products_price, products_date_added, products_last_modified, products_date_available, products_weight, products_status, products_tax_class_id, manufacturers_id, products_ordered) values ('143', '0', '30305', 'AFCO_STEERING_U-JOINT.jpg', '48.9900', '2005-02-11 10:51:40', '2005-03-20 10:19:06', NULL, '1.20', '1', '0', '27', '0');
insert into products (products_id, products_quantity, products_model, products_image, products_price, products_date_added, products_last_modified, products_date_available, products_weight, products_status, products_tax_class_id, manufacturers_id, products_ordered) values ('144', '0', '30306', 'AFCO_STEERING_U-JOINT.jpg', '48.9900', '2005-02-11 10:54:47', '2005-03-20 10:12:56', NULL, '1.20', '1', '0', '27', '0');
insert into products (products_id, products_quantity, products_model, products_image, products_price, products_date_added, products_last_modified, products_date_available, products_weight, products_status, products_tax_class_id, manufacturers_id, products_ordered) values ('145', '-1', '30307', 'AFCO_STEERING_U-JOINT.jpg', '48.9900', '2005-02-11 10:57:06', '2005-03-20 10:23:16', NULL, '1.20', '1', '0', '27', '1');
insert into products (products_id, products_quantity, products_model, products_image, products_price, products_date_added, products_last_modified, products_date_available, products_weight, products_status, products_tax_class_id, manufacturers_id, products_ordered) values ('146', '0', '30308', 'AFCO_STEERING_U-JOINT.jpg', '48.9900', '2005-02-11 10:59:15', '2005-03-20 10:20:59', NULL, '1.20', '1', '0', '27', '0');
insert into products (products_id, products_quantity, products_model, products_image, products_price, products_date_added, products_last_modified, products_date_available, products_weight, products_status, products_tax_class_id, manufacturers_id, products_ordered) values ('147', '0', '3400', 'REBCO_IGN_PANEL_3400.jpg', '26.9900', '2005-02-11 11:07:11', '2005-03-19 21:32:37', NULL, '0.70', '1', '0', '23', '0');
insert into products (products_id, products_quantity, products_model, products_image, products_price, products_date_added, products_last_modified, products_date_available, products_weight, products_status, products_tax_class_id, manufacturers_id, products_ordered) values ('148', '0', '3410', 'REBCO_IGN_PANEL_3410.jpg', '31.9900', '2005-02-11 11:08:29', '2005-03-19 21:38:21', NULL, '0.70', '1', '0', '23', '0');
insert into products (products_id, products_quantity, products_model, products_image, products_price, products_date_added, products_last_modified, products_date_available, products_weight, products_status, products_tax_class_id, manufacturers_id, products_ordered) values ('149', '0', '44611', 'LONGACRE_IGN_PANEL_44611.jpg', '35.9900', '2005-02-11 11:14:04', '2005-03-19 21:31:06', NULL, '0.70', '1', '0', '20', '0');
insert into products (products_id, products_quantity, products_model, products_image, products_price, products_date_added, products_last_modified, products_date_available, products_weight, products_status, products_tax_class_id, manufacturers_id, products_ordered) values ('150', '0', '01201', 'ULTRASHIELD_TEAROFFS.jpg', '14.9900', '2005-02-11 11:19:27', '2005-03-20 08:52:42', NULL, '1.50', '1', '0', '12', '0');
insert into products (products_id, products_quantity, products_model, products_image, products_price, products_date_added, products_last_modified, products_date_available, products_weight, products_status, products_tax_class_id, manufacturers_id, products_ordered) values ('151', '-2', '01202', 'ULTRASHIELD_TEAROFFS.jpg', '14.9900', '2005-02-11 11:22:24', '2005-03-20 08:44:40', NULL, '1.50', '1', '0', '12', '2');
insert into products (products_id, products_quantity, products_model, products_image, products_price, products_date_added, products_last_modified, products_date_available, products_weight, products_status, products_tax_class_id, manufacturers_id, products_ordered) values ('152', '0', '3270', 'LONGACRE_3270_CARBLINKAGE_KIT.jpg', '29.9900', '2005-02-11 11:33:35', '2005-03-13 15:32:50', NULL, '0.95', '1', '0', '20', '0');
insert into products (products_id, products_quantity, products_model, products_image, products_price, products_date_added, products_last_modified, products_date_available, products_weight, products_status, products_tax_class_id, manufacturers_id, products_ordered) values ('153', '0', '10392', 'STANT_10392_CAP.jpg', '18.9900', '2005-02-11 11:42:14', '2005-11-23 13:53:35', NULL, '1.05', '1', '0', '0', '0');
insert into products (products_id, products_quantity, products_model, products_image, products_price, products_date_added, products_last_modified, products_date_available, products_weight, products_status, products_tax_class_id, manufacturers_id, products_ordered) values ('154', '0', '8630', 'REBCO_DISCONNECT_HUB_QDH.jpg', '44.9900', '2005-02-11 11:53:39', '2005-03-20 09:46:18', NULL, '1.20', '1', '0', '23', '0');
insert into products (products_id, products_quantity, products_model, products_image, products_price, products_date_added, products_last_modified, products_date_available, products_weight, products_status, products_tax_class_id, manufacturers_id, products_ordered) values ('155', '-1', 'QDH', 'Quick_Disconnect_QDH.jpg', '20.9900', '2005-02-11 12:01:18', '2005-03-20 09:44:30', NULL, '0.95', '1', '0', '23', '1');
insert into products (products_id, products_quantity, products_model, products_image, products_price, products_date_added, products_last_modified, products_date_available, products_weight, products_status, products_tax_class_id, manufacturers_id, products_ordered) values ('156', '0', '120040', 'STEERING_SHAFT_BRKT_120040.jpg', '14.9900', '2005-02-11 12:04:27', '2005-03-20 09:59:56', NULL, '1.20', '1', '0', '0', '0');
insert into products (products_id, products_quantity, products_model, products_image, products_price, products_date_added, products_last_modified, products_date_available, products_weight, products_status, products_tax_class_id, manufacturers_id, products_ordered) values ('157', '0', 'CMR757', 'STEERING_SHAFT_ROD_END.jpg', '12.9900', '2005-02-11 12:09:00', '2005-03-20 09:58:10', NULL, '0.95', '1', '0', '0', '0');
insert into products (products_id, products_quantity, products_model, products_image, products_price, products_date_added, products_last_modified, products_date_available, products_weight, products_status, products_tax_class_id, manufacturers_id, products_ordered) values ('158', '0', '', 'BRAIDED_LINE_4_STRAIGHT.jpg', '0.0000', '2005-02-11 12:15:03', '2005-02-20 10:04:00', NULL, '0.00', '1', '0', '0', '0');
insert into products (products_id, products_quantity, products_model, products_image, products_price, products_date_added, products_last_modified, products_date_available, products_weight, products_status, products_tax_class_id, manufacturers_id, products_ordered) values ('159', '1', '', 'BRAIDED_LINE_4_90.jpg', '0.0000', '2005-02-11 12:17:08', '2005-02-20 10:55:10', NULL, '0.00', '1', '0', '0', '0');
insert into products (products_id, products_quantity, products_model, products_image, products_price, products_date_added, products_last_modified, products_date_available, products_weight, products_status, products_tax_class_id, manufacturers_id, products_ordered) values ('543', '0', 'SS100A', 'PRO_SHOCK_SS100A.jpg', '54.9900', '2005-12-03 09:21:43', '2005-12-05 10:58:28', NULL, '6.00', '1', '0', '40', '0');
insert into products (products_id, products_quantity, products_model, products_image, products_price, products_date_added, products_last_modified, products_date_available, products_weight, products_status, products_tax_class_id, manufacturers_id, products_ordered) values ('160', '-1', '186', 'Schoenfeld_Headers_186.jpg', '169.9900', '2005-02-13 10:33:34', '2005-03-13 11:02:23', NULL, '31.00', '1', '0', '19', '1');
insert into products (products_id, products_quantity, products_model, products_image, products_price, products_date_added, products_last_modified, products_date_available, products_weight, products_status, products_tax_class_id, manufacturers_id, products_ordered) values ('161', '0', '40208/402010', 'Afco_Fuel_Filter_9.jpg', '54.9900', '2005-02-14 11:22:03', '2005-03-13 15:40:24', NULL, '1.70', '1', '0', '27', '0');
insert into products (products_id, products_quantity, products_model, products_image, products_price, products_date_added, products_last_modified, products_date_available, products_weight, products_status, products_tax_class_id, manufacturers_id, products_ordered) values ('162', '0', '40218/402110', 'Afco_Fuel_Filter_9.jpg', '44.9900', '2005-02-14 11:24:25', '2005-03-13 15:39:22', NULL, '1.45', '1', '0', '27', '0');
insert into products (products_id, products_quantity, products_model, products_image, products_price, products_date_added, products_last_modified, products_date_available, products_weight, products_status, products_tax_class_id, manufacturers_id, products_ordered) values ('163', '0', '83606/83608/', 'Jaz_Fuel_Filter.jpg', '29.9900', '2005-02-14 11:32:11', '2005-03-13 15:42:23', NULL, '0.70', '1', '0', '0', '0');
insert into products (products_id, products_quantity, products_model, products_image, products_price, products_date_added, products_last_modified, products_date_available, products_weight, products_status, products_tax_class_id, manufacturers_id, products_ordered) values ('164', '0', '43039', 'Panhard_brkt_single.jpg', '29.9900', '2005-02-14 11:40:11', '2005-03-04 11:00:50', NULL, '3.10', '1', '0', '0', '0');
insert into products (products_id, products_quantity, products_model, products_image, products_price, products_date_added, products_last_modified, products_date_available, products_weight, products_status, products_tax_class_id, manufacturers_id, products_ordered) values ('165', '0', '43040', 'Panhard_brkt_double.jpg', '39.9900', '2005-02-14 11:42:49', '2005-03-04 11:00:14', NULL, '5.40', '1', '0', '0', '0');
insert into products (products_id, products_quantity, products_model, products_image, products_price, products_date_added, products_last_modified, products_date_available, products_weight, products_status, products_tax_class_id, manufacturers_id, products_ordered) values ('166', '0', '20225', 'Afco20225_panhard_bar.jpg', '104.9900', '2005-02-14 11:49:45', '2005-03-04 10:59:34', NULL, '10.30', '1', '0', '0', '0');
insert into products (products_id, products_quantity, products_model, products_image, products_price, products_date_added, products_last_modified, products_date_available, products_weight, products_status, products_tax_class_id, manufacturers_id, products_ordered) values ('167', '-2', '92600', 'pbm_92600_gasket_set.jpg', '29.9900', '2005-02-14 11:57:26', '2005-03-12 16:09:05', NULL, '2.20', '1', '0', '0', '2');
insert into products (products_id, products_quantity, products_model, products_image, products_price, products_date_added, products_last_modified, products_date_available, products_weight, products_status, products_tax_class_id, manufacturers_id, products_ordered) values ('168', '0', '135-16', 'PBM_Stamped_Steel_Rocker_Arm.jpg', '39.9900', '2005-02-15 10:26:47', '2005-03-13 08:40:43', NULL, '4.90', '1', '0', '30', '0');
insert into products (products_id, products_quantity, products_model, products_image, products_price, products_date_added, products_last_modified, products_date_available, products_weight, products_status, products_tax_class_id, manufacturers_id, products_ordered) values ('169', '0', '77-150', 'Lakewood_Bellhousing.jpg', '229.9900', '2005-02-15 10:32:10', '2005-11-23 11:34:23', NULL, '29.00', '1', '0', '0', '0');
insert into products (products_id, products_quantity, products_model, products_image, products_price, products_date_added, products_last_modified, products_date_available, products_weight, products_status, products_tax_class_id, manufacturers_id, products_ordered) values ('170', '0', 'DA3071', 'Pioner_Balancer_DA3071.jpg', '49.9900', '2005-02-15 10:38:18', '2005-03-12 16:28:54', NULL, '8.90', '1', '0', '0', '0');
insert into products (products_id, products_quantity, products_model, products_image, products_price, products_date_added, products_last_modified, products_date_available, products_weight, products_status, products_tax_class_id, manufacturers_id, products_ordered) values ('171', '0', 'DA400', 'Pioneer_BalancerDA400.jpg', '59.9900', '2005-02-15 10:40:02', '2005-03-12 16:34:18', NULL, '10.90', '1', '0', '0', '0');
insert into products (products_id, products_quantity, products_model, products_image, products_price, products_date_added, products_last_modified, products_date_available, products_weight, products_status, products_tax_class_id, manufacturers_id, products_ordered) values ('172', '-2', 'DA3502', 'Pioneer_Balancer_DA3502.jpg', '59.9900', '2005-02-15 10:43:10', '2005-03-12 16:31:35', NULL, '10.90', '1', '0', '0', '2');
insert into products (products_id, products_quantity, products_model, products_image, products_price, products_date_added, products_last_modified, products_date_available, products_weight, products_status, products_tax_class_id, manufacturers_id, products_ordered) values ('173', '0', 'PB10505ST', 'PBM_BalancerPB1050ST.jpg', '109.9900', '2005-02-15 10:53:04', '2005-03-12 16:35:06', NULL, '10.70', '1', '0', '30', '0');
insert into products (products_id, products_quantity, products_model, products_image, products_price, products_date_added, products_last_modified, products_date_available, products_weight, products_status, products_tax_class_id, manufacturers_id, products_ordered) values ('174', '0', '43120', 'B.E.jpg', '8.9900', '2005-02-15 10:55:43', '2005-03-13 08:46:05', NULL, '1.20', '1', '0', '54', '0');
insert into products (products_id, products_quantity, products_model, products_image, products_price, products_date_added, products_last_modified, products_date_available, products_weight, products_status, products_tax_class_id, manufacturers_id, products_ordered) values ('175', '0', 'CP55', 'Champ_Oilpan_CP55.jpg', '124.9900', '2005-02-15 10:59:29', '2005-03-12 17:34:05', NULL, '13.10', '1', '0', '55', '0');
insert into products (products_id, products_quantity, products_model, products_image, products_price, products_date_added, products_last_modified, products_date_available, products_weight, products_status, products_tax_class_id, manufacturers_id, products_ordered) values ('176', '0', '2180', 'Renegade_oilpan_2180.jpg', '69.9900', '2005-02-15 11:11:20', '2005-03-12 17:39:01', NULL, '10.50', '1', '0', '0', '0');
insert into products (products_id, products_quantity, products_model, products_image, products_price, products_date_added, products_last_modified, products_date_available, products_weight, products_status, products_tax_class_id, manufacturers_id, products_ordered) values ('177', '0', '9005', 'PBM_oilpan_9005.jpg', '32.9900', '2005-02-15 11:13:49', '2005-03-12 17:36:26', NULL, '7.30', '1', '0', '0', '0');
insert into products (products_id, products_quantity, products_model, products_image, products_price, products_date_added, products_last_modified, products_date_available, products_weight, products_status, products_tax_class_id, manufacturers_id, products_ordered) values ('178', '0', '523', 'Gas_Pedal_523.jpg', '16.9900', '2005-02-15 11:23:33', '2005-03-07 13:11:26', NULL, '1.70', '1', '0', '0', '0');
insert into products (products_id, products_quantity, products_model, products_image, products_price, products_date_added, products_last_modified, products_date_available, products_weight, products_status, products_tax_class_id, manufacturers_id, products_ordered) values ('179', '0', '525', 'Gas_Pedal_525.jpg', '16.9900', '2005-02-15 11:24:50', '2005-03-14 20:15:07', NULL, '1.70', '1', '0', '0', '0');
insert into products (products_id, products_quantity, products_model, products_image, products_price, products_date_added, products_last_modified, products_date_available, products_weight, products_status, products_tax_class_id, manufacturers_id, products_ordered) values ('180', '0', '526', 'Gas_Pedal_526.jpg', '22.9900', '2005-02-15 11:26:12', '2005-03-07 13:11:11', NULL, '1.70', '1', '0', '0', '0');
insert into products (products_id, products_quantity, products_model, products_image, products_price, products_date_added, products_last_modified, products_date_available, products_weight, products_status, products_tax_class_id, manufacturers_id, products_ordered) values ('181', '0', '', 'RJS_Underwear.jpg', '79.9900', '2005-02-15 11:33:16', '2005-03-20 08:55:41', NULL, '1.50', '1', '0', '9', '0');
insert into products (products_id, products_quantity, products_model, products_image, products_price, products_date_added, products_last_modified, products_date_available, products_weight, products_status, products_tax_class_id, manufacturers_id, products_ordered) values ('182', '0', '85551', 'MSD_85551_DISTRIBUTER', '239.9900', '2005-02-15 11:53:11', '2005-03-19 20:45:54', NULL, '6.30', '1', '0', '16', '0');
insert into products (products_id, products_quantity, products_model, products_image, products_price, products_date_added, products_last_modified, products_date_available, products_weight, products_status, products_tax_class_id, manufacturers_id, products_ordered) values ('183', '0', '8202', 'MSD_8202_COIL.jpg', '39.9900', '2005-02-15 12:02:56', '2005-03-19 21:14:22', NULL, '2.20', '1', '0', '16', '0');
insert into products (products_id, products_quantity, products_model, products_image, products_price, products_date_added, products_last_modified, products_date_available, products_weight, products_status, products_tax_class_id, manufacturers_id, products_ordered) values ('184', '0', '8222', 'MSD_8222_COIL.jpg', '49.9900', '2005-02-15 12:04:42', '2005-03-19 21:16:57', NULL, '2.20', '1', '0', '16', '0');
insert into products (products_id, products_quantity, products_model, products_image, products_price, products_date_added, products_last_modified, products_date_available, products_weight, products_status, products_tax_class_id, manufacturers_id, products_ordered) values ('185', '0', '6400', 'MSD_6400_IGN_BOX.jpg', '209.9900', '2005-02-15 12:07:00', '2005-03-19 21:50:03', NULL, '5.00', '1', '0', '16', '0');
insert into products (products_id, products_quantity, products_model, products_image, products_price, products_date_added, products_last_modified, products_date_available, products_weight, products_status, products_tax_class_id, manufacturers_id, products_ordered) values ('186', '0', '6420', 'MSD_6420_IGN_BOX.jpg', '239.9900', '2005-02-15 12:11:26', '2005-03-19 21:52:39', NULL, '5.00', '1', '0', '16', '0');
insert into products (products_id, products_quantity, products_model, products_image, products_price, products_date_added, products_last_modified, products_date_available, products_weight, products_status, products_tax_class_id, manufacturers_id, products_ordered) values ('187', '0', '8471', 'MSD_8471_BRONZE_GEAR.jpg', '44.9900', '2005-02-15 12:19:10', '2005-03-19 20:36:31', NULL, '0.70', '1', '0', '16', '0');
insert into products (products_id, products_quantity, products_model, products_image, products_price, products_date_added, products_last_modified, products_date_available, products_weight, products_status, products_tax_class_id, manufacturers_id, products_ordered) values ('188', '0', '1044', 'MRGSKT_1044_BRONZE_GEAR.jpg', '36.9900', '2005-02-15 12:22:18', '2005-03-19 20:37:39', NULL, '0.70', '0', '0', '1', '0');
insert into products (products_id, products_quantity, products_model, products_image, products_price, products_date_added, products_last_modified, products_date_available, products_weight, products_status, products_tax_class_id, manufacturers_id, products_ordered) values ('189', '-1', '23200', 'SIMPSON_HELMET_BAG', '29.9900', '2005-02-15 12:29:41', '2005-03-20 07:05:50', NULL, '0.90', '1', '0', '8', '1');
insert into products (products_id, products_quantity, products_model, products_image, products_price, products_date_added, products_last_modified, products_date_available, products_weight, products_status, products_tax_class_id, manufacturers_id, products_ordered) values ('190', '0', '570', 'WILWOOD_BRAKE_FLUID', '5.9900', '2005-02-15 12:35:13', '2005-03-04 11:44:58', NULL, '1.20', '1', '0', '15', '0');
insert into products (products_id, products_quantity, products_model, products_image, products_price, products_date_added, products_last_modified, products_date_available, products_weight, products_status, products_tax_class_id, manufacturers_id, products_ordered) values ('191', '0', '', 'ROD_ENDS_MALE.jpg', '0.0000', '2005-02-15 12:52:05', '2005-03-04 11:04:13', NULL, '0.40', '1', '0', '0', '0');
insert into products (products_id, products_quantity, products_model, products_image, products_price, products_date_added, products_last_modified, products_date_available, products_weight, products_status, products_tax_class_id, manufacturers_id, products_ordered) values ('192', '0', 'FRA112', 'FLEXPLATE_STOCK_153_35.jpg', '25.9900', '2005-02-15 12:55:40', '2005-11-23 12:49:38', NULL, '5.40', '1', '0', '53', '0');
insert into products (products_id, products_quantity, products_model, products_image, products_price, products_date_added, products_last_modified, products_date_available, products_weight, products_status, products_tax_class_id, manufacturers_id, products_ordered) values ('193', '-2', 'FRA100', 'FLEXPLATE_STOCK_168_350.jpg', '21.9900', '2005-02-15 12:57:52', '2005-11-23 12:49:05', NULL, '6.50', '1', '0', '53', '2');
insert into products (products_id, products_quantity, products_model, products_image, products_price, products_date_added, products_last_modified, products_date_available, products_weight, products_status, products_tax_class_id, manufacturers_id, products_ordered) values ('194', '0', 'FRA104', 'FLEXPLATE_STOCK_168_400.jpg', '23.9900', '2005-02-15 13:01:07', '2005-11-23 12:50:15', NULL, '6.70', '1', '0', '53', '0');
insert into products (products_id, products_quantity, products_model, products_image, products_price, products_date_added, products_last_modified, products_date_available, products_weight, products_status, products_tax_class_id, manufacturers_id, products_ordered) values ('195', '0', '745000', 'TCI_745000_PG_COUPLER.jpg', '159.9900', '2005-02-15 13:04:09', '2005-03-04 11:48:28', NULL, '1.30', '1', '0', '14', '0');
insert into products (products_id, products_quantity, products_model, products_image, products_price, products_date_added, products_last_modified, products_date_available, products_weight, products_status, products_tax_class_id, manufacturers_id, products_ordered) values ('196', '0', '940000', 'B+M_FLEXPLATE_SHIELD.jpg', '54.9900', '2005-02-15 13:08:20', '2005-03-04 11:52:20', NULL, '5.90', '1', '0', '57', '0');
insert into products (products_id, products_quantity, products_model, products_image, products_price, products_date_added, products_last_modified, products_date_available, products_weight, products_status, products_tax_class_id, manufacturers_id, products_ordered) values ('197', '0', '6809', 'Autometer_6809.jpg', '199.9900', '2005-02-15 13:38:02', '2005-03-14 20:55:53', NULL, '2.20', '1', '0', '0', '0');
insert into products (products_id, products_quantity, products_model, products_image, products_price, products_date_added, products_last_modified, products_date_available, products_weight, products_status, products_tax_class_id, manufacturers_id, products_ordered) values ('198', '0', '', 'WINDOW_NET_INSTALL_KIT_SPRING.jpg', '29.9900', '2005-02-15 13:43:10', '2005-03-20 09:08:02', NULL, '1.30', '1', '0', '67', '0');
insert into products (products_id, products_quantity, products_model, products_image, products_price, products_date_added, products_last_modified, products_date_available, products_weight, products_status, products_tax_class_id, manufacturers_id, products_ordered) values ('199', '0', '100052', 'CRANE_CAM+LIFTER_KIT.jpg', '129.9900', '2005-02-15 13:47:49', '2005-03-08 11:45:07', NULL, '13.30', '1', '0', '13', '0');
insert into products (products_id, products_quantity, products_model, products_image, products_price, products_date_added, products_last_modified, products_date_available, products_weight, products_status, products_tax_class_id, manufacturers_id, products_ordered) values ('200', '0', 'CRA100172', 'CRANE_CAM+LIFTER_KIT.jpg', '129.9900', '2005-02-16 09:06:28', '2005-03-08 11:43:23', NULL, '13.30', '1', '0', '13', '0');
insert into products (products_id, products_quantity, products_model, products_image, products_price, products_date_added, products_last_modified, products_date_available, products_weight, products_status, products_tax_class_id, manufacturers_id, products_ordered) values ('201', '0', 'CRA100132', 'CRANE_CAM+LIFTER_KIT.jpg', '129.9900', '2005-02-16 09:13:26', '2005-03-08 11:45:31', NULL, '13.30', '1', '0', '13', '0');
insert into products (products_id, products_quantity, products_model, products_image, products_price, products_date_added, products_last_modified, products_date_available, products_weight, products_status, products_tax_class_id, manufacturers_id, products_ordered) values ('202', '0', 'CRA100082', 'CRANE_CAM+LIFTER_KIT.jpg', '129.9900', '2005-02-16 09:15:48', '2005-03-08 11:44:15', NULL, '13.30', '1', '0', '13', '0');
insert into products (products_id, products_quantity, products_model, products_image, products_price, products_date_added, products_last_modified, products_date_available, products_weight, products_status, products_tax_class_id, manufacturers_id, products_ordered) values ('203', '0', '100072', 'CRANE_CAM+LIFTER_KIT.jpg', '129.9900', '2005-02-16 09:20:47', '2005-10-01 08:59:54', NULL, '13.30', '1', '0', '13', '0');
insert into products (products_id, products_quantity, products_model, products_image, products_price, products_date_added, products_last_modified, products_date_available, products_weight, products_status, products_tax_class_id, manufacturers_id, products_ordered) values ('204', '0', 'CRA100182', 'CRANE_CAM+LIFTER_KIT.jpg', '129.9900', '2005-02-16 09:25:39', '2005-03-08 11:43:51', NULL, '13.30', '1', '0', '13', '0');
insert into products (products_id, products_quantity, products_model, products_image, products_price, products_date_added, products_last_modified, products_date_available, products_weight, products_status, products_tax_class_id, manufacturers_id, products_ordered) values ('205', '0', 'Cra100112', 'CRANE_CAM+LIFTER_KIT.jpg', '129.9900', '2005-02-16 09:34:31', '2005-03-08 11:46:15', NULL, '13.30', '1', '0', '13', '0');
insert into products (products_id, products_quantity, products_model, products_image, products_price, products_date_added, products_last_modified, products_date_available, products_weight, products_status, products_tax_class_id, manufacturers_id, products_ordered) values ('206', '0', '72231', 'MOROSO_72231_DIST.jpg', '199.9900', '2005-02-16 09:58:38', '2005-03-19 20:47:15', NULL, '6.30', '0', '0', '4', '0');
insert into products (products_id, products_quantity, products_model, products_image, products_price, products_date_added, products_last_modified, products_date_available, products_weight, products_status, products_tax_class_id, manufacturers_id, products_ordered) values ('207', '0', 'GMS153N', 'STARTER_GMS153N.jpg', '124.9900', '2005-02-16 10:06:58', '2005-03-20 06:44:38', NULL, '9.40', '1', '0', '50', '0');
insert into products (products_id, products_quantity, products_model, products_image, products_price, products_date_added, products_last_modified, products_date_available, products_weight, products_status, products_tax_class_id, manufacturers_id, products_ordered) values ('208', '0', 'GMS168N', 'Starter_GMS168N.jpg', '124.9900', '2005-02-16 10:08:47', '2005-03-20 06:40:58', NULL, '9.60', '1', '0', '0', '0');
insert into products (products_id, products_quantity, products_model, products_image, products_price, products_date_added, products_last_modified, products_date_available, products_weight, products_status, products_tax_class_id, manufacturers_id, products_ordered) values ('209', '0', '9-3100', 'CLOYES_9_3100 TIMING SET.jpg', '89.9900', '2005-02-16 10:40:18', '2005-03-13 08:54:12', NULL, '3.30', '1', '0', '5', '0');
insert into products (products_id, products_quantity, products_model, products_image, products_price, products_date_added, products_last_modified, products_date_available, products_weight, products_status, products_tax_class_id, manufacturers_id, products_ordered) values ('210', '0', '', 'RERING KIT 350.jpg', '99.9900', '2005-02-16 10:52:45', '2005-03-13 07:13:14', NULL, '6.50', '1', '0', '0', '0');
insert into products (products_id, products_quantity, products_model, products_image, products_price, products_date_added, products_last_modified, products_date_available, products_weight, products_status, products_tax_class_id, manufacturers_id, products_ordered) values ('211', '-1', '', 'MASTER_KIT WO_CAM.jpg', '249.9900', '2005-02-16 11:03:23', '2005-03-08 20:28:57', NULL, '24.80', '1', '0', '0', '1');
insert into products (products_id, products_quantity, products_model, products_image, products_price, products_date_added, products_last_modified, products_date_available, products_weight, products_status, products_tax_class_id, manufacturers_id, products_ordered) values ('212', '0', '65-4412CT', 'HOLLEY 4412 CT CARB.jpg', '199.9900', '2005-02-16 11:08:55', '2005-03-13 15:35:15', NULL, '9.80', '1', '0', '37', '0');
insert into products (products_id, products_quantity, products_model, products_image, products_price, products_date_added, products_last_modified, products_date_available, products_weight, products_status, products_tax_class_id, manufacturers_id, products_ordered) values ('213', '0', '3510GRH', 'STARTER_3510GRH.jpg', '129.9900', '2005-02-16 11:20:36', '2005-03-20 06:49:30', NULL, '12.20', '1', '0', '0', '0');
insert into products (products_id, products_quantity, products_model, products_image, products_price, products_date_added, products_last_modified, products_date_available, products_weight, products_status, products_tax_class_id, manufacturers_id, products_ordered) values ('214', '0', '', 'HELMET VOY 8.jpg', '319.9900', '2005-02-16 11:33:25', '2005-03-20 07:44:39', NULL, '4.50', '1', '0', '8', '0');
insert into products (products_id, products_quantity, products_model, products_image, products_price, products_date_added, products_last_modified, products_date_available, products_weight, products_status, products_tax_class_id, manufacturers_id, products_ordered) values ('215', '0', 'SS201', 'PRO_SS201_SHOCKS.jpg', '49.9900', '2005-02-16 11:37:42', '2005-11-22 12:42:10', NULL, '5.00', '1', '0', '0', '0');
insert into products (products_id, products_quantity, products_model, products_image, products_price, products_date_added, products_last_modified, products_date_available, products_weight, products_status, products_tax_class_id, manufacturers_id, products_ordered) values ('216', '0', 'SS100', 'PRO_SS100_SHOCKS.jpg', '49.9900', '2005-02-16 11:39:06', '2005-12-05 10:52:39', NULL, '2.80', '1', '0', '0', '0');
insert into products (products_id, products_quantity, products_model, products_image, products_price, products_date_added, products_last_modified, products_date_available, products_weight, products_status, products_tax_class_id, manufacturers_id, products_ordered) values ('217', '0', '', 'RIVETS_LH_MILL.jpg', '10.9900', '2005-02-16 11:51:25', '2005-03-13 11:20:49', NULL, '2.40', '1', '0', '25', '0');
insert into products (products_id, products_quantity, products_model, products_image, products_price, products_date_added, products_last_modified, products_date_available, products_weight, products_status, products_tax_class_id, manufacturers_id, products_ordered) values ('218', '0', '66EM', 'RIVETS_66EM.jpg', '24.9900', '2005-02-16 11:57:52', '2005-03-13 11:14:50', NULL, '2.20', '1', '0', '25', '0');
insert into products (products_id, products_quantity, products_model, products_image, products_price, products_date_added, products_last_modified, products_date_available, products_weight, products_status, products_tax_class_id, manufacturers_id, products_ordered) values ('219', '0', '66EML', 'RIVETS_66EML.jpg', '29.9900', '2005-02-16 11:59:54', '2005-03-13 11:13:01', NULL, '2.20', '1', '0', '25', '0');
insert into products (products_id, products_quantity, products_model, products_image, products_price, products_date_added, products_last_modified, products_date_available, products_weight, products_status, products_tax_class_id, manufacturers_id, products_ordered) values ('220', '0', 'AD66', 'RIVETS_LH_COLORED.jpg', '13.9900', '2005-02-16 12:02:12', '2005-03-13 11:18:52', NULL, '2.40', '1', '0', '0', '0');
insert into products (products_id, products_quantity, products_model, products_image, products_price, products_date_added, products_last_modified, products_date_available, products_weight, products_status, products_tax_class_id, manufacturers_id, products_ordered) values ('221', '0', '3-3156G', 'Energy_Bushings_3-3156G.jpg', '69.9900', '2005-02-17 11:38:29', '2005-11-22 11:38:44', NULL, '5.00', '1', '0', '58', '0');
insert into products (products_id, products_quantity, products_model, products_image, products_price, products_date_added, products_last_modified, products_date_available, products_weight, products_status, products_tax_class_id, manufacturers_id, products_ordered) values ('222', '-3', '', 'DART SS 67CC.jpg', '639.0000', '2005-02-17 11:40:29', '2005-11-03 15:12:48', NULL, '120.00', '1', '0', '44', '3');
insert into products (products_id, products_quantity, products_model, products_image, products_price, products_date_added, products_last_modified, products_date_available, products_weight, products_status, products_tax_class_id, manufacturers_id, products_ordered) values ('223', '0', '80SB', 'Pickup_tube_80SB.jpg', '27.9900', '2005-02-17 13:15:07', '2005-03-12 17:35:13', NULL, '0.70', '1', '0', '55', '0');
insert into products (products_id, products_quantity, products_model, products_image, products_price, products_date_added, products_last_modified, products_date_available, products_weight, products_status, products_tax_class_id, manufacturers_id, products_ordered) values ('224', '0', 'P7107', 'Pickup_tube_P7107.jpg', '21.9900', '2005-02-17 13:17:41', '2005-03-12 17:39:49', NULL, '0.65', '1', '0', '56', '0');
insert into products (products_id, products_quantity, products_model, products_image, products_price, products_date_added, products_last_modified, products_date_available, products_weight, products_status, products_tax_class_id, manufacturers_id, products_ordered) values ('225', '-1', '44352', 'Longacre_2_Gauge_Panel_44352.jpg', '99.9900', '2005-02-17 13:36:43', '2005-03-14 20:25:06', NULL, '1.70', '1', '0', '20', '1');
insert into products (products_id, products_quantity, products_model, products_image, products_price, products_date_added, products_last_modified, products_date_available, products_weight, products_status, products_tax_class_id, manufacturers_id, products_ordered) values ('226', '0', '44135', 'Longacre_2_Gauge_Panel_Brakes.jpg', '79.9900', '2005-02-17 13:44:35', '2005-03-15 11:55:54', NULL, '1.50', '1', '0', '20', '0');
insert into products (products_id, products_quantity, products_model, products_image, products_price, products_date_added, products_last_modified, products_date_available, products_weight, products_status, products_tax_class_id, manufacturers_id, products_ordered) values ('227', '0', 'HPK', 'HOOD_PIN_KIT.jpg', '7.9900', '2005-02-17 13:54:17', '2005-03-13 11:10:09', NULL, '0.95', '1', '0', '0', '0');
insert into products (products_id, products_quantity, products_model, products_image, products_price, products_date_added, products_last_modified, products_date_available, products_weight, products_status, products_tax_class_id, manufacturers_id, products_ordered) values ('228', '0', '52025', 'Pro_Prod_intake_52025.jpg', '199.9900', '2005-02-17 14:00:32', '2005-03-14 11:06:27', NULL, '18.60', '1', '0', '42', '0');
insert into products (products_id, products_quantity, products_model, products_image, products_price, products_date_added, products_last_modified, products_date_available, products_weight, products_status, products_tax_class_id, manufacturers_id, products_ordered) values ('229', '0', '80100X', 'RADIATOR AFCO.jpg', '179.9900', '2005-02-17 14:10:27', '2005-02-20 08:19:44', NULL, '0.00', '1', '0', '27', '0');
insert into products (products_id, products_quantity, products_model, products_image, products_price, products_date_added, products_last_modified, products_date_available, products_weight, products_status, products_tax_class_id, manufacturers_id, products_ordered) values ('230', '0', 'WG3060', 'ROCKER ARMS CRANE ALUMINEM.jpg', '209.9900', '2005-02-17 14:17:04', '2005-03-13 08:39:45', NULL, '6.60', '1', '0', '13', '0');
insert into products (products_id, products_quantity, products_model, products_image, products_price, products_date_added, products_last_modified, products_date_available, products_weight, products_status, products_tax_class_id, manufacturers_id, products_ordered) values ('231', '0', '502H', 'Riveter_Hand_128-592H.jpg', '9.9900', '2005-02-18 09:51:14', '2005-03-20 14:05:57', NULL, '1.50', '1', '0', '0', '0');
insert into products (products_id, products_quantity, products_model, products_image, products_price, products_date_added, products_last_modified, products_date_available, products_weight, products_status, products_tax_class_id, manufacturers_id, products_ordered) values ('232', '0', '4590', 'Longacre_Solenoid_4590.jpg', '24.9900', '2005-02-18 09:54:07', '2005-03-20 06:35:03', NULL, '0.95', '1', '0', '20', '0');
insert into products (products_id, products_quantity, products_model, products_image, products_price, products_date_added, products_last_modified, products_date_available, products_weight, products_status, products_tax_class_id, manufacturers_id, products_ordered) values ('233', '0', '4048', 'Accel_Plugwires_4048.jpg', '32.9900', '2005-02-18 09:56:24', '2005-03-19 22:03:16', NULL, '2.20', '1', '0', '59', '0');
insert into products (products_id, products_quantity, products_model, products_image, products_price, products_date_added, products_last_modified, products_date_available, products_weight, products_status, products_tax_class_id, manufacturers_id, products_ordered) values ('234', '0', '1305', 'Rebco_TempWarning_1305.jpg', '21.9900', '2005-02-18 10:06:48', '2005-03-14 21:05:36', NULL, '0.70', '1', '0', '23', '0');
insert into products (products_id, products_quantity, products_model, products_image, products_price, products_date_added, products_last_modified, products_date_available, products_weight, products_status, products_tax_class_id, manufacturers_id, products_ordered) values ('235', '0', '140-1280', 'Rebco_OPWarning_140-1280.jpg', '19.9900', '2005-02-18 10:11:55', '2005-03-14 21:04:06', NULL, '0.70', '1', '0', '23', '0');
insert into products (products_id, products_quantity, products_model, products_image, products_price, products_date_added, products_last_modified, products_date_available, products_weight, products_status, products_tax_class_id, manufacturers_id, products_ordered) values ('236', '0', '60216', 'Afco_crosspin_60216.jpg', '12.9900', '2005-02-18 10:29:15', '2005-12-09 11:08:43', NULL, '1.00', '1', '0', '27', '0');
insert into products (products_id, products_quantity, products_model, products_image, products_price, products_date_added, products_last_modified, products_date_available, products_weight, products_status, products_tax_class_id, manufacturers_id, products_ordered) values ('237', '-1', '85250P', 'AFCO_SPRINGS_PIGTAIL.jpg', '50.9900', '2005-02-18 10:41:06', '2005-03-04 11:19:51', NULL, '6.30', '1', '0', '27', '1');
insert into products (products_id, products_quantity, products_model, products_image, products_price, products_date_added, products_last_modified, products_date_available, products_weight, products_status, products_tax_class_id, manufacturers_id, products_ordered) values ('238', '0', '', 'AFCO_5.5X9.jpg', '47.0000', '2005-02-18 10:44:11', '2005-03-04 11:20:52', NULL, '11.10', '1', '0', '27', '0');
insert into products (products_id, products_quantity, products_model, products_image, products_price, products_date_added, products_last_modified, products_date_available, products_weight, products_status, products_tax_class_id, manufacturers_id, products_ordered) values ('239', '0', '', 'AFCO_5X13_SPRINGS.jpg', '47.0000', '2005-02-18 10:58:58', '2005-03-04 11:21:50', NULL, '8.40', '1', '0', '27', '0');
insert into products (products_id, products_quantity, products_model, products_image, products_price, products_date_added, products_last_modified, products_date_available, products_weight, products_status, products_tax_class_id, manufacturers_id, products_ordered) values ('240', '-4', '1601', 'PUSHRODS PBM 1600.jpg', '26.9900', '2005-02-18 11:10:59', '2005-03-13 07:02:55', NULL, '1.20', '1', '0', '0', '4');
insert into products (products_id, products_quantity, products_model, products_image, products_price, products_date_added, products_last_modified, products_date_available, products_weight, products_status, products_tax_class_id, manufacturers_id, products_ordered) values ('241', '-1', '1602', 'PUSHRODS PBM 1600.jpg', '26.9900', '2005-02-18 11:19:25', '2005-03-13 07:06:58', NULL, '1.20', '1', '0', '0', '1');
insert into products (products_id, products_quantity, products_model, products_image, products_price, products_date_added, products_last_modified, products_date_available, products_weight, products_status, products_tax_class_id, manufacturers_id, products_ordered) values ('242', '-1', 'PR737', 'PUSHRODS_ELGIN_MOLY.jpg', '69.9900', '2005-02-18 11:29:18', '2005-03-13 07:10:14', NULL, '1.20', '1', '0', '60', '1');
insert into products (products_id, products_quantity, products_model, products_image, products_price, products_date_added, products_last_modified, products_date_available, products_weight, products_status, products_tax_class_id, manufacturers_id, products_ordered) values ('243', '0', 'PR777', 'PUSHRODS_ELGIN_MOLY.jpg', '69.9900', '2005-02-18 11:30:40', '2005-03-13 07:08:26', NULL, '1.20', '1', '0', '60', '0');
insert into products (products_id, products_quantity, products_model, products_image, products_price, products_date_added, products_last_modified, products_date_available, products_weight, products_status, products_tax_class_id, manufacturers_id, products_ordered) values ('244', '0', '3435', 'Rebco_Sw_Panel_3435.jpg', '37.9900', '2005-02-22 12:10:44', '2005-03-19 21:36:55', NULL, '0.85', '1', '0', '23', '0');
insert into products (products_id, products_quantity, products_model, products_image, products_price, products_date_added, products_last_modified, products_date_available, products_weight, products_status, products_tax_class_id, manufacturers_id, products_ordered) values ('245', '0', '400500', 'Rebco_Brake_Bias_500.jpg', '89.9900', '2005-02-22 12:22:58', '2005-03-14 20:36:28', NULL, '1.50', '1', '0', '23', '0');
insert into products (products_id, products_quantity, products_model, products_image, products_price, products_date_added, products_last_modified, products_date_available, products_weight, products_status, products_tax_class_id, manufacturers_id, products_ordered) values ('246', '0', '1145', 'Rebco_4_Gauge_panel.jpg', '199.9900', '2005-02-22 12:25:38', '2005-03-14 20:30:51', NULL, '2.20', '1', '0', '23', '0');
insert into products (products_id, products_quantity, products_model, products_image, products_price, products_date_added, products_last_modified, products_date_available, products_weight, products_status, products_tax_class_id, manufacturers_id, products_ordered) values ('247', '0', '3-3132G', 'Energy_Rear_3.jpg', '89.9900', '2005-02-22 13:02:56', '2005-03-27 07:54:14', NULL, '7.20', '1', '0', '58', '0');
insert into products (products_id, products_quantity, products_model, products_image, products_price, products_date_added, products_last_modified, products_date_available, products_weight, products_status, products_tax_class_id, manufacturers_id, products_ordered) values ('248', '0', '66782', 'ProformCrk_Rotat_66782.jpg', '19.9900', '2005-02-22 13:07:15', '2005-03-20 11:13:40', NULL, '0.95', '1', '0', '61', '0');
insert into products (products_id, products_quantity, products_model, products_image, products_price, products_date_added, products_last_modified, products_date_available, products_weight, products_status, products_tax_class_id, manufacturers_id, products_ordered) values ('249', '0', '66901', 'Proform_Crk_Turn_Sock_66901.jpg', '16.9900', '2005-02-22 13:11:26', '2005-03-20 11:17:20', NULL, '0.75', '1', '0', '61', '0');
insert into products (products_id, products_quantity, products_model, products_image, products_price, products_date_added, products_last_modified, products_date_available, products_weight, products_status, products_tax_class_id, manufacturers_id, products_ordered) values ('250', '0', '66900', 'Proform_Crk_turn_Sock_66900.jpg', '17.9900', '2005-02-22 13:14:19', '2005-03-20 11:15:34', NULL, '0.75', '1', '0', '61', '0');
insert into products (products_id, products_quantity, products_model, products_image, products_price, products_date_added, products_last_modified, products_date_available, products_weight, products_status, products_tax_class_id, manufacturers_id, products_ordered) values ('252', '0', '3795G', 'Mr.jpg', '14.9900', '2005-02-22 13:20:46', '2005-03-29 11:51:25', NULL, '0.95', '0', '0', '1', '0');
insert into products (products_id, products_quantity, products_model, products_image, products_price, products_date_added, products_last_modified, products_date_available, products_weight, products_status, products_tax_class_id, manufacturers_id, products_ordered) values ('253', '0', '62190', 'Moroso_Degree_Wheel.jpg', '37.9900', '2005-02-22 13:40:41', '2005-03-20 11:19:10', NULL, '2.00', '1', '0', '4', '0');
insert into products (products_id, products_quantity, products_model, products_image, products_price, products_date_added, products_last_modified, products_date_available, products_weight, products_status, products_tax_class_id, manufacturers_id, products_ordered) values ('254', '0', '1570', 'Mr_Gasket_Degree_Wheel.jpg', '29.9900', '2005-02-22 13:44:44', '2005-03-20 11:22:36', NULL, '0.75', '1', '0', '1', '0');
insert into products (products_id, products_quantity, products_model, products_image, products_price, products_date_added, products_last_modified, products_date_available, products_weight, products_status, products_tax_class_id, manufacturers_id, products_ordered) values ('255', '0', '41011', 'B.E._Balancer_Tool', '22.9900', '2005-02-22 13:53:07', '2005-03-29 10:42:43', NULL, '1.50', '1', '0', '54', '0');
insert into products (products_id, products_quantity, products_model, products_image, products_price, products_date_added, products_last_modified, products_date_available, products_weight, products_status, products_tax_class_id, manufacturers_id, products_ordered) values ('256', '0', 'cmc', 'Basset_Mud_cover_cmc.jpg', '55.9900', '2005-02-22 14:04:33', '2005-03-27 07:47:57', NULL, '7.20', '1', '0', '68', '0');
insert into products (products_id, products_quantity, products_model, products_image, products_price, products_date_added, products_last_modified, products_date_available, products_weight, products_status, products_tax_class_id, manufacturers_id, products_ordered) values ('343', '0', '1304', 'WILWOOD CLUTCH M.C.jpg', '44.9900', '2005-03-15 10:19:50', '2005-03-15 10:20:51', NULL, '1.30', '1', '0', '15', '0');
insert into products (products_id, products_quantity, products_model, products_image, products_price, products_date_added, products_last_modified, products_date_available, products_weight, products_status, products_tax_class_id, manufacturers_id, products_ordered) values ('257', '0', '35111K', 'Weight_Jack_Kit.jpg', '29.9900', '2005-02-28 10:35:24', '2005-03-21 17:24:52', NULL, '4.85', '1', '0', '0', '0');
insert into products (products_id, products_quantity, products_model, products_image, products_price, products_date_added, products_last_modified, products_date_available, products_weight, products_status, products_tax_class_id, manufacturers_id, products_ordered) values ('258', '0', '35108K', 'Weight_Jack_Kit.jpg', '28.9900', '2005-02-28 10:36:32', '2005-03-21 17:28:12', NULL, '4.35', '1', '0', '0', '0');
insert into products (products_id, products_quantity, products_model, products_image, products_price, products_date_added, products_last_modified, products_date_available, products_weight, products_status, products_tax_class_id, manufacturers_id, products_ordered) values ('259', '0', '351102', 'Weight_Jack_Bolt_8.jpg', '10.9900', '2005-02-28 10:40:07', '2005-11-23 08:06:42', NULL, '1.20', '1', '0', '0', '0');
insert into products (products_id, products_quantity, products_model, products_image, products_price, products_date_added, products_last_modified, products_date_available, products_weight, products_status, products_tax_class_id, manufacturers_id, products_ordered) values ('260', '0', '12.99', 'Weight_Jack_Bolt_11.jpg', '12.9900', '2005-02-28 10:41:55', '2005-11-23 08:06:03', NULL, '1.70', '1', '0', '0', '0');
insert into products (products_id, products_quantity, products_model, products_image, products_price, products_date_added, products_last_modified, products_date_available, products_weight, products_status, products_tax_class_id, manufacturers_id, products_ordered) values ('261', '0', '351111', 'Weight_Jack_Spring_Cup_LW.jpg', '10.9900', '2005-02-28 10:44:25', '2005-03-21 17:18:36', NULL, '1.30', '1', '0', '0', '0');
insert into products (products_id, products_quantity, products_model, products_image, products_price, products_date_added, products_last_modified, products_date_available, products_weight, products_status, products_tax_class_id, manufacturers_id, products_ordered) values ('262', '0', '77301A', 'Weight_Jack_Plate_W_Nut.jpg', '9.9900', '2005-02-28 10:47:04', '2005-03-21 17:21:04', NULL, '1.45', '1', '0', '0', '0');
insert into products (products_id, products_quantity, products_model, products_image, products_price, products_date_added, products_last_modified, products_date_available, products_weight, products_status, products_tax_class_id, manufacturers_id, products_ordered) values ('263', '0', '353325', 'Shock_Mount_Weld_On.jpg', '5.9900', '2005-02-28 11:06:58', '2005-03-04 11:14:10', NULL, '0.70', '1', '0', '0', '0');
insert into products (products_id, products_quantity, products_model, products_image, products_price, products_date_added, products_last_modified, products_date_available, products_weight, products_status, products_tax_class_id, manufacturers_id, products_ordered) values ('264', '0', '353321', 'Shock_Mount_Clamp__On.jpg', '11.9900', '2005-02-28 11:12:59', '2005-03-04 11:12:41', NULL, '1.45', '1', '0', '0', '0');
insert into products (products_id, products_quantity, products_model, products_image, products_price, products_date_added, products_last_modified, products_date_available, products_weight, products_status, products_tax_class_id, manufacturers_id, products_ordered) values ('265', '0', '353322', 'Shock_Mount_Clamp__On.jpg', '11.9900', '2005-02-28 11:16:21', '2005-03-04 11:11:47', NULL, '01.45', '1', '0', '0', '0');
insert into products (products_id, products_quantity, products_model, products_image, products_price, products_date_added, products_last_modified, products_date_available, products_weight, products_status, products_tax_class_id, manufacturers_id, products_ordered) values ('266', '0', '353323', 'Shock_Mount_Clamp__On.jpg', '11.9900', '2005-02-28 11:18:15', '2005-03-04 11:13:25', NULL, '1.70', '1', '0', '0', '0');
insert into products (products_id, products_quantity, products_model, products_image, products_price, products_date_added, products_last_modified, products_date_available, products_weight, products_status, products_tax_class_id, manufacturers_id, products_ordered) values ('267', '0', '010114', 'Weight_Bracket_Round.jpg', '11.9900', '2005-02-28 11:26:04', '2005-03-21 16:53:11', NULL, '0.70', '1', '0', '0', '0');
insert into products (products_id, products_quantity, products_model, products_image, products_price, products_date_added, products_last_modified, products_date_available, products_weight, products_status, products_tax_class_id, manufacturers_id, products_ordered) values ('268', '0', '010112', 'Weight_Bracket_Round.jpg', '11.9900', '2005-02-28 11:27:51', '2005-03-21 16:50:06', NULL, '0.70', '1', '0', '0', '0');
insert into products (products_id, products_quantity, products_model, products_image, products_price, products_date_added, products_last_modified, products_date_available, products_weight, products_status, products_tax_class_id, manufacturers_id, products_ordered) values ('269', '0', '010134', 'Weight_Bracket_Round.jpg', '11.9900', '2005-02-28 11:28:52', '2005-03-21 16:52:38', NULL, '0.70', '1', '0', '0', '0');
insert into products (products_id, products_quantity, products_model, products_image, products_price, products_date_added, products_last_modified, products_date_available, products_weight, products_status, products_tax_class_id, manufacturers_id, products_ordered) values ('270', '0', '01022', 'Weight_Bracket_Sqaure.jpg', '11.9900', '2005-02-28 11:31:05', '2005-11-23 08:03:36', NULL, '0.70', '1', '0', '0', '0');
insert into products (products_id, products_quantity, products_model, products_image, products_price, products_date_added, products_last_modified, products_date_available, products_weight, products_status, products_tax_class_id, manufacturers_id, products_ordered) values ('271', '0', 'BS1225', 'Valve_Cover_Breather_Unshielded.jpg', '9.9900', '2005-02-28 11:53:45', '2005-03-13 09:01:38', NULL, '0.70', '1', '0', '0', '0');
insert into products (products_id, products_quantity, products_model, products_image, products_price, products_date_added, products_last_modified, products_date_available, products_weight, products_status, products_tax_class_id, manufacturers_id, products_ordered) values ('272', '0', 'BS1325', 'Valve_Cover_Breather_Shielded.jpg', '10.9900', '2005-02-28 11:56:18', '2005-03-13 09:00:39', NULL, '0.70', '1', '0', '0', '0');
insert into products (products_id, products_quantity, products_model, products_image, products_price, products_date_added, products_last_modified, products_date_available, products_weight, products_status, products_tax_class_id, manufacturers_id, products_ordered) values ('273', '0', '7716X', 'Outerwears_Breather_Filters.jpg', '6.9900', '2005-02-28 12:00:49', '2005-03-13 09:17:54', NULL, '0.45', '1', '0', '0', '0');
insert into products (products_id, products_quantity, products_model, products_image, products_price, products_date_added, products_last_modified, products_date_available, products_weight, products_status, products_tax_class_id, manufacturers_id, products_ordered) values ('274', '0', '7717X', 'Outerwears_Breather_Filters.jpg', '6.9900', '2005-02-28 12:02:36', '2005-03-13 09:20:04', NULL, '0.45', '1', '0', '0', '0');
insert into products (products_id, products_quantity, products_model, products_image, products_price, products_date_added, products_last_modified, products_date_available, products_weight, products_status, products_tax_class_id, manufacturers_id, products_ordered) values ('275', '0', '', 'Swage_Tubes_3-4.jpg', '0.0000', '2005-02-28 12:34:05', '2005-03-21 18:20:05', NULL, '1.50', '1', '0', '0', '0');
insert into products (products_id, products_quantity, products_model, products_image, products_price, products_date_added, products_last_modified, products_date_available, products_weight, products_status, products_tax_class_id, manufacturers_id, products_ordered) values ('276', '0', '', 'Swage_Tube_5-8.jpg', '0.0000', '2005-02-28 12:37:26', '2005-03-21 18:21:49', NULL, '1.25', '1', '0', '0', '0');
insert into products (products_id, products_quantity, products_model, products_image, products_price, products_date_added, products_last_modified, products_date_available, products_weight, products_status, products_tax_class_id, manufacturers_id, products_ordered) values ('277', '0', '100-7101', 'ARP_RockerArm_Studs_716.jpg', '42.9900', '2005-02-28 13:35:42', '2005-03-13 08:23:18', NULL, '2.20', '1', '0', '38', '0');
insert into products (products_id, products_quantity, products_model, products_image, products_price, products_date_added, products_last_modified, products_date_available, products_weight, products_status, products_tax_class_id, manufacturers_id, products_ordered) values ('278', '0', '134-7104', 'ARP_RockerArm_Studs_38.jpg', '42.9900', '2005-02-28 13:36:55', '2005-03-13 08:21:32', NULL, '2.20', '1', '0', '38', '0');
insert into products (products_id, products_quantity, products_model, products_image, products_price, products_date_added, products_last_modified, products_date_available, products_weight, products_status, products_tax_class_id, manufacturers_id, products_ordered) values ('279', '-1', '5180', 'PBM_RockerArm_Studs_38.jpg', '29.9900', '2005-02-28 13:44:05', '2005-03-13 08:24:54', NULL, '2.20', '1', '0', '30', '1');
insert into products (products_id, products_quantity, products_model, products_image, products_price, products_date_added, products_last_modified, products_date_available, products_weight, products_status, products_tax_class_id, manufacturers_id, products_ordered) values ('280', '0', '2105', 'PBM_202_Valves.jpg', '7.9900', '2005-02-28 13:46:56', '2005-03-13 09:38:44', NULL, '0.60', '1', '0', '30', '0');
insert into products (products_id, products_quantity, products_model, products_image, products_price, products_date_added, products_last_modified, products_date_available, products_weight, products_status, products_tax_class_id, manufacturers_id, products_ordered) values ('281', '0', '2003', 'PBM_160_Valves.jpg', '7.9900', '2005-02-28 13:49:12', '2005-03-13 09:35:10', NULL, '0.70', '1', '0', '30', '0');
insert into products (products_id, products_quantity, products_model, products_image, products_price, products_date_added, products_last_modified, products_date_available, products_weight, products_status, products_tax_class_id, manufacturers_id, products_ordered) values ('282', '0', '402', 'PBM_ Stud_ Girdle.jpg', '118.9900', '2005-02-28 14:06:43', '2005-03-13 08:44:14', NULL, '7.20', '1', '0', '30', '0');
insert into products (products_id, products_quantity, products_model, products_image, products_price, products_date_added, products_last_modified, products_date_available, products_weight, products_status, products_tax_class_id, manufacturers_id, products_ordered) values ('283', '0', '401', 'PBM_ Stud_ Girdle.jpg', '118.9900', '2005-02-28 14:07:59', '2005-03-13 08:43:02', NULL, '7.20', '1', '0', '30', '0');
insert into products (products_id, products_quantity, products_model, products_image, products_price, products_date_added, products_last_modified, products_date_available, products_weight, products_status, products_tax_class_id, manufacturers_id, products_ordered) values ('284', '0', '4808-8', 'CompCams_GuidePlates.jpg', '21.9900', '2005-03-01 11:58:36', '2005-03-12 16:18:41', NULL, '1.20', '1', '0', '31', '0');
insert into products (products_id, products_quantity, products_model, products_image, products_price, products_date_added, products_last_modified, products_date_available, products_weight, products_status, products_tax_class_id, manufacturers_id, products_ordered) values ('285', '-1', '601', 'PBM_Flat_Guideplates.jpg', '19.9900', '2005-03-01 12:00:46', '2005-03-12 16:17:50', NULL, '1.20', '1', '0', '30', '1');
insert into products (products_id, products_quantity, products_model, products_image, products_price, products_date_added, products_last_modified, products_date_available, products_weight, products_status, products_tax_class_id, manufacturers_id, products_ordered) values ('286', '0', '600', 'PBM_Stepped_Guideplates.jpg', '19.9900', '2005-03-01 12:02:53', '2005-03-12 16:16:55', NULL, '1.50', '1', '0', '30', '0');
insert into products (products_id, products_quantity, products_model, products_image, products_price, products_date_added, products_last_modified, products_date_available, products_weight, products_status, products_tax_class_id, manufacturers_id, products_ordered) values ('287', '0', '034B2', 'Rod_Mount_034B2.jpg', '8.9900', '2005-03-01 12:09:55', '2005-11-22 11:58:56', NULL, '1.40', '1', '0', '0', '0');
insert into products (products_id, products_quantity, products_model, products_image, products_price, products_date_added, products_last_modified, products_date_available, products_weight, products_status, products_tax_class_id, manufacturers_id, products_ordered) values ('288', '0', '034A2', 'Rod_Mount_034B2.jpg', '8.9900', '2005-03-01 12:14:46', '2005-11-22 12:00:13', NULL, '0.95', '1', '0', '0', '0');
insert into products (products_id, products_quantity, products_model, products_image, products_price, products_date_added, products_last_modified, products_date_available, products_weight, products_status, products_tax_class_id, manufacturers_id, products_ordered) values ('289', '0', '035A', 'Rod_Mount_035A.jpg', '8.9900', '2005-03-01 12:18:05', '2005-11-22 12:01:53', NULL, '1.30', '1', '0', '0', '0');
insert into products (products_id, products_quantity, products_model, products_image, products_price, products_date_added, products_last_modified, products_date_available, products_weight, products_status, products_tax_class_id, manufacturers_id, products_ordered) values ('290', '0', '035B', 'Rod_Mount_035A.jpg', '10.9900', '2005-03-01 12:21:48', '2005-11-22 11:57:38', NULL, '0.95', '1', '0', '0', '0');
insert into products (products_id, products_quantity, products_model, products_image, products_price, products_date_added, products_last_modified, products_date_available, products_weight, products_status, products_tax_class_id, manufacturers_id, products_ordered) values ('291', '0', '20192', 'Afco_Coil_Spring_Spacer_20192.jpg', '17.9900', '2005-03-01 12:25:26', '2005-11-23 07:36:27', NULL, '2.60', '1', '0', '27', '0');
insert into products (products_id, products_quantity, products_model, products_image, products_price, products_date_added, products_last_modified, products_date_available, products_weight, products_status, products_tax_class_id, manufacturers_id, products_ordered) values ('292', '0', '99-0516', 'K&N_Filter_Oil.jpg', '7.9900', '2005-03-01 12:38:54', '2005-03-13 11:36:46', NULL, '1.30', '1', '0', '10', '0');
insert into products (products_id, products_quantity, products_model, products_image, products_price, products_date_added, products_last_modified, products_date_available, products_weight, products_status, products_tax_class_id, manufacturers_id, products_ordered) values ('293', '0', '99-0621', 'K&N_Filter_Cleaner.jpg', '8.9900', '2005-03-01 12:41:36', '2005-03-13 11:35:16', NULL, '2.60', '1', '0', '10', '0');
insert into products (products_id, products_quantity, products_model, products_image, products_price, products_date_added, products_last_modified, products_date_available, products_weight, products_status, products_tax_class_id, manufacturers_id, products_ordered) values ('294', '-2', '28100', 'BigEnd_Gusset.jpg', '0.3900', '2005-03-01 12:50:13', '2005-11-22 11:19:16', NULL, '0.25', '1', '0', '54', '2');
insert into products (products_id, products_quantity, products_model, products_image, products_price, products_date_added, products_last_modified, products_date_available, products_weight, products_status, products_tax_class_id, manufacturers_id, products_ordered) values ('295', '0', 'S-1010', 'Pioneer_Adjusting_Nuts.jpg', '26.9900', '2005-03-01 12:55:43', '2005-03-13 06:58:59', NULL, '1.40', '1', '0', '53', '0');
insert into products (products_id, products_quantity, products_model, products_image, products_price, products_date_added, products_last_modified, products_date_available, products_weight, products_status, products_tax_class_id, manufacturers_id, products_ordered) values ('296', '0', '1010B', 'Fel-Pro_Head_Gasket_10-10B.jpg', '32.9900', '2005-03-08 10:56:59', NULL, NULL, '0.00', '1', '0', '3', '0');
insert into products (products_id, products_quantity, products_model, products_image, products_price, products_date_added, products_last_modified, products_date_available, products_weight, products_status, products_tax_class_id, manufacturers_id, products_ordered) values ('297', '0', '1004', 'Fel-Pro_.jpg', '29.9900', '2005-03-08 10:58:12', '2005-03-12 15:59:28', NULL, '0.40', '1', '0', '3', '0');
insert into products (products_id, products_quantity, products_model, products_image, products_price, products_date_added, products_last_modified, products_date_available, products_weight, products_status, products_tax_class_id, manufacturers_id, products_ordered) values ('298', '0', '1034', 'Fel-Pro_Head_Gasket_10-10B.jpg', '33.9900', '2005-03-08 11:08:49', NULL, NULL, '0.40', '1', '0', '3', '0');
insert into products (products_id, products_quantity, products_model, products_image, products_price, products_date_added, products_last_modified, products_date_available, products_weight, products_status, products_tax_class_id, manufacturers_id, products_ordered) values ('299', '0', '1003', 'Fel-Pro_Head_Gasket_10-10B.jpg', '29.9900', '2005-03-08 11:13:08', '2005-03-12 15:57:32', NULL, '0.40', '1', '0', '0', '0');
insert into products (products_id, products_quantity, products_model, products_image, products_price, products_date_added, products_last_modified, products_date_available, products_weight, products_status, products_tax_class_id, manufacturers_id, products_ordered) values ('300', '0', '4050', 'Hypertech_Coil+_4050.jpg', '84.9900', '2005-03-10 10:30:26', '2005-03-19 21:08:27', NULL, '4.10', '1', '0', '62', '0');
insert into products (products_id, products_quantity, products_model, products_image, products_price, products_date_added, products_last_modified, products_date_available, products_weight, products_status, products_tax_class_id, manufacturers_id, products_ordered) values ('301', '0', '8010', 'MSD_HEI_ Rotor.jpg', '6.9900', '2005-03-10 10:35:20', '2005-03-19 20:56:36', NULL, '0.70', '1', '0', '16', '0');
insert into products (products_id, products_quantity, products_model, products_image, products_price, products_date_added, products_last_modified, products_date_available, products_weight, products_status, products_tax_class_id, manufacturers_id, products_ordered) values ('302', '0', '8467', 'MSD_Point_Rotor.jpg', '7.9900', '2005-03-10 10:37:06', '2005-03-19 21:04:21', NULL, '0.70', '1', '0', '16', '0');
insert into products (products_id, products_quantity, products_model, products_image, products_price, products_date_added, products_last_modified, products_date_available, products_weight, products_status, products_tax_class_id, manufacturers_id, products_ordered) values ('303', '0', '8411', 'MSD_HEI_Cap.jpg', '23.9900', '2005-03-10 10:38:36', '2005-03-19 20:54:41', NULL, '1.20', '1', '0', '16', '0');
insert into products (products_id, products_quantity, products_model, products_image, products_price, products_date_added, products_last_modified, products_date_available, products_weight, products_status, products_tax_class_id, manufacturers_id, products_ordered) values ('304', '0', '8433', 'MSD_Point_Cap.jpg', '26.9900', '2005-03-10 10:40:30', '2005-03-19 21:01:47', NULL, '1.20', '1', '0', '16', '0');
insert into products (products_id, products_quantity, products_model, products_image, products_price, products_date_added, products_last_modified, products_date_available, products_weight, products_status, products_tax_class_id, manufacturers_id, products_ordered) values ('305', '-2', 'S-327', 'Pioneer_Head_Bolts.jpg', '13.9900', '2005-03-10 10:46:50', '2005-03-12 16:45:47', NULL, '2.20', '1', '0', '53', '2');
insert into products (products_id, products_quantity, products_model, products_image, products_price, products_date_added, products_last_modified, products_date_available, products_weight, products_status, products_tax_class_id, manufacturers_id, products_ordered) values ('306', '0', '42171', 'Manley_Head_Bolts.jpg', '24.9900', '2005-03-10 10:52:06', '2005-08-12 08:05:08', NULL, '2.40', '0', '0', '63', '0');
insert into products (products_id, products_quantity, products_model, products_image, products_price, products_date_added, products_last_modified, products_date_available, products_weight, products_status, products_tax_class_id, manufacturers_id, products_ordered) values ('323', '0', 'SR202', 'Brake_Line_Kit.jpg', '44.9900', '2005-03-11 10:53:29', '2005-12-08 14:54:01', NULL, '0.60', '1', '0', '0', '0');
insert into products (products_id, products_quantity, products_model, products_image, products_price, products_date_added, products_last_modified, products_date_available, products_weight, products_status, products_tax_class_id, manufacturers_id, products_ordered) values ('308', '0', '190006', 'BG_2Barrel_Kit.jpg', '29.9900', '2005-03-10 11:11:31', '2005-03-13 15:26:23', NULL, '0.60', '1', '0', '36', '0');
insert into products (products_id, products_quantity, products_model, products_image, products_price, products_date_added, products_last_modified, products_date_available, products_weight, products_status, products_tax_class_id, manufacturers_id, products_ordered) values ('309', '0', '190007', 'BG_4Barrel_Kit.jpg', '64.9900', '2005-03-10 11:22:02', '2005-03-13 15:28:10', NULL, '0.70', '1', '0', '36', '0');
insert into products (products_id, products_quantity, products_model, products_image, products_price, products_date_added, products_last_modified, products_date_available, products_weight, products_status, products_tax_class_id, manufacturers_id, products_ordered) values ('310', '0', '190004', 'BG_4Barrel_Kit.jpg', '39.9900', '2005-03-10 11:28:05', '2005-03-13 15:31:04', NULL, '0.90', '1', '0', '36', '0');
insert into products (products_id, products_quantity, products_model, products_image, products_price, products_date_added, products_last_modified, products_date_available, products_weight, products_status, products_tax_class_id, manufacturers_id, products_ordered) values ('311', '0', '54', 'MR.jpg', '3.9900', '2005-03-10 11:32:43', '2005-03-21 18:38:40', NULL, '0.45', '1', '0', '1', '0');
insert into products (products_id, products_quantity, products_model, products_image, products_price, products_date_added, products_last_modified, products_date_available, products_weight, products_status, products_tax_class_id, manufacturers_id, products_ordered) values ('312', '0', '22010', 'Moroso_Oil_Restricter.jpg', '6.9900', '2005-03-10 11:40:12', '2005-03-12 17:48:41', NULL, '0.45', '1', '0', '4', '0');
insert into products (products_id, products_quantity, products_model, products_image, products_price, products_date_added, products_last_modified, products_date_available, products_weight, products_status, products_tax_class_id, manufacturers_id, products_ordered) values ('313', '0', '63440', 'Moroso_Water_Restrister.jpg', '6.9900', '2005-03-10 11:50:15', '2005-11-23 11:22:13', NULL, '0.25', '1', '0', '4', '0');
insert into products (products_id, products_quantity, products_model, products_image, products_price, products_date_added, products_last_modified, products_date_available, products_weight, products_status, products_tax_class_id, manufacturers_id, products_ordered) values ('314', '0', '1880', 'Fel-Pro_Oil_pan_Gasket.jpg', '34.9900', '2005-03-10 11:56:34', '2005-03-12 16:01:35', NULL, '1.50', '1', '0', '3', '0');
insert into products (products_id, products_quantity, products_model, products_image, products_price, products_date_added, products_last_modified, products_date_available, products_weight, products_status, products_tax_class_id, manufacturers_id, products_ordered) values ('315', '0', '25050', 'Moroso_Lifter_Valley_Baffel.jpg', '27.9900', '2005-03-10 12:12:18', '2005-03-12 17:21:09', NULL, '1.70', '1', '0', '4', '0');
insert into products (products_id, products_quantity, products_model, products_image, products_price, products_date_added, products_last_modified, products_date_available, products_weight, products_status, products_tax_class_id, manufacturers_id, products_ordered) values ('316', '0', 'FCV0620', 'Aeroquip_6_Hose.jpg', '3.9900', '2005-03-10 12:52:03', '2005-03-13 15:58:55', NULL, '0.00', '1', '0', '26', '0');
insert into products (products_id, products_quantity, products_model, products_image, products_price, products_date_added, products_last_modified, products_date_available, products_weight, products_status, products_tax_class_id, manufacturers_id, products_ordered) values ('317', '0', 'FCV0820', 'Aeroquip_8_Hose.jpg', '4.4900', '2005-03-10 12:53:52', '2005-03-13 16:01:19', NULL, '0.00', '1', '0', '0', '0');
insert into products (products_id, products_quantity, products_model, products_image, products_price, products_date_added, products_last_modified, products_date_available, products_weight, products_status, products_tax_class_id, manufacturers_id, products_ordered) values ('318', '0', 'FCV1020', 'Aeroquip_10_Hose.jpg', '4.9900', '2005-03-10 12:56:00', '2005-03-13 16:01:53', NULL, '0.00', '1', '0', '26', '0');
insert into products (products_id, products_quantity, products_model, products_image, products_price, products_date_added, products_last_modified, products_date_available, products_weight, products_status, products_tax_class_id, manufacturers_id, products_ordered) values ('319', '0', '0471', 'Wilwood_Vented_Rotor.jpg', '39.9900', '2005-03-10 13:08:15', '2005-12-09 11:03:09', NULL, '9.20', '1', '0', '15', '0');
insert into products (products_id, products_quantity, products_model, products_image, products_price, products_date_added, products_last_modified, products_date_available, products_weight, products_status, products_tax_class_id, manufacturers_id, products_ordered) values ('320', '-14', '', 'USHIELD NEW STYLE 2 PC SUIT.jpg', '94.9800', '2005-03-11 09:41:31', '2005-12-03 07:39:54', NULL, '8.00', '1', '0', '12', '15');
insert into products (products_id, products_quantity, products_model, products_image, products_price, products_date_added, products_last_modified, products_date_available, products_weight, products_status, products_tax_class_id, manufacturers_id, products_ordered) values ('321', '-1', '', 'Racer_Tape.jpg', '6.9900', '2005-03-11 10:20:01', '2005-03-20 13:36:30', NULL, '1.50', '1', '0', '0', '1');
insert into products (products_id, products_quantity, products_model, products_image, products_price, products_date_added, products_last_modified, products_date_available, products_weight, products_status, products_tax_class_id, manufacturers_id, products_ordered) values ('322', '0', '', 'RJS_Wrap_around.jpg', '71.9900', '2005-03-11 10:43:24', '2005-12-02 13:49:30', NULL, '7.40', '1', '0', '9', '0');
insert into products (products_id, products_quantity, products_model, products_image, products_price, products_date_added, products_last_modified, products_date_available, products_weight, products_status, products_tax_class_id, manufacturers_id, products_ordered) values ('324', '0', '72100', 'Inner_Axle_Seal.jpg', '34.9900', '2005-03-11 11:00:13', '2005-11-23 11:25:53', NULL, '0.60', '1', '0', '0', '0');
insert into products (products_id, products_quantity, products_model, products_image, products_price, products_date_added, products_last_modified, products_date_available, products_weight, products_status, products_tax_class_id, manufacturers_id, products_ordered) values ('325', '0', '', 'Ring_Pinion_633.jpg', '149.9900', '2005-03-11 11:16:06', NULL, NULL, '20.80', '1', '0', '0', '0');
insert into products (products_id, products_quantity, products_model, products_image, products_price, products_date_added, products_last_modified, products_date_available, products_weight, products_status, products_tax_class_id, manufacturers_id, products_ordered) values ('326', '0', 'F9028L', 'SPOOL_FULL.jpg', '119.9900', '2005-03-11 11:22:22', '2005-12-08 09:34:43', NULL, '8.20', '1', '0', '0', '0');
insert into products (products_id, products_quantity, products_model, products_image, products_price, products_date_added, products_last_modified, products_date_available, products_weight, products_status, products_tax_class_id, manufacturers_id, products_ordered) values ('327', '0', 'F9031L', 'SPOOL_FULL.jpg', '119.9900', '2005-03-11 11:24:32', '2005-12-08 09:35:19', NULL, '8.20', '1', '0', '0', '0');
insert into products (products_id, products_quantity, products_model, products_image, products_price, products_date_added, products_last_modified, products_date_available, products_weight, products_status, products_tax_class_id, manufacturers_id, products_ordered) values ('328', '0', '', 'Plastic_Zip_Ties.jpg', '9.9900', '2005-03-11 11:50:57', '2005-03-20 11:29:58', NULL, '0.70', '1', '0', '0', '0');
insert into products (products_id, products_quantity, products_model, products_image, products_price, products_date_added, products_last_modified, products_date_available, products_weight, products_status, products_tax_class_id, manufacturers_id, products_ordered) values ('329', '0', '52026', 'Pro_pro_52026_Un_Crossw.jpg', '169.9900', '2005-03-14 10:38:03', '2005-05-10 08:23:36', NULL, '18.60', '1', '0', '42', '0');
insert into products (products_id, products_quantity, products_model, products_image, products_price, products_date_added, products_last_modified, products_date_available, products_weight, products_status, products_tax_class_id, manufacturers_id, products_ordered) values ('330', '0', '52021', 'Pro_Prod_52021_UN_Ty.jpg', '119.9900', '2005-03-14 10:43:34', '2005-03-14 10:51:47', NULL, '18.60', '1', '0', '42', '0');
insert into products (products_id, products_quantity, products_model, products_image, products_price, products_date_added, products_last_modified, products_date_available, products_weight, products_status, products_tax_class_id, manufacturers_id, products_ordered) values ('331', '0', '52020', 'Pro_prod_52020_Pol_Ty.jpg', '159.9900', '2005-03-14 10:46:14', '2005-03-14 10:50:59', NULL, '17.50', '1', '0', '42', '0');
insert into products (products_id, products_quantity, products_model, products_image, products_price, products_date_added, products_last_modified, products_date_available, products_weight, products_status, products_tax_class_id, manufacturers_id, products_ordered) values ('332', '0', '52030', 'Pro_Prod_52030_Pol_Hurr.jpg', '189.9900', '2005-03-14 10:54:55', '2005-03-14 10:55:55', NULL, '19.30', '1', '0', '42', '0');
insert into products (products_id, products_quantity, products_model, products_image, products_price, products_date_added, products_last_modified, products_date_available, products_weight, products_status, products_tax_class_id, manufacturers_id, products_ordered) values ('333', '0', '52001', 'Pro_Prod_52001_Un_Cyc.jpg', '109.9900', '2005-03-14 11:01:49', '2005-03-14 11:03:46', NULL, '16.00', '1', '0', '42', '0');
insert into products (products_id, products_quantity, products_model, products_image, products_price, products_date_added, products_last_modified, products_date_available, products_weight, products_status, products_tax_class_id, manufacturers_id, products_ordered) values ('334', '0', '52000', 'Pro_Prod_52000_Pol_Cyc.jpg', '139.9900', '2005-03-14 11:03:22', NULL, NULL, '16.00', '1', '0', '42', '0');
insert into products (products_id, products_quantity, products_model, products_image, products_price, products_date_added, products_last_modified, products_date_available, products_weight, products_status, products_tax_class_id, manufacturers_id, products_ordered) values ('335', '0', '66SM', 'Pop_Rivets_Milled_Small.jpg', '9.0000', '2005-03-14 11:54:32', '2005-03-14 11:56:38', NULL, '2.30', '1', '0', '25', '0');
insert into products (products_id, products_quantity, products_model, products_image, products_price, products_date_added, products_last_modified, products_date_available, products_weight, products_status, products_tax_class_id, manufacturers_id, products_ordered) values ('336', '0', '1403', 'Air_Cleaner_Nuts.jpg', '14.9900', '2005-03-14 12:14:42', NULL, NULL, '0.40', '1', '0', '0', '0');
insert into products (products_id, products_quantity, products_model, products_image, products_price, products_date_added, products_last_modified, products_date_available, products_weight, products_status, products_tax_class_id, manufacturers_id, products_ordered) values ('337', '0', '77121', 'Outwears_For_AirCleaner.jpg', '14.9900', '2005-03-14 12:21:05', NULL, NULL, '0.30', '1', '0', '65', '0');
insert into products (products_id, products_quantity, products_model, products_image, products_price, products_date_added, products_last_modified, products_date_available, products_weight, products_status, products_tax_class_id, manufacturers_id, products_ordered) values ('338', '0', '010100', 'Hood_Pins_Colored.jpg', '10.9900', '2005-03-14 12:27:49', NULL, NULL, '0.70', '1', '0', '0', '0');
insert into products (products_id, products_quantity, products_model, products_image, products_price, products_date_added, products_last_modified, products_date_available, products_weight, products_status, products_tax_class_id, manufacturers_id, products_ordered) values ('339', '0', '', 'Offset_Air_CLeaner.jpg', '27.9900', '2005-03-14 12:35:03', '2005-03-14 12:45:35', NULL, '2.20', '1', '0', '0', '0');
insert into products (products_id, products_quantity, products_model, products_image, products_price, products_date_added, products_last_modified, products_date_available, products_weight, products_status, products_tax_class_id, manufacturers_id, products_ordered) values ('340', '0', '1152', 'Air Cleaner Hat.jpg', '8.9900', '2005-03-14 12:38:38', NULL, NULL, '0.70', '1', '0', '0', '0');
insert into products (products_id, products_quantity, products_model, products_image, products_price, products_date_added, products_last_modified, products_date_available, products_weight, products_status, products_tax_class_id, manufacturers_id, products_ordered) values ('341', '0', '516000', 'Offset_air_cleaner_stud.jpg', '4.9900', '2005-03-14 12:49:59', NULL, NULL, '0.45', '1', '0', '0', '0');
insert into products (products_id, products_quantity, products_model, products_image, products_price, products_date_added, products_last_modified, products_date_available, products_weight, products_status, products_tax_class_id, manufacturers_id, products_ordered) values ('342', '0', '7718', 'Rodchester_ Filter_Adapter.jpg', '15.9900', '2005-03-14 12:52:16', NULL, NULL, '0.60', '1', '0', '0', '0');
insert into products (products_id, products_quantity, products_model, products_image, products_price, products_date_added, products_last_modified, products_date_available, products_weight, products_status, products_tax_class_id, manufacturers_id, products_ordered) values ('344', '0', '1333', 'Wilwood_Clutch_Slave_Cyinder.jpg', '54.9900', '2005-03-15 10:37:15', '2005-11-23 12:36:14', NULL, '0.90', '1', '0', '15', '0');
insert into products (products_id, products_quantity, products_model, products_image, products_price, products_date_added, products_last_modified, products_date_available, products_weight, products_status, products_tax_class_id, manufacturers_id, products_ordered) values ('345', '0', '3063', 'ROCKER ARMS CRANE ALUMINEM.jpg', '229.9900', '2005-03-15 10:50:04', '2005-03-15 12:35:48', NULL, '6.60', '1', '0', '13', '0');
insert into products (products_id, products_quantity, products_model, products_image, products_price, products_date_added, products_last_modified, products_date_available, products_weight, products_status, products_tax_class_id, manufacturers_id, products_ordered) values ('346', '-1', '120.16', 'PBM_Stamped_Steel_Longslot_1.jpg', '99.9900', '2005-03-15 11:39:12', NULL, NULL, '6.10', '1', '0', '30', '1');
insert into products (products_id, products_quantity, products_model, products_image, products_price, products_date_added, products_last_modified, products_date_available, products_weight, products_status, products_tax_class_id, manufacturers_id, products_ordered) values ('347', '-1', '36-181', 'Holley_Jet_Kit.jpg', '44.9900', '2005-03-15 11:48:45', NULL, NULL, '1.30', '1', '0', '37', '1');
insert into products (products_id, products_quantity, products_model, products_image, products_price, products_date_added, products_last_modified, products_date_available, products_weight, products_status, products_tax_class_id, manufacturers_id, products_ordered) values ('348', '0', '2081', 'TransDapt_2Inch_Spacer.jpg', '20.9900', '2005-03-15 12:06:42', '2005-03-15 12:17:22', NULL, '2.20', '1', '0', '66', '0');
insert into products (products_id, products_quantity, products_model, products_image, products_price, products_date_added, products_last_modified, products_date_available, products_weight, products_status, products_tax_class_id, manufacturers_id, products_ordered) values ('349', '0', '2084', 'TransDapt_!_inch_Spacer.jpg', '29.9900', '2005-03-15 12:11:30', '2005-03-15 12:16:42', NULL, '2.00', '1', '0', '66', '0');
insert into products (products_id, products_quantity, products_model, products_image, products_price, products_date_added, products_last_modified, products_date_available, products_weight, products_status, products_tax_class_id, manufacturers_id, products_ordered) values ('350', '0', '64930', 'Moroso_!_inch_4Hole_Spaer.jpg', '34.9900', '2005-03-15 12:23:38', '2005-03-15 12:30:41', NULL, '1.70', '1', '0', '4', '0');
insert into products (products_id, products_quantity, products_model, products_image, products_price, products_date_added, products_last_modified, products_date_available, products_weight, products_status, products_tax_class_id, manufacturers_id, products_ordered) values ('351', '0', '64940', 'Moroso_1_inch_64930.jpg', '34.9900', '2005-03-15 12:30:14', NULL, NULL, '1.50', '1', '0', '4', '0');
insert into products (products_id, products_quantity, products_model, products_image, products_price, products_date_added, products_last_modified, products_date_available, products_weight, products_status, products_tax_class_id, manufacturers_id, products_ordered) values ('352', '0', '0-1850', 'Holley_0-1850_600', '279.9900', '2005-03-16 11:36:06', '2005-03-16 11:41:08', NULL, '14.40', '1', '0', '37', '0');
insert into products (products_id, products_quantity, products_model, products_image, products_price, products_date_added, products_last_modified, products_date_available, products_weight, products_status, products_tax_class_id, manufacturers_id, products_ordered) values ('353', '0', '0-80787-1', 'Holley_2Barrel_500CFM4412CT.jpg', '399.9900', '2005-03-16 11:40:17', NULL, NULL, '9.20', '1', '0', '37', '0');
insert into products (products_id, products_quantity, products_model, products_image, products_price, products_date_added, products_last_modified, products_date_available, products_weight, products_status, products_tax_class_id, manufacturers_id, products_ordered) values ('354', '0', '0-4412C', 'Holley_2Barrel_500CFM', '279.9900', '2005-03-16 11:45:17', NULL, NULL, '19.50', '1', '0', '37', '0');
insert into products (products_id, products_quantity, products_model, products_image, products_price, products_date_added, products_last_modified, products_date_available, products_weight, products_status, products_tax_class_id, manufacturers_id, products_ordered) values ('355', '0', '12-801-1', 'Holley_Electric_Fuel_Pump.jpg', '99.9900', '2005-03-16 11:53:15', NULL, NULL, '4.30', '1', '0', '37', '0');
insert into products (products_id, products_quantity, products_model, products_image, products_price, products_date_added, products_last_modified, products_date_available, products_weight, products_status, products_tax_class_id, manufacturers_id, products_ordered) values ('356', '0', '66789', 'Bigend_Push_Rod_checker.jpg', '13.9900', '2005-03-16 12:05:29', '2005-03-20 11:47:29', NULL, '0.45', '1', '0', '54', '0');
insert into products (products_id, products_quantity, products_model, products_image, products_price, products_date_added, products_last_modified, products_date_available, products_weight, products_status, products_tax_class_id, manufacturers_id, products_ordered) values ('357', '0', '41037', 'Bigend_Push_Rod_checker.jpg', '13.9900', '2005-03-16 12:07:28', '2005-03-20 13:28:00', NULL, '0.45', '1', '0', '54', '0');
insert into products (products_id, products_quantity, products_model, products_image, products_price, products_date_added, products_last_modified, products_date_available, products_weight, products_status, products_tax_class_id, manufacturers_id, products_ordered) values ('358', '0', '1601', 'PUSHRODS PBM 1600.jpg', '17.9600', '2005-03-16 12:13:23', NULL, NULL, '1.00', '1', '0', '0', '0');
insert into products (products_id, products_quantity, products_model, products_image, products_price, products_date_added, products_last_modified, products_date_available, products_weight, products_status, products_tax_class_id, manufacturers_id, products_ordered) values ('360', '0', '8364', 'MSD 8364.jpg', '84.9900', '2005-03-17 09:52:06', '2005-03-19 21:46:55', NULL, '0.40', '1', '0', '16', '0');
insert into products (products_id, products_quantity, products_model, products_image, products_price, products_date_added, products_last_modified, products_date_available, products_weight, products_status, products_tax_class_id, manufacturers_id, products_ordered) values ('361', '0', '8225', 'MSD 8225.jpg', '69.9900', '2005-03-17 09:54:40', '2005-03-19 21:20:09', NULL, '2.00', '1', '0', '16', '0');
insert into products (products_id, products_quantity, products_model, products_image, products_price, products_date_added, products_last_modified, products_date_available, products_weight, products_status, products_tax_class_id, manufacturers_id, products_ordered) values ('362', '0', '23027', 'Nomex Socks.jpg', '19.9900', '2005-03-17 11:22:12', '2005-03-20 08:39:54', NULL, '0.30', '1', '0', '0', '0');
insert into products (products_id, products_quantity, products_model, products_image, products_price, products_date_added, products_last_modified, products_date_available, products_weight, products_status, products_tax_class_id, manufacturers_id, products_ordered) values ('363', '0', '189-5013', 'Pilot_ Bushing_813_Xlong.jpg', '15.9900', '2005-03-17 11:27:48', '2005-12-08 14:51:08', NULL, '0.45', '1', '0', '0', '0');
insert into products (products_id, products_quantity, products_model, products_image, products_price, products_date_added, products_last_modified, products_date_available, products_weight, products_status, products_tax_class_id, manufacturers_id, products_ordered) values ('364', '-4', 'IS-55E', 'Melling_Oil_Pump_HD.jpg', '7.9900', '2005-03-17 11:31:34', '2005-03-17 11:31:57', NULL, '0.70', '1', '0', '7', '4');
insert into products (products_id, products_quantity, products_model, products_image, products_price, products_date_added, products_last_modified, products_date_available, products_weight, products_status, products_tax_class_id, manufacturers_id, products_ordered) values ('365', '0', 'T45', 'Racing_CAP_29-31.jpg', '11.9900', '2005-03-17 11:34:57', '2005-11-23 09:21:46', NULL, '0.85', '1', '0', '0', '0');
insert into products (products_id, products_quantity, products_model, products_image, products_price, products_date_added, products_last_modified, products_date_available, products_weight, products_status, products_tax_class_id, manufacturers_id, products_ordered) values ('366', '0', 'T22', 'Racing_Cap_22-24.jpg', '9.9900', '2005-03-17 11:35:47', '2005-11-23 09:21:26', NULL, '0.85', '1', '0', '0', '0');
insert into products (products_id, products_quantity, products_model, products_image, products_price, products_date_added, products_last_modified, products_date_available, products_weight, products_status, products_tax_class_id, manufacturers_id, products_ordered) values ('367', '0', '97857', 'Moroso_Module_97857.jpg', '39.9900', '2005-03-17 11:40:24', '2005-03-19 21:43:13', NULL, '0.45', '1', '0', '4', '0');
insert into products (products_id, products_quantity, products_model, products_image, products_price, products_date_added, products_last_modified, products_date_available, products_weight, products_status, products_tax_class_id, manufacturers_id, products_ordered) values ('368', '0', '99168-1', 'Crane_Locking_Plate.jpg', '4.9900', '2005-03-17 11:46:51', NULL, NULL, '0.45', '1', '0', '13', '0');
insert into products (products_id, products_quantity, products_model, products_image, products_price, products_date_added, products_last_modified, products_date_available, products_weight, products_status, products_tax_class_id, manufacturers_id, products_ordered) values ('369', '0', '55434', 'Wheel_Adapter_55434.jpg', '69.9900', '2005-03-17 11:52:12', '2005-12-09 11:51:52', NULL, '4.70', '1', '0', '0', '0');
insert into products (products_id, products_quantity, products_model, products_image, products_price, products_date_added, products_last_modified, products_date_available, products_weight, products_status, products_tax_class_id, manufacturers_id, products_ordered) values ('370', '0', 'RDS55074', 'Fel-Pro_9inch_Ford_55074.jpg', '3.9900', '2005-03-17 12:05:17', '2005-11-23 12:51:29', NULL, '0.45', '1', '0', '3', '0');
insert into products (products_id, products_quantity, products_model, products_image, products_price, products_date_added, products_last_modified, products_date_available, products_weight, products_status, products_tax_class_id, manufacturers_id, products_ordered) values ('371', '0', '2302', 'Fel-Pro_9inch_Gasket_2302.jpg', '14.5000', '2005-03-17 12:09:42', '2005-11-23 12:59:48', NULL, '0.60', '1', '0', '3', '0');
insert into products (products_id, products_quantity, products_model, products_image, products_price, products_date_added, products_last_modified, products_date_available, products_weight, products_status, products_tax_class_id, manufacturers_id, products_ordered) values ('372', '0', '5602', 'Round_Head_Fast_Wsprings.jpg', '20.9900', '2005-03-17 12:17:54', NULL, NULL, '0.30', '1', '0', '0', '0');
insert into products (products_id, products_quantity, products_model, products_image, products_price, products_date_added, products_last_modified, products_date_available, products_weight, products_status, products_tax_class_id, manufacturers_id, products_ordered) values ('373', '0', '5601', 'Self_Eject_Fast_Wsprings.jpg', '26.9900', '2005-03-17 12:21:38', NULL, NULL, '0.30', '1', '0', '0', '0');
insert into products (products_id, products_quantity, products_model, products_image, products_price, products_date_added, products_last_modified, products_date_available, products_weight, products_status, products_tax_class_id, manufacturers_id, products_ordered) values ('374', '-2', '5538', 'Fastners_Dzus.jpg', '4.9900', '2005-03-17 12:23:52', NULL, NULL, '0.30', '1', '0', '0', '2');
insert into products (products_id, products_quantity, products_model, products_image, products_price, products_date_added, products_last_modified, products_date_available, products_weight, products_status, products_tax_class_id, manufacturers_id, products_ordered) values ('375', '0', '5525', 'Fastners_Springs.jpg', '9.9900', '2005-03-17 12:25:17', NULL, NULL, '0.30', '1', '0', '0', '0');
insert into products (products_id, products_quantity, products_model, products_image, products_price, products_date_added, products_last_modified, products_date_available, products_weight, products_status, products_tax_class_id, manufacturers_id, products_ordered) values ('376', '-1', '99164-1', 'Crane_Cam_ Button.jpg', '11.9900', '2005-03-17 12:54:03', '2005-10-01 07:39:18', NULL, '0.45', '1', '0', '13', '1');
insert into products (products_id, products_quantity, products_model, products_image, products_price, products_date_added, products_last_modified, products_date_available, products_weight, products_status, products_tax_class_id, manufacturers_id, products_ordered) values ('377', '0', '1204', 'Fel-Pro_1204.jpg', '16.9900', '2005-03-18 09:10:45', '2005-03-18 09:38:40', NULL, '0.40', '1', '0', '3', '0');
insert into products (products_id, products_quantity, products_model, products_image, products_price, products_date_added, products_last_modified, products_date_available, products_weight, products_status, products_tax_class_id, manufacturers_id, products_ordered) values ('378', '0', '1205', 'Fel-Pro_1205.jpg', '17.9900', '2005-03-18 09:15:43', '2005-03-18 09:40:31', NULL, '0.40', '1', '0', '3', '0');
insert into products (products_id, products_quantity, products_model, products_image, products_price, products_date_added, products_last_modified, products_date_available, products_weight, products_status, products_tax_class_id, manufacturers_id, products_ordered) values ('379', '0', '1206', 'Fel-Pro_1206.jpg', '17.9900', '2005-03-18 09:20:17', '2005-03-18 09:21:27', NULL, '0.40', '1', '0', '3', '0');
insert into products (products_id, products_quantity, products_model, products_image, products_price, products_date_added, products_last_modified, products_date_available, products_weight, products_status, products_tax_class_id, manufacturers_id, products_ordered) values ('380', '0', '1207', 'Fel-Pro_1207.jpg', '17.9900', '2005-03-18 09:26:44', NULL, NULL, '0.40', '1', '0', '3', '0');
insert into products (products_id, products_quantity, products_model, products_image, products_price, products_date_added, products_last_modified, products_date_available, products_weight, products_status, products_tax_class_id, manufacturers_id, products_ordered) values ('381', '0', '4160', 'Holley_4160_1850S.jpg', '279.9900', '2005-03-18 09:32:02', '2005-03-18 09:33:38', NULL, '14.20', '1', '0', '37', '0');
insert into products (products_id, products_quantity, products_model, products_image, products_price, products_date_added, products_last_modified, products_date_available, products_weight, products_status, products_tax_class_id, manufacturers_id, products_ordered) values ('382', '0', '1404', 'Fel-Pro_1404.jpg', '16.9900', '2005-03-18 10:00:57', '2005-03-18 10:01:47', NULL, '0.40', '1', '0', '3', '0');
insert into products (products_id, products_quantity, products_model, products_image, products_price, products_date_added, products_last_modified, products_date_available, products_weight, products_status, products_tax_class_id, manufacturers_id, products_ordered) values ('383', '0', '1405', 'Fel-Pro_1405.jpg', '16.9900', '2005-03-18 10:03:17', '2005-03-18 10:04:43', NULL, '0.40', '1', '0', '3', '0');
insert into products (products_id, products_quantity, products_model, products_image, products_price, products_date_added, products_last_modified, products_date_available, products_weight, products_status, products_tax_class_id, manufacturers_id, products_ordered) values ('384', '0', '1603', 'Fel-Pro_1603.jpg', '12.9900', '2005-03-18 10:25:38', NULL, NULL, '0.60', '1', '0', '3', '0');
insert into products (products_id, products_quantity, products_model, products_image, products_price, products_date_added, products_last_modified, products_date_available, products_weight, products_status, products_tax_class_id, manufacturers_id, products_ordered) values ('385', '0', '1604', 'Fel-Pro_1604.jpg', '29.9900', '2005-03-18 10:30:14', NULL, NULL, '0.60', '1', '0', '3', '0');
insert into products (products_id, products_quantity, products_model, products_image, products_price, products_date_added, products_last_modified, products_date_available, products_weight, products_status, products_tax_class_id, manufacturers_id, products_ordered) values ('386', '0', '175', 'Mr-Gasket_175.jpg', '8.9900', '2005-03-18 10:34:26', NULL, NULL, '0.60', '1', '0', '1', '0');
insert into products (products_id, products_quantity, products_model, products_image, products_price, products_date_added, products_last_modified, products_date_available, products_weight, products_status, products_tax_class_id, manufacturers_id, products_ordered) values ('387', '0', '179', 'Mr-Gasket_179.jpg', '14.9900', '2005-03-18 10:37:18', NULL, NULL, '0.60', '1', '0', '1', '0');
insert into products (products_id, products_quantity, products_model, products_image, products_price, products_date_added, products_last_modified, products_date_available, products_weight, products_status, products_tax_class_id, manufacturers_id, products_ordered) values ('391', '0', 'E-1650', 'K&N_E-1650.jpg', '44.9900', '2005-03-21 10:05:56', '2005-03-22 09:19:23', NULL, '3.00', '1', '0', '10', '0');
insert into products (products_id, products_quantity, products_model, products_image, products_price, products_date_added, products_last_modified, products_date_available, products_weight, products_status, products_tax_class_id, manufacturers_id, products_ordered) values ('390', '0', 'E-3750', 'K&N_E-3750.jpg', '54.9900', '2005-03-21 10:03:12', '2005-03-22 09:20:04', NULL, '3.90', '1', '0', '10', '0');
insert into products (products_id, products_quantity, products_model, products_image, products_price, products_date_added, products_last_modified, products_date_available, products_weight, products_status, products_tax_class_id, manufacturers_id, products_ordered) values ('392', '0', '1005', 'RJS_Black_Super_Bag.jpg', '29.9900', '2005-03-21 10:12:27', '2005-03-27 07:33:28', NULL, '1.30', '0', '0', '9', '0');
insert into products (products_id, products_quantity, products_model, products_image, products_price, products_date_added, products_last_modified, products_date_available, products_weight, products_status, products_tax_class_id, manufacturers_id, products_ordered) values ('393', '-2', '', 'Ultrashield_New_Jackets', '49.9900', '2005-03-22 09:38:26', '2005-12-03 07:30:44', NULL, '5.00', '1', '0', '12', '2');
insert into products (products_id, products_quantity, products_model, products_image, products_price, products_date_added, products_last_modified, products_date_available, products_weight, products_status, products_tax_class_id, manufacturers_id, products_ordered) values ('394', '0', '270012', 'Jaz_12_Gallon_Cell.jpg', '159.0000', '2005-03-23 13:54:39', NULL, NULL, '24.90', '1', '0', '51', '0');
insert into products (products_id, products_quantity, products_model, products_image, products_price, products_date_added, products_last_modified, products_date_available, products_weight, products_status, products_tax_class_id, manufacturers_id, products_ordered) values ('395', '0', '270016', 'Jaz_16_Gallon_Cell.jpg', '189.0000', '2005-03-23 13:56:14', '2005-03-23 13:58:06', NULL, '33.10', '1', '0', '51', '0');
insert into products (products_id, products_quantity, products_model, products_image, products_price, products_date_added, products_last_modified, products_date_available, products_weight, products_status, products_tax_class_id, manufacturers_id, products_ordered) values ('396', '0', '993', '76CC_993_2.jpg', '399.0000', '2005-03-29 11:53:09', '2005-10-15 09:40:40', NULL, '110.00', '0', '0', '0', '0');
insert into products (products_id, products_quantity, products_model, products_image, products_price, products_date_added, products_last_modified, products_date_available, products_weight, products_status, products_tax_class_id, manufacturers_id, products_ordered) values ('397', '0', '1040', 'Kluhsman_Throttle_Rod_Kit.jpg', '59.9900', '2005-03-29 12:20:38', NULL, NULL, '1.00', '1', '0', '0', '0');
insert into products (products_id, products_quantity, products_model, products_image, products_price, products_date_added, products_last_modified, products_date_available, products_weight, products_status, products_tax_class_id, manufacturers_id, products_ordered) values ('398', '0', '1457', 'Chassis_Mount_Clip.jpg', '0.9900', '2005-03-29 12:48:47', '2005-11-23 11:45:27', NULL, '0.30', '1', '0', '0', '0');
insert into products (products_id, products_quantity, products_model, products_image, products_price, products_date_added, products_last_modified, products_date_available, products_weight, products_status, products_tax_class_id, manufacturers_id, products_ordered) values ('399', '0', '28114-1', 'Chassis_Mount_Bracket', '1.5000', '2005-03-29 12:50:24', '2005-11-23 11:47:12', NULL, '0.30', '1', '0', '0', '0');
insert into products (products_id, products_quantity, products_model, products_image, products_price, products_date_added, products_last_modified, products_date_available, products_weight, products_status, products_tax_class_id, manufacturers_id, products_ordered) values ('400', '0', '2937', '3-16_line_to_4_Chassis_Mount.jpg', '4.9900', '2005-03-29 12:53:15', '2005-11-23 11:54:25', NULL, '0.40', '1', '0', '0', '0');
insert into products (products_id, products_quantity, products_model, products_image, products_price, products_date_added, products_last_modified, products_date_available, products_weight, products_status, products_tax_class_id, manufacturers_id, products_ordered) values ('401', '0', '1442', 'AQP_6_Fe_90_3-8.jpg', '9.9900', '2005-03-30 10:49:47', NULL, NULL, '0.50', '1', '0', '26', '0');
insert into products (products_id, products_quantity, products_model, products_image, products_price, products_date_added, products_last_modified, products_date_available, products_weight, products_status, products_tax_class_id, manufacturers_id, products_ordered) values ('402', '0', '1443', 'AQP_8_Fe_90_1-2.jpg', '12.9900', '2005-03-30 10:51:23', NULL, NULL, '0.50', '1', '0', '0', '0');
insert into products (products_id, products_quantity, products_model, products_image, products_price, products_date_added, products_last_modified, products_date_available, products_weight, products_status, products_tax_class_id, manufacturers_id, products_ordered) values ('403', '0', '1090F', 'AQP_10_Fe_90_5-8.jpg', '19.9900', '2005-03-30 10:53:14', NULL, NULL, '0.70', '1', '0', '26', '0');
insert into products (products_id, products_quantity, products_model, products_image, products_price, products_date_added, products_last_modified, products_date_available, products_weight, products_status, products_tax_class_id, manufacturers_id, products_ordered) values ('404', '0', '2611', '90_1-8_pipe_to_4_90_long.jpg', '6.9900', '2005-03-30 10:57:11', '2005-03-31 10:55:54', NULL, '0.40', '1', '0', '0', '0');
insert into products (products_id, products_quantity, products_model, products_image, products_price, products_date_added, products_last_modified, products_date_available, products_weight, products_status, products_tax_class_id, manufacturers_id, products_ordered) values ('405', '0', '2721', '1-8_male_pipe_to_4_Male_Str.jpg', '2.6000', '2005-03-30 11:01:30', '2005-03-30 11:31:08', NULL, '0.40', '1', '0', '0', '0');
insert into products (products_id, products_quantity, products_model, products_image, products_price, products_date_added, products_last_modified, products_date_available, products_weight, products_status, products_tax_class_id, manufacturers_id, products_ordered) values ('406', '0', '2512', '1-8_male_pipe_to_4_Male_Str.jpg', '2.4000', '2005-03-30 11:03:34', '2005-03-30 11:30:48', NULL, '0.30', '1', '0', '0', '0');
insert into products (products_id, products_quantity, products_model, products_image, products_price, products_date_added, products_last_modified, products_date_available, products_weight, products_status, products_tax_class_id, manufacturers_id, products_ordered) values ('407', '0', '1222', '-6_Fe_to_3-8_Barb', '3.9900', '2005-03-30 11:35:08', '2005-03-30 11:35:27', NULL, '0.40', '1', '0', '0', '0');
insert into products (products_id, products_quantity, products_model, products_image, products_price, products_date_added, products_last_modified, products_date_available, products_weight, products_status, products_tax_class_id, manufacturers_id, products_ordered) values ('408', '0', '1232', '-8_Fe_to_3-8_Barb.jpg', '4.9900', '2005-03-30 11:38:25', NULL, NULL, '0.30', '1', '0', '0', '0');
insert into products (products_id, products_quantity, products_model, products_image, products_price, products_date_added, products_last_modified, products_date_available, products_weight, products_status, products_tax_class_id, manufacturers_id, products_ordered) values ('409', '0', '1333', '-8_Fe_to_1-2_Barb.jpg', '4.9900', '2005-03-30 11:40:03', NULL, NULL, '0.40', '1', '0', '0', '0');
insert into products (products_id, products_quantity, products_model, products_image, products_price, products_date_added, products_last_modified, products_date_available, products_weight, products_status, products_tax_class_id, manufacturers_id, products_ordered) values ('410', '0', '108B', '-10_Fe_to_1-2_Barb.jpg', '6.9900', '2005-03-30 11:41:27', '2005-03-30 11:42:05', NULL, '0.50', '1', '0', '0', '0');
insert into products (products_id, products_quantity, products_model, products_image, products_price, products_date_added, products_last_modified, products_date_available, products_weight, products_status, products_tax_class_id, manufacturers_id, products_ordered) values ('411', '0', '1234', '-10_Fe_to_5-8_Barb.jpg', '6.9900', '2005-03-30 11:43:26', NULL, NULL, '0.60', '1', '0', '0', '0');
insert into products (products_id, products_quantity, products_model, products_image, products_price, products_date_added, products_last_modified, products_date_available, products_weight, products_status, products_tax_class_id, manufacturers_id, products_ordered) values ('412', '0', '6460', '1-4_pipe_to_3-8_hose.jpg', '2.2500', '2005-03-30 12:04:54', '2005-03-31 10:54:52', NULL, '0.30', '1', '0', '0', '0');
insert into products (products_id, products_quantity, products_model, products_image, products_price, products_date_added, products_last_modified, products_date_available, products_weight, products_status, products_tax_class_id, manufacturers_id, products_ordered) values ('413', '0', '1202', '3-8_pipe_to_3-8_Hose.jpg', '3.2500', '2005-03-30 12:07:54', NULL, NULL, '0.40', '1', '0', '0', '0');
insert into products (products_id, products_quantity, products_model, products_image, products_price, products_date_added, products_last_modified, products_date_available, products_weight, products_status, products_tax_class_id, manufacturers_id, products_ordered) values ('414', '0', '1206', '3-8_Pipe_to_1-2_Hose.jpg', '3.5000', '2005-03-30 12:09:53', NULL, NULL, '0.40', '1', '0', '0', '0');
insert into products (products_id, products_quantity, products_model, products_image, products_price, products_date_added, products_last_modified, products_date_available, products_weight, products_status, products_tax_class_id, manufacturers_id, products_ordered) values ('415', '0', '1203', '1-2_Pipe_to_1-2_Hose.jpg', '4.9900', '2005-03-30 12:11:44', '2005-03-31 10:53:32', NULL, '0.50', '1', '0', '0', '0');
insert into products (products_id, products_quantity, products_model, products_image, products_price, products_date_added, products_last_modified, products_date_available, products_weight, products_status, products_tax_class_id, manufacturers_id, products_ordered) values ('416', '0', '2611', '1-8_M_Pipe_to_4_M_90.jpg', '3.9500', '2005-03-30 12:23:09', NULL, NULL, '0.30', '1', '0', '0', '0');
insert into products (products_id, products_quantity, products_model, products_image, products_price, products_date_added, products_last_modified, products_date_available, products_weight, products_status, products_tax_class_id, manufacturers_id, products_ordered) values ('417', '0', '2517', '1-4_M_Pipe_to_6_M_Str.jpg', '3.4800', '2005-03-31 10:01:52', '2005-03-31 10:53:59', NULL, '0.30', '1', '0', '0', '0');
insert into products (products_id, products_quantity, products_model, products_image, products_price, products_date_added, products_last_modified, products_date_available, products_weight, products_status, products_tax_class_id, manufacturers_id, products_ordered) values ('418', '0', '2518', '1-4  _M_Pipe_8_M_Str.jpg', '2.9900', '2005-03-31 10:04:23', '2005-03-31 10:54:26', NULL, '0.30', '1', '0', '0', '0');
insert into products (products_id, products_quantity, products_model, products_image, products_price, products_date_added, products_last_modified, products_date_available, products_weight, products_status, products_tax_class_id, manufacturers_id, products_ordered) values ('419', '0', '2521', '3-8_M_Pipe_6_M_Str.jpg', '2.5900', '2005-03-31 10:06:28', '2005-03-31 10:57:05', NULL, '0.30', '1', '0', '0', '0');
insert into products (products_id, products_quantity, products_model, products_image, products_price, products_date_added, products_last_modified, products_date_available, products_weight, products_status, products_tax_class_id, manufacturers_id, products_ordered) values ('420', '0', '2522', '3-8_M_Pipe_8_M_Str.jpg', '2522.0000', '2005-03-31 10:08:42', NULL, NULL, '0.30', '1', '0', '0', '0');
insert into products (products_id, products_quantity, products_model, products_image, products_price, products_date_added, products_last_modified, products_date_available, products_weight, products_status, products_tax_class_id, manufacturers_id, products_ordered) values ('421', '0', '2526', '1-2_M_Pipe_8_M_Str.jpg', '3.2900', '2005-03-31 10:10:18', '2005-03-31 10:53:01', NULL, '0.30', '1', '0', '0', '0');
insert into products (products_id, products_quantity, products_model, products_image, products_price, products_date_added, products_last_modified, products_date_available, products_weight, products_status, products_tax_class_id, manufacturers_id, products_ordered) values ('422', '0', '2527', '1-2_M_Pipe_10_M_Str.jpg', '3.9900', '2005-03-31 10:11:45', '2005-03-31 10:52:24', NULL, '3.99', '1', '0', '0', '0');
insert into products (products_id, products_quantity, products_model, products_image, products_price, products_date_added, products_last_modified, products_date_available, products_weight, products_status, products_tax_class_id, manufacturers_id, products_ordered) values ('423', '0', '2616', '1-4_M_Pipe_90_To_-6_M.jpg', '3.9900', '2005-03-31 10:35:39', '2005-03-31 10:43:25', NULL, '0.30', '1', '0', '0', '0');
insert into products (products_id, products_quantity, products_model, products_image, products_price, products_date_added, products_last_modified, products_date_available, products_weight, products_status, products_tax_class_id, manufacturers_id, products_ordered) values ('424', '0', '2617', '1-4_M_Pipe_90_To_-8_M_.jpg', '6.9900', '2005-03-31 10:39:43', '2005-03-31 10:44:02', NULL, '0.30', '1', '0', '0', '0');
insert into products (products_id, products_quantity, products_model, products_image, products_price, products_date_added, products_last_modified, products_date_available, products_weight, products_status, products_tax_class_id, manufacturers_id, products_ordered) values ('425', '0', '2621', '3-8_M_Pipe_90_To_-8_M.jpg', '4.9900', '2005-03-31 10:42:18', NULL, NULL, '0.30', '1', '0', '0', '0');
insert into products (products_id, products_quantity, products_model, products_image, products_price, products_date_added, products_last_modified, products_date_available, products_weight, products_status, products_tax_class_id, manufacturers_id, products_ordered) values ('426', '0', '2626', '1-2_M_Pipe_90_To_-8_M.jpg', '5.9900', '2005-03-31 10:48:31', '2005-03-31 10:51:36', NULL, '0.30', '1', '0', '0', '0');
insert into products (products_id, products_quantity, products_model, products_image, products_price, products_date_added, products_last_modified, products_date_available, products_weight, products_status, products_tax_class_id, manufacturers_id, products_ordered) values ('427', '0', '2627', '1-2_M_Pipe_90_To_-10_M.jpg', '5.9900', '2005-03-31 10:50:51', NULL, NULL, '0.30', '1', '0', '0', '0');
insert into products (products_id, products_quantity, products_model, products_image, products_price, products_date_added, products_last_modified, products_date_available, products_weight, products_status, products_tax_class_id, manufacturers_id, products_ordered) values ('428', '0', '3480', '-4_Cap.jpg', '0.9900', '2005-03-31 11:14:09', NULL, NULL, '0.20', '1', '0', '0', '0');
insert into products (products_id, products_quantity, products_model, products_image, products_price, products_date_added, products_last_modified, products_date_available, products_weight, products_status, products_tax_class_id, manufacturers_id, products_ordered) values ('429', '0', '3602', '-6_Cap.jpg', '1.4000', '2005-03-31 11:15:15', NULL, NULL, '0.20', '1', '0', '0', '0');
insert into products (products_id, products_quantity, products_model, products_image, products_price, products_date_added, products_last_modified, products_date_available, products_weight, products_status, products_tax_class_id, manufacturers_id, products_ordered) values ('430', '0', '3603', '-8_Cap.jpg', '1.5900', '2005-03-31 11:16:21', NULL, NULL, '0.20', '1', '0', '0', '0');
insert into products (products_id, products_quantity, products_model, products_image, products_price, products_date_added, products_last_modified, products_date_available, products_weight, products_status, products_tax_class_id, manufacturers_id, products_ordered) values ('431', '0', '3604', '-10_Cap.jpg', '2.5000', '2005-03-31 11:17:10', '2005-03-31 11:17:33', NULL, '0.20', '1', '0', '0', '0');
insert into products (products_id, products_quantity, products_model, products_image, products_price, products_date_added, products_last_modified, products_date_available, products_weight, products_status, products_tax_class_id, manufacturers_id, products_ordered) values ('432', '0', '1439', 'AQP_-6_To_3-8_45.jpg', '8.9500', '2005-03-31 11:32:45', NULL, NULL, '0.30', '1', '0', '26', '0');
insert into products (products_id, products_quantity, products_model, products_image, products_price, products_date_added, products_last_modified, products_date_available, products_weight, products_status, products_tax_class_id, manufacturers_id, products_ordered) values ('433', '0', '1440', 'AQP_-8_To_1-2_45.jpg', '9.4500', '2005-03-31 11:34:30', NULL, NULL, '0.40', '1', '0', '26', '0');
insert into products (products_id, products_quantity, products_model, products_image, products_price, products_date_added, products_last_modified, products_date_available, products_weight, products_status, products_tax_class_id, manufacturers_id, products_ordered) values ('434', '0', '04-04', '-4_Male_T.jpg', '4.9900', '2005-03-31 11:36:36', NULL, NULL, '0.30', '1', '0', '0', '0');
insert into products (products_id, products_quantity, products_model, products_image, products_price, products_date_added, products_last_modified, products_date_available, products_weight, products_status, products_tax_class_id, manufacturers_id, products_ordered) values ('435', '0', '06-06', '-6_Male_T.jpg', '5.9900', '2005-03-31 11:37:58', NULL, NULL, '0.30', '1', '0', '0', '0');
insert into products (products_id, products_quantity, products_model, products_image, products_price, products_date_added, products_last_modified, products_date_available, products_weight, products_status, products_tax_class_id, manufacturers_id, products_ordered) values ('436', '0', '20189', 'Swivler_Weight_Jack.jpg', '39.9900', '2005-04-01 11:04:11', NULL, NULL, '3.10', '1', '0', '27', '0');
insert into products (products_id, products_quantity, products_model, products_image, products_price, products_date_added, products_last_modified, products_date_available, products_weight, products_status, products_tax_class_id, manufacturers_id, products_ordered) values ('437', '0', '4032', 'AQP_-6_90-Hose_Fitting.jpg', '19.9900', '2005-04-01 11:07:21', NULL, NULL, '0.30', '1', '0', '26', '0');
insert into products (products_id, products_quantity, products_model, products_image, products_price, products_date_added, products_last_modified, products_date_available, products_weight, products_status, products_tax_class_id, manufacturers_id, products_ordered) values ('438', '0', '1013', 'AQP_-8_Straight-Hose.jpg', '9.9900', '2005-04-01 11:09:36', '2005-04-01 11:15:31', NULL, '0.30', '1', '0', '26', '0');
insert into products (products_id, products_quantity, products_model, products_image, products_price, products_date_added, products_last_modified, products_date_available, products_weight, products_status, products_tax_class_id, manufacturers_id, products_ordered) values ('439', '0', '4033', 'AQP-8_90-Hose_Fitting.jpg', '23.9900', '2005-04-01 11:11:44', NULL, NULL, '0.30', '1', '0', '26', '0');
insert into products (products_id, products_quantity, products_model, products_image, products_price, products_date_added, products_last_modified, products_date_available, products_weight, products_status, products_tax_class_id, manufacturers_id, products_ordered) values ('440', '0', '1014', 'AQP-10_Straight_-Hose_Fitting.jpg', '11.9900', '2005-04-01 11:13:11', NULL, NULL, '0.30', '1', '0', '26', '0');
insert into products (products_id, products_quantity, products_model, products_image, products_price, products_date_added, products_last_modified, products_date_available, products_weight, products_status, products_tax_class_id, manufacturers_id, products_ordered) values ('441', '0', '3514', 'AQP-6_Straight-Hose_Fitting.jpg', '7.9900', '2005-04-01 11:15:03', NULL, NULL, '0.30', '1', '0', '26', '0');
insert into products (products_id, products_quantity, products_model, products_image, products_price, products_date_added, products_last_modified, products_date_available, products_weight, products_status, products_tax_class_id, manufacturers_id, products_ordered) values ('442', '0', '3514', 'AQP-6_Aluminum_Crushwasher.jpg', '3.9900', '2005-04-01 11:18:54', NULL, NULL, '0.20', '1', '0', '26', '0');
insert into products (products_id, products_quantity, products_model, products_image, products_price, products_date_added, products_last_modified, products_date_available, products_weight, products_status, products_tax_class_id, manufacturers_id, products_ordered) values ('443', '0', '3516', 'AQP-10_Aluminum_Crushwasher.jpg', '6.9900', '2005-04-01 11:20:14', NULL, NULL, '0.20', '1', '0', '26', '0');
insert into products (products_id, products_quantity, products_model, products_image, products_price, products_date_added, products_last_modified, products_date_available, products_weight, products_status, products_tax_class_id, manufacturers_id, products_ordered) values ('444', '0', '2114', 'AQP-6_To_7-8_Holley.jpg', '5.9900', '2005-04-01 11:46:19', NULL, NULL, '0.30', '1', '0', '26', '0');
insert into products (products_id, products_quantity, products_model, products_image, products_price, products_date_added, products_last_modified, products_date_available, products_weight, products_status, products_tax_class_id, manufacturers_id, products_ordered) values ('445', '-1', '2005', 'AQP-6_To3-8_Pipe.jpg', '3.9900', '2005-04-01 11:49:03', NULL, NULL, '0.20', '1', '0', '26', '1');
insert into products (products_id, products_quantity, products_model, products_image, products_price, products_date_added, products_last_modified, products_date_available, products_weight, products_status, products_tax_class_id, manufacturers_id, products_ordered) values ('446', '0', '2008', 'AQP-8_To_ 1-2_pipe_M.jpg', '5.9900', '2005-04-01 11:51:34', NULL, NULL, '0.20', '1', '0', '26', '0');
insert into products (products_id, products_quantity, products_model, products_image, products_price, products_date_added, products_last_modified, products_date_available, products_weight, products_status, products_tax_class_id, manufacturers_id, products_ordered) values ('447', '0', '2037', 'AQP-8_To_3-8_pipe_90_M_Elbow.jpg', '8.9900', '2005-04-01 11:54:56', NULL, NULL, '0.20', '1', '0', '26', '0');
insert into products (products_id, products_quantity, products_model, products_image, products_price, products_date_added, products_last_modified, products_date_available, products_weight, products_status, products_tax_class_id, manufacturers_id, products_ordered) values ('448', '0', '2007', 'AQP-8_To_3-8_M_Con.jpg', '3.9900', '2005-04-01 11:57:14', NULL, NULL, '0.20', '1', '0', '26', '0');
insert into products (products_id, products_quantity, products_model, products_image, products_price, products_date_added, products_last_modified, products_date_available, products_weight, products_status, products_tax_class_id, manufacturers_id, products_ordered) values ('449', '0', '2004', 'AQP-6_To_1-4Pipe_M_con.jpg', '3.9900', '2005-04-01 11:59:16', NULL, NULL, '0.20', '1', '0', '26', '0');
insert into products (products_id, products_quantity, products_model, products_image, products_price, products_date_added, products_last_modified, products_date_available, products_weight, products_status, products_tax_class_id, manufacturers_id, products_ordered) values ('450', '0', '2038', 'AQP-8_To_1-2_Pipe_90_M_Elbow.jpg', '14.9900', '2005-04-01 12:01:19', NULL, NULL, '0.20', '1', '0', '26', '0');
insert into products (products_id, products_quantity, products_model, products_image, products_price, products_date_added, products_last_modified, products_date_available, products_weight, products_status, products_tax_class_id, manufacturers_id, products_ordered) values ('451', '0', '2052', 'AQP-6_Flare_Union.jpg', '3.9900', '2005-04-04 11:01:45', '2005-04-04 11:16:42', NULL, '0.30', '1', '0', '26', '0');
insert into products (products_id, products_quantity, products_model, products_image, products_price, products_date_added, products_last_modified, products_date_available, products_weight, products_status, products_tax_class_id, manufacturers_id, products_ordered) values ('452', '0', '2053', 'AQP-8_Flare_Union.jpg', '5.9900', '2005-04-04 11:03:01', '2005-04-04 11:16:16', NULL, '0.30', '1', '0', '26', '0');
insert into products (products_id, products_quantity, products_model, products_image, products_price, products_date_added, products_last_modified, products_date_available, products_weight, products_status, products_tax_class_id, manufacturers_id, products_ordered) values ('453', '0', '2054', 'AQP-10_Flare_union.jpg', '6.9900', '2005-04-04 11:04:22', '2005-04-04 11:17:06', NULL, '0.30', '1', '0', '26', '0');
insert into products (products_id, products_quantity, products_model, products_image, products_price, products_date_added, products_last_modified, products_date_available, products_weight, products_status, products_tax_class_id, manufacturers_id, products_ordered) values ('454', '0', '2160', 'AQP-8_To-6_union_reducer.jpg', '7.9900', '2005-04-04 11:08:05', '2005-04-04 11:17:31', NULL, '0.30', '1', '0', '26', '0');
insert into products (products_id, products_quantity, products_model, products_image, products_price, products_date_added, products_last_modified, products_date_available, products_weight, products_status, products_tax_class_id, manufacturers_id, products_ordered) values ('455', '0', '2073', 'AQP-8_Bulkhead_Union.jpg', '6.9900', '2005-04-04 11:09:55', '2005-04-04 11:18:17', NULL, '0.30', '1', '0', '26', '0');
insert into products (products_id, products_quantity, products_model, products_image, products_price, products_date_added, products_last_modified, products_date_available, products_weight, products_status, products_tax_class_id, manufacturers_id, products_ordered) values ('456', '0', '3714', 'AQP-6_Flare_Plug.jpg', '2.9900', '2005-04-04 11:11:36', '2005-04-04 11:18:53', NULL, '0.30', '1', '0', '26', '0');
insert into products (products_id, products_quantity, products_model, products_image, products_price, products_date_added, products_last_modified, products_date_available, products_weight, products_status, products_tax_class_id, manufacturers_id, products_ordered) values ('457', '0', '2105', 'AQP-8_Lock_Nut.jpg', '2.4800', '2005-04-04 11:13:31', '2005-04-04 11:15:47', NULL, '0.30', '1', '0', '26', '0');
insert into products (products_id, products_quantity, products_model, products_image, products_price, products_date_added, products_last_modified, products_date_available, products_weight, products_status, products_tax_class_id, manufacturers_id, products_ordered) values ('458', '0', '2104', 'AQP-10_Lock_Nut.jpg', '3.4900', '2005-04-04 11:15:05', NULL, NULL, '0.30', '1', '0', '26', '0');
insert into products (products_id, products_quantity, products_model, products_image, products_price, products_date_added, products_last_modified, products_date_available, products_weight, products_status, products_tax_class_id, manufacturers_id, products_ordered) values ('459', '0', '2110', 'AQP-8_To_7-8-20THD_Holley.jpg', '8.9900', '2005-04-04 11:22:12', '2005-04-04 11:27:28', NULL, '0.30', '1', '0', '26', '0');
insert into products (products_id, products_quantity, products_model, products_image, products_price, products_date_added, products_last_modified, products_date_available, products_weight, products_status, products_tax_class_id, manufacturers_id, products_ordered) values ('460', '0', '2113', 'AQP-6_To_9-16-24THD_Holley.jpg', '0.0000', '2005-04-04 11:23:56', '2005-04-04 11:26:47', NULL, '0.30', '1', '0', '26', '0');
insert into products (products_id, products_quantity, products_model, products_image, products_price, products_date_added, products_last_modified, products_date_available, products_weight, products_status, products_tax_class_id, manufacturers_id, products_ordered) values ('461', '0', '2963', 'AQP-8_Union_tee.jpg', '11.3900', '2005-04-04 11:25:33', NULL, NULL, '0.30', '1', '0', '26', '0');
insert into products (products_id, products_quantity, products_model, products_image, products_price, products_date_added, products_last_modified, products_date_available, products_weight, products_status, products_tax_class_id, manufacturers_id, products_ordered) values ('462', '0', '20157', 'spring_perch_5inch.jpg', '17.9900', '2005-04-08 12:41:58', '2005-11-22 13:51:30', NULL, '1.80', '1', '0', '27', '0');
insert into products (products_id, products_quantity, products_model, products_image, products_price, products_date_added, products_last_modified, products_date_available, products_weight, products_status, products_tax_class_id, manufacturers_id, products_ordered) values ('463', '0', '20158', 'spring_perch_pigtail.jpg', '17.9900', '2005-04-08 12:44:47', '2005-11-22 12:50:12', NULL, '1.60', '1', '0', '27', '0');
insert into products (products_id, products_quantity, products_model, products_image, products_price, products_date_added, products_last_modified, products_date_available, products_weight, products_status, products_tax_class_id, manufacturers_id, products_ordered) values ('464', '0', '20332S', 'swing_arm_short.jpg', '69.9900', '2005-04-08 12:50:35', '2005-12-03 15:13:57', NULL, '2.90', '1', '0', '27', '0');
insert into products (products_id, products_quantity, products_model, products_image, products_price, products_date_added, products_last_modified, products_date_available, products_weight, products_status, products_tax_class_id, manufacturers_id, products_ordered) values ('465', '0', '34394L', 'IMCA_upper_control_arm.jpg', '49.9900', '2005-04-08 12:55:28', '2005-11-22 11:15:24', NULL, '5.90', '1', '0', '0', '0');
insert into products (products_id, products_quantity, products_model, products_image, products_price, products_date_added, products_last_modified, products_date_available, products_weight, products_status, products_tax_class_id, manufacturers_id, products_ordered) values ('466', '-1', '34394R', 'IMCA_upper_control_arm.jpg', '49.9900', '2005-04-08 12:57:20', '2005-11-22 11:14:49', NULL, '5.90', '1', '0', '0', '1');
insert into products (products_id, products_quantity, products_model, products_image, products_price, products_date_added, products_last_modified, products_date_available, products_weight, products_status, products_tax_class_id, manufacturers_id, products_ordered) values ('467', '0', '1515/1518', '15inch_4_blade_fan.jpg', '34.9900', '2005-04-08 13:00:37', '2005-11-23 08:44:27', NULL, '2.70', '1', '0', '0', '0');
insert into products (products_id, products_quantity, products_model, products_image, products_price, products_date_added, products_last_modified, products_date_available, products_weight, products_status, products_tax_class_id, manufacturers_id, products_ordered) values ('468', '0', '3950', 'Wilwood_Pedal_Assem_3935.jpg', '197.9900', '2005-04-11 11:18:32', '2005-12-08 14:35:02', NULL, '5.20', '1', '0', '15', '0');
insert into products (products_id, products_quantity, products_model, products_image, products_price, products_date_added, products_last_modified, products_date_available, products_weight, products_status, products_tax_class_id, manufacturers_id, products_ordered) values ('469', '0', '3342', 'Wilwood_Dual_Pedal_3342.jpg', '197.9900', '2005-04-19 12:55:24', '2005-12-08 14:40:46', NULL, '5.60', '1', '0', '15', '0');
insert into products (products_id, products_quantity, products_model, products_image, products_price, products_date_added, products_last_modified, products_date_available, products_weight, products_status, products_tax_class_id, manufacturers_id, products_ordered) values ('471', '0', '4405', 'G_FORCE_GRAPHIX_HELMET.jpg', '279.9900', '2005-05-27 08:16:19', '2005-11-30 13:11:41', NULL, '14.00', '1', '0', '70', '0');
insert into products (products_id, products_quantity, products_model, products_image, products_price, products_date_added, products_last_modified, products_date_available, products_weight, products_status, products_tax_class_id, manufacturers_id, products_ordered) values ('472', '0', '', 'ultrashield jacket.jpg', '39.9900', '2005-06-17 14:44:22', '2005-06-17 21:01:10', NULL, '5.00', '1', '0', '12', '0');
insert into products (products_id, products_quantity, products_model, products_image, products_price, products_date_added, products_last_modified, products_date_available, products_weight, products_status, products_tax_class_id, manufacturers_id, products_ordered) values ('473', '0', 'L2256F', 'S_PRO_L2256F.jpg', '249.9900', '2005-07-16 08:17:54', NULL, NULL, '16.00', '1', '0', '34', '0');
insert into products (products_id, products_quantity, products_model, products_image, products_price, products_date_added, products_last_modified, products_date_available, products_weight, products_status, products_tax_class_id, manufacturers_id, products_ordered) values ('474', '0', '37001', 'Jet-500-1.jpg', '279.9900', '2005-08-30 12:50:47', '2005-11-04 11:36:45', NULL, '8.50', '1', '0', '0', '0');
insert into products (products_id, products_quantity, products_model, products_image, products_price, products_date_added, products_last_modified, products_date_available, products_weight, products_status, products_tax_class_id, manufacturers_id, products_ordered) values ('475', '-1', 'L2491F', 'SPEED_PRO_L2491F_030.jpg', '299.9900', '2005-10-07 09:54:28', '2005-11-25 17:58:43', NULL, '16.00', '1', '0', '34', '1');
insert into products (products_id, products_quantity, products_model, products_image, products_price, products_date_added, products_last_modified, products_date_available, products_weight, products_status, products_tax_class_id, manufacturers_id, products_ordered) values ('477', '0', 'H859CP', 'speed_pro_H859CP_040.jpg', '184.0000', '2005-10-07 10:33:01', '2005-11-30 08:16:05', NULL, '14.00', '1', '0', '34', '0');
insert into products (products_id, products_quantity, products_model, products_image, products_price, products_date_added, products_last_modified, products_date_available, products_weight, products_status, products_tax_class_id, manufacturers_id, products_ordered) values ('478', '0', '', 'SRP_DOME_PISTONS.jpg', '484.9900', '2005-10-07 11:14:12', NULL, NULL, '20.00', '1', '0', '69', '0');
insert into products (products_id, products_quantity, products_model, products_image, products_price, products_date_added, products_last_modified, products_date_available, products_weight, products_status, products_tax_class_id, manufacturers_id, products_ordered) values ('479', '0', '', 'SRP_DOME_PISTONS.jpg', '514.9900', '2005-10-07 11:18:41', NULL, NULL, '20.00', '1', '0', '69', '0');
insert into products (products_id, products_quantity, products_model, products_image, products_price, products_date_added, products_last_modified, products_date_available, products_weight, products_status, products_tax_class_id, manufacturers_id, products_ordered) values ('480', '0', '', 'SRP_DOME_PISTONS.jpg', '484.9900', '2005-10-10 10:42:58', '2005-10-10 10:47:47', NULL, '20.00', '1', '0', '69', '0');
insert into products (products_id, products_quantity, products_model, products_image, products_price, products_date_added, products_last_modified, products_date_available, products_weight, products_status, products_tax_class_id, manufacturers_id, products_ordered) values ('481', '0', '', 'SRP_DOME_PISTONS.jpg', '484.9900', '2005-10-10 10:44:47', '2005-10-10 10:48:11', NULL, '20.00', '1', '0', '69', '0');
insert into products (products_id, products_quantity, products_model, products_image, products_price, products_date_added, products_last_modified, products_date_available, products_weight, products_status, products_tax_class_id, manufacturers_id, products_ordered) values ('482', '0', '', 'SRP_DOME_PISTONS.jpg', '484.9900', '2005-10-10 10:47:15', '2005-10-10 10:53:53', NULL, '20.00', '1', '0', '69', '0');
insert into products (products_id, products_quantity, products_model, products_image, products_price, products_date_added, products_last_modified, products_date_available, products_weight, products_status, products_tax_class_id, manufacturers_id, products_ordered) values ('483', '0', '', 'SRP_DOME_PISTONS.jpg', '484.9900', '2005-10-10 10:49:56', '2005-10-25 12:23:28', NULL, '20.00', '1', '0', '69', '0');
insert into products (products_id, products_quantity, products_model, products_image, products_price, products_date_added, products_last_modified, products_date_available, products_weight, products_status, products_tax_class_id, manufacturers_id, products_ordered) values ('484', '0', '', 'SRP_DOME_PISTONS.jpg', '484.9900', '2005-10-10 10:52:23', NULL, NULL, '20.00', '1', '0', '69', '0');
insert into products (products_id, products_quantity, products_model, products_image, products_price, products_date_added, products_last_modified, products_date_available, products_weight, products_status, products_tax_class_id, manufacturers_id, products_ordered) values ('485', '0', '', 'SRP_DOME_PISTONS.jpg', '514.9900', '2005-10-10 10:56:16', '2005-10-10 10:58:13', NULL, '20.00', '1', '0', '69', '0');
insert into products (products_id, products_quantity, products_model, products_image, products_price, products_date_added, products_last_modified, products_date_available, products_weight, products_status, products_tax_class_id, manufacturers_id, products_ordered) values ('486', '0', 'CRS5700B3D', 'EAGLE_H_RODS.jpg', '379.9900', '2005-10-10 11:10:34', '2005-10-10 11:16:44', NULL, '15.00', '1', '0', '22', '0');
insert into products (products_id, products_quantity, products_model, products_image, products_price, products_date_added, products_last_modified, products_date_available, products_weight, products_status, products_tax_class_id, manufacturers_id, products_ordered) values ('487', '0', 'CRS6000B3D', 'EAGLE_H_RODS.jpg', '379.9900', '2005-10-10 11:14:04', '2005-10-10 11:17:07', NULL, '15.00', '1', '0', '22', '0');
insert into products (products_id, products_quantity, products_model, products_image, products_price, products_date_added, products_last_modified, products_date_available, products_weight, products_status, products_tax_class_id, manufacturers_id, products_ordered) values ('488', '0', '435034805700', 'EAGLE_STEEL_CRANK.jpg', '569.9900', '2005-10-10 12:55:33', NULL, NULL, '57.00', '1', '0', '22', '0');
insert into products (products_id, products_quantity, products_model, products_image, products_price, products_date_added, products_last_modified, products_date_available, products_weight, products_status, products_tax_class_id, manufacturers_id, products_ordered) values ('489', '0', '435037505700', 'EAGLE_STEEL_CRANK.jpg', '569.9900', '2005-10-10 12:59:05', NULL, NULL, '57.00', '1', '0', '22', '0');
insert into products (products_id, products_quantity, products_model, products_image, products_price, products_date_added, products_last_modified, products_date_available, products_weight, products_status, products_tax_class_id, manufacturers_id, products_ordered) values ('490', '0', '440037505700', 'EAGLE_STEEL_CRANK.jpg', '569.9900', '2005-10-10 13:00:41', NULL, NULL, '57.00', '1', '0', '22', '0');
insert into products (products_id, products_quantity, products_model, products_image, products_price, products_date_added, products_last_modified, products_date_available, products_weight, products_status, products_tax_class_id, manufacturers_id, products_ordered) values ('491', '0', '440038756000', 'EAGLE_STEEL_CRANK.jpg', '569.9900', '2005-10-10 13:03:11', NULL, NULL, '57.00', '1', '0', '22', '0');
insert into products (products_id, products_quantity, products_model, products_image, products_price, products_date_added, products_last_modified, products_date_available, products_weight, products_status, products_tax_class_id, manufacturers_id, products_ordered) values ('492', '0', '440040006000', 'EAGLE_STEEL_CRANK.jpg', '569.9900', '2005-10-10 13:05:04', NULL, NULL, '57.00', '1', '0', '22', '0');
insert into products (products_id, products_quantity, products_model, products_image, products_price, products_date_added, products_last_modified, products_date_available, products_weight, products_status, products_tax_class_id, manufacturers_id, products_ordered) values ('493', '0', '', 'DART_PLATINUM_64CC.jpg', '789.0000', '2005-10-12 13:48:09', '2005-10-15 09:39:29', NULL, '130.00', '1', '0', '44', '0');
insert into products (products_id, products_quantity, products_model, products_image, products_price, products_date_added, products_last_modified, products_date_available, products_weight, products_status, products_tax_class_id, manufacturers_id, products_ordered) values ('494', '0', '', 'DART_PLATINUM_64CC.jpg', '789.0000', '2005-10-12 13:51:36', '2005-10-15 09:38:30', NULL, '130.00', '1', '0', '44', '0');
insert into products (products_id, products_quantity, products_model, products_image, products_price, products_date_added, products_last_modified, products_date_available, products_weight, products_status, products_tax_class_id, manufacturers_id, products_ordered) values ('495', '0', '', 'DART_PLATINUM_64CC.jpg', '789.0000', '2005-10-12 13:53:35', '2005-10-15 09:38:11', NULL, '130.00', '1', '0', '44', '0');
insert into products (products_id, products_quantity, products_model, products_image, products_price, products_date_added, products_last_modified, products_date_available, products_weight, products_status, products_tax_class_id, manufacturers_id, products_ordered) values ('496', '0', '', 'DART_PLATINUM_64CC.jpg', '789.0000', '2005-10-12 13:54:51', '2005-10-15 09:39:08', NULL, '130.00', '1', '0', '44', '0');
insert into products (products_id, products_quantity, products_model, products_image, products_price, products_date_added, products_last_modified, products_date_available, products_weight, products_status, products_tax_class_id, manufacturers_id, products_ordered) values ('497', '0', '', 'DART_PLATINUM_64CC.jpg', '789.0000', '2005-10-12 13:55:49', '2005-10-15 09:38:49', NULL, '130.00', '1', '0', '44', '0');
insert into products (products_id, products_quantity, products_model, products_image, products_price, products_date_added, products_last_modified, products_date_available, products_weight, products_status, products_tax_class_id, manufacturers_id, products_ordered) values ('498', '0', '', 'DART_PLATINUM_64CC.jpg', '789.0000', '2005-10-12 13:57:05', '2005-10-15 09:36:57', NULL, '130.00', '1', '0', '44', '0');
insert into products (products_id, products_quantity, products_model, products_image, products_price, products_date_added, products_last_modified, products_date_available, products_weight, products_status, products_tax_class_id, manufacturers_id, products_ordered) values ('499', '0', '', 'DART_PLATINUM_64CC.jpg', '789.0000', '2005-10-12 13:58:47', '2005-10-15 10:04:48', NULL, '130.00', '1', '0', '44', '0');
insert into products (products_id, products_quantity, products_model, products_image, products_price, products_date_added, products_last_modified, products_date_available, products_weight, products_status, products_tax_class_id, manufacturers_id, products_ordered) values ('500', '0', '', 'DART_PLATINUM_64CC.jpg', '789.0000', '2005-10-12 13:59:47', '2005-10-15 10:05:39', NULL, '130.00', '1', '0', '44', '0');
insert into products (products_id, products_quantity, products_model, products_image, products_price, products_date_added, products_last_modified, products_date_available, products_weight, products_status, products_tax_class_id, manufacturers_id, products_ordered) values ('501', '-3', '', 'ULTRASHIELD_YOUTH_2_PC.jpg', '94.9800', '2005-10-25 13:22:58', '2005-12-03 07:47:22', NULL, '8.00', '1', '0', '12', '3');
insert into products (products_id, products_quantity, products_model, products_image, products_price, products_date_added, products_last_modified, products_date_available, products_weight, products_status, products_tax_class_id, manufacturers_id, products_ordered) values ('502', '0', '', 'SRP_FLAT_TOP_PISTON.jpg', '439.9900', '2005-11-02 15:21:28', '2005-11-02 15:25:59', NULL, '20.00', '1', '0', '69', '0');
insert into products (products_id, products_quantity, products_model, products_image, products_price, products_date_added, products_last_modified, products_date_available, products_weight, products_status, products_tax_class_id, manufacturers_id, products_ordered) values ('503', '0', '4408', 'HELMET G FORCE PRO.jpg', '259.0000', '2005-11-04 13:01:41', '2005-11-30 13:10:54', NULL, '14.00', '1', '0', '70', '0');
insert into products (products_id, products_quantity, products_model, products_image, products_price, products_date_added, products_last_modified, products_date_available, products_weight, products_status, products_tax_class_id, manufacturers_id, products_ordered) values ('504', '0', '', 'SRP_FLAT_TOP_PISTON.jpg', '439.9900', '2005-11-04 13:41:49', '2005-11-04 13:42:15', NULL, '20.00', '1', '0', '69', '0');
insert into products (products_id, products_quantity, products_model, products_image, products_price, products_date_added, products_last_modified, products_date_available, products_weight, products_status, products_tax_class_id, manufacturers_id, products_ordered) values ('505', '0', '', 'SRP_FLAT_TOP_PISTON.jpg', '439.9900', '2005-11-04 13:44:22', NULL, NULL, '20.00', '1', '0', '69', '0');
insert into products (products_id, products_quantity, products_model, products_image, products_price, products_date_added, products_last_modified, products_date_available, products_weight, products_status, products_tax_class_id, manufacturers_id, products_ordered) values ('506', '0', '', 'SRP_FLAT_TOP_PISTON.jpg', '439.9900', '2005-11-04 13:45:59', NULL, NULL, '20.00', '1', '0', '69', '0');
insert into products (products_id, products_quantity, products_model, products_image, products_price, products_date_added, products_last_modified, products_date_available, products_weight, products_status, products_tax_class_id, manufacturers_id, products_ordered) values ('507', '0', '', 'SRP_FLAT_TOP_PISTON.jpg', '439.9900', '2005-11-04 13:47:45', NULL, NULL, '20.00', '1', '0', '69', '0');
insert into products (products_id, products_quantity, products_model, products_image, products_price, products_date_added, products_last_modified, products_date_available, products_weight, products_status, products_tax_class_id, manufacturers_id, products_ordered) values ('508', '0', '', 'SRP_FLAT_TOP_PISTON.jpg', '439.9900', '2005-11-04 13:49:26', '2005-11-04 13:50:16', NULL, '20.00', '1', '0', '69', '0');
insert into products (products_id, products_quantity, products_model, products_image, products_price, products_date_added, products_last_modified, products_date_available, products_weight, products_status, products_tax_class_id, manufacturers_id, products_ordered) values ('509', '0', '', 'SRP_FLAT_TOP_PISTON.jpg', '439.9900', '2005-11-04 13:52:11', NULL, NULL, '20.00', '1', '0', '69', '0');
insert into products (products_id, products_quantity, products_model, products_image, products_price, products_date_added, products_last_modified, products_date_available, products_weight, products_status, products_tax_class_id, manufacturers_id, products_ordered) values ('510', '0', '', 'SRP_FLAT_TOP_PISTON.jpg', '439.9900', '2005-11-04 13:54:23', NULL, NULL, '20.00', '1', '0', '69', '0');
insert into products (products_id, products_quantity, products_model, products_image, products_price, products_date_added, products_last_modified, products_date_available, products_weight, products_status, products_tax_class_id, manufacturers_id, products_ordered) values ('511', '-1', '', 'ULTRASHIELD_DOUBLE_LAYER_1PC_SUIT_2005.jpg', '269.9900', '2005-11-19 09:04:08', '2005-11-20 06:17:52', NULL, '12.00', '1', '0', '12', '1');
insert into products (products_id, products_quantity, products_model, products_image, products_price, products_date_added, products_last_modified, products_date_available, products_weight, products_status, products_tax_class_id, manufacturers_id, products_ordered) values ('512', '-1', '', 'ULTRASHIELD_1_PC_SUIT_2005_SL.jpg', '94.9900', '2005-11-19 09:13:32', '2005-12-03 07:46:27', NULL, '10.50', '1', '0', '12', '1');
insert into products (products_id, products_quantity, products_model, products_image, products_price, products_date_added, products_last_modified, products_date_available, products_weight, products_status, products_tax_class_id, manufacturers_id, products_ordered) values ('513', '-3', '', 'ULTRASHIELD_YOUTH_1_PIECE_SUIT.jpg', '94.9900', '2005-11-19 10:28:31', '2005-12-03 07:46:54', NULL, '8.00', '1', '0', '12', '3');
insert into products (products_id, products_quantity, products_model, products_image, products_price, products_date_added, products_last_modified, products_date_available, products_weight, products_status, products_tax_class_id, manufacturers_id, products_ordered) values ('514', '0', '', 'ULTRASHIELD_YOUTH_GLOVES_NEW.jpg', '36.9900', '2005-11-21 14:14:37', '2005-11-21 14:16:00', NULL, '2.00', '1', '0', '12', '0');
insert into products (products_id, products_quantity, products_model, products_image, products_price, products_date_added, products_last_modified, products_date_available, products_weight, products_status, products_tax_class_id, manufacturers_id, products_ordered) values ('515', '0', '', 'ULTRASHIELD_YOUTH_NECK_BRACE.jpg', '26.9900', '2005-11-21 14:27:01', '2005-11-22 07:18:52', NULL, '2.00', '1', '0', '12', '0');
insert into products (products_id, products_quantity, products_model, products_image, products_price, products_date_added, products_last_modified, products_date_available, products_weight, products_status, products_tax_class_id, manufacturers_id, products_ordered) values ('516', '0', '005800', 'WATER_PUMP_ALUM_005802.jpg', '79.9900', '2005-11-23 14:04:44', NULL, NULL, '6.10', '1', '0', '0', '0');
insert into products (products_id, products_quantity, products_model, products_image, products_price, products_date_added, products_last_modified, products_date_available, products_weight, products_status, products_tax_class_id, manufacturers_id, products_ordered) values ('517', '0', '63500', 'MOROSO_63500_WP.jpg', '129.9900', '2005-11-23 14:11:24', NULL, NULL, '6.10', '1', '0', '4', '0');
insert into products (products_id, products_quantity, products_model, products_image, products_price, products_date_added, products_last_modified, products_date_available, products_weight, products_status, products_tax_class_id, manufacturers_id, products_ordered) values ('518', '0', 'H615CP', 'S_PRO_H615CP.jpg', '184.0000', '2005-11-30 08:43:17', NULL, NULL, '15.00', '1', '0', '34', '0');
insert into products (products_id, products_quantity, products_model, products_image, products_price, products_date_added, products_last_modified, products_date_available, products_weight, products_status, products_tax_class_id, manufacturers_id, products_ordered) values ('519', '0', '', 'S_PRO_H616CP.jpg', '184.0000', '2005-11-30 08:50:26', NULL, NULL, '15.00', '1', '0', '34', '0');
insert into products (products_id, products_quantity, products_model, products_image, products_price, products_date_added, products_last_modified, products_date_available, products_weight, products_status, products_tax_class_id, manufacturers_id, products_ordered) values ('520', '0', 'H623CP', 'S_PRO_H623CP.jpg', '184.0000', '2005-11-30 08:54:41', '2005-11-30 08:55:04', NULL, '15.00', '1', '0', '34', '0');
insert into products (products_id, products_quantity, products_model, products_image, products_price, products_date_added, products_last_modified, products_date_available, products_weight, products_status, products_tax_class_id, manufacturers_id, products_ordered) values ('521', '0', 'H618CP', 'S_PRO_H628CP.jpg', '184.0000', '2005-11-30 09:03:10', NULL, NULL, '15.00', '1', '0', '34', '0');
insert into products (products_id, products_quantity, products_model, products_image, products_price, products_date_added, products_last_modified, products_date_available, products_weight, products_status, products_tax_class_id, manufacturers_id, products_ordered) values ('522', '0', 'H617CP', 'S_PRO_H617CP.jpg', '184.0000', '2005-11-30 09:08:05', NULL, NULL, '15.00', '1', '0', '8', '0');
insert into products (products_id, products_quantity, products_model, products_image, products_price, products_date_added, products_last_modified, products_date_available, products_weight, products_status, products_tax_class_id, manufacturers_id, products_ordered) values ('523', '0', 'L2252AF', 'S_PRO_L2252AF.jpg', '369.0000', '2005-11-30 09:28:35', NULL, NULL, '18.00', '1', '0', '34', '0');
insert into products (products_id, products_quantity, products_model, products_image, products_price, products_date_added, products_last_modified, products_date_available, products_weight, products_status, products_tax_class_id, manufacturers_id, products_ordered) values ('524', '0', 'H124CL', 'S_PRO_H124CL.jpg', '299.0000', '2005-11-30 09:59:15', '2005-11-30 10:00:27', NULL, '16.00', '1', '0', '34', '0');
insert into products (products_id, products_quantity, products_model, products_image, products_price, products_date_added, products_last_modified, products_date_available, products_weight, products_status, products_tax_class_id, manufacturers_id, products_ordered) values ('525', '0', '114308', 'IMPACT_MINI_CHAMP_SILVER.jpg', '299.0000', '2005-11-30 12:57:28', '2005-12-02 13:23:38', NULL, '15.00', '1', '0', '71', '0');
insert into products (products_id, products_quantity, products_model, products_image, products_price, products_date_added, products_last_modified, products_date_available, products_weight, products_status, products_tax_class_id, manufacturers_id, products_ordered) values ('526', '0', '140X08', 'IMPACT_CHARGER_SILVER.jpg', '399.0000', '2005-11-30 13:21:46', NULL, NULL, '16.00', '1', '0', '71', '0');
insert into products (products_id, products_quantity, products_model, products_image, products_price, products_date_added, products_last_modified, products_date_available, products_weight, products_status, products_tax_class_id, manufacturers_id, products_ordered) values ('527', '0', '', 'IMPACT_CHARGER_BLACK.jpg', '419.0000', '2005-11-30 13:23:48', '2005-12-02 12:40:38', NULL, '16.00', '1', '0', '71', '0');
insert into products (products_id, products_quantity, products_model, products_image, products_price, products_date_added, products_last_modified, products_date_available, products_weight, products_status, products_tax_class_id, manufacturers_id, products_ordered) values ('528', '0', '', 'IMPACT_CHAMP_BLACK.jpg', '399.0000', '2005-11-30 13:32:56', '2005-12-02 12:39:15', NULL, '16.00', '1', '0', '71', '0');
insert into products (products_id, products_quantity, products_model, products_image, products_price, products_date_added, products_last_modified, products_date_available, products_weight, products_status, products_tax_class_id, manufacturers_id, products_ordered) values ('529', '0', '130X08', 'IMPACT_CHAMP_SILVER.jpg', '379.0000', '2005-11-30 13:36:24', '2005-12-02 12:38:16', NULL, '16.00', '1', '0', '71', '0');
insert into products (products_id, products_quantity, products_model, products_image, products_price, products_date_added, products_last_modified, products_date_available, products_weight, products_status, products_tax_class_id, manufacturers_id, products_ordered) values ('530', '0', '175X08', 'IMPACT_SUPER_SPORT_BLACK.jpg', '299.0000', '2005-11-30 13:59:24', '2005-12-02 12:55:52', NULL, '16.00', '1', '0', '71', '0');
insert into products (products_id, products_quantity, products_model, products_image, products_price, products_date_added, products_last_modified, products_date_available, products_weight, products_status, products_tax_class_id, manufacturers_id, products_ordered) values ('531', '0', '175X08', 'IMPACT_SUPER_SPORT_SILVER.jpg', '299.0000', '2005-11-30 14:27:22', '2005-12-02 12:57:43', NULL, '16.00', '1', '0', '71', '0');
insert into products (products_id, products_quantity, products_model, products_image, products_price, products_date_added, products_last_modified, products_date_available, products_weight, products_status, products_tax_class_id, manufacturers_id, products_ordered) values ('532', '0', '71090', 'IMPACT_HELMET_BAG.jpg', '29.9900', '2005-12-02 13:04:16', NULL, NULL, '5.00', '1', '0', '71', '0');
insert into products (products_id, products_quantity, products_model, products_image, products_price, products_date_added, products_last_modified, products_date_available, products_weight, products_status, products_tax_class_id, manufacturers_id, products_ordered) values ('533', '0', '720910', 'IMPACT_GEAR_BAG.jpg', '39.9900', '2005-12-02 13:11:51', NULL, NULL, '8.00', '1', '0', '71', '0');
insert into products (products_id, products_quantity, products_model, products_image, products_price, products_date_added, products_last_modified, products_date_available, products_weight, products_status, products_tax_class_id, manufacturers_id, products_ordered) values ('534', '0', '511111', 'IMPACT_SEAT_BELTS_511111.jpg', '99.9900', '2005-12-02 13:38:13', '2005-12-02 13:45:55', NULL, '9.00', '1', '0', '71', '0');
insert into products (products_id, products_quantity, products_model, products_image, products_price, products_date_added, products_last_modified, products_date_available, products_weight, products_status, products_tax_class_id, manufacturers_id, products_ordered) values ('535', '0', '591111', 'IMPACT_SEAT_BELTS_591111.jpg', '99.9900', '2005-12-02 13:45:41', '2005-12-02 13:46:09', NULL, '9.00', '1', '0', '71', '0');
insert into products (products_id, products_quantity, products_model, products_image, products_price, products_date_added, products_last_modified, products_date_available, products_weight, products_status, products_tax_class_id, manufacturers_id, products_ordered) values ('536', '0', '46000', 'IMPACT_SHOES_3_COLORS.jpg', '109.9900', '2005-12-03 08:33:33', '2005-12-06 12:51:17', NULL, '0.00', '1', '0', '71', '0');
insert into products (products_id, products_quantity, products_model, products_image, products_price, products_date_added, products_last_modified, products_date_available, products_weight, products_status, products_tax_class_id, manufacturers_id, products_ordered) values ('537', '0', '32000', 'IMPACT_GLOVE_G2.jpg', '94.9900', '2005-12-03 08:39:32', '2005-12-05 12:49:06', NULL, '3.00', '1', '0', '71', '0');
insert into products (products_id, products_quantity, products_model, products_image, products_price, products_date_added, products_last_modified, products_date_available, products_weight, products_status, products_tax_class_id, manufacturers_id, products_ordered) values ('538', '0', '31000', 'IMPACT_GLOVE_G1.jpg', '119.9900', '2005-12-03 08:43:15', '2005-12-05 12:46:45', NULL, '3.00', '1', '0', '71', '0');
insert into products (products_id, products_quantity, products_model, products_image, products_price, products_date_added, products_last_modified, products_date_available, products_weight, products_status, products_tax_class_id, manufacturers_id, products_ordered) values ('539', '0', 'FA119K', 'FAST_BLOWER_FA119K.jpg', '129.9900', '2005-12-03 08:49:44', '2005-12-05 12:07:53', NULL, '8.00', '1', '0', '72', '0');
insert into products (products_id, products_quantity, products_model, products_image, products_price, products_date_added, products_last_modified, products_date_available, products_weight, products_status, products_tax_class_id, manufacturers_id, products_ordered) values ('540', '0', 'FA129K', 'FAST_BLOWER_FA129K.jpg', '129.9900', '2005-12-03 08:51:22', '2005-12-05 12:06:24', NULL, '8.00', '1', '0', '0', '0');
insert into products (products_id, products_quantity, products_model, products_image, products_price, products_date_added, products_last_modified, products_date_available, products_weight, products_status, products_tax_class_id, manufacturers_id, products_ordered) values ('541', '0', 'FA123K', 'FAST_BLOWER_FA123K.jpg', '163.9900', '2005-12-03 08:52:30', '2005-12-05 12:07:29', NULL, '8.00', '1', '0', '72', '0');
insert into products (products_id, products_quantity, products_model, products_image, products_price, products_date_added, products_last_modified, products_date_available, products_weight, products_status, products_tax_class_id, manufacturers_id, products_ordered) values ('542', '0', 'FA1252', 'FAST_BLOWER_FA1252.jpg', '166.9900', '2005-12-03 08:54:40', '2005-12-05 12:13:03', NULL, '6.00', '1', '0', '72', '0');
insert into products (products_id, products_quantity, products_model, products_image, products_price, products_date_added, products_last_modified, products_date_available, products_weight, products_status, products_tax_class_id, manufacturers_id, products_ordered) values ('544', '0', 'SS201A', 'PRO _SHOCK_SS201A.jpg', '54.9900', '2005-12-03 09:26:29', '2005-12-05 11:01:02', NULL, '6.00', '1', '0', '40', '0');
insert into products (products_id, products_quantity, products_model, products_image, products_price, products_date_added, products_last_modified, products_date_available, products_weight, products_status, products_tax_class_id, manufacturers_id, products_ordered) values ('545', '0', '2030', 'REBCO_2030.jpg', '109.9900', '2005-12-03 09:39:15', '2005-12-05 10:49:18', NULL, '6.00', '1', '0', '23', '0');
insert into products (products_id, products_quantity, products_model, products_image, products_price, products_date_added, products_last_modified, products_date_available, products_weight, products_status, products_tax_class_id, manufacturers_id, products_ordered) values ('546', '0', '2040', 'REBCO_2040.jpg', '159.9900', '2005-12-03 09:43:06', '2005-12-05 10:50:13', NULL, '8.00', '1', '0', '23', '0');
insert into products (products_id, products_quantity, products_model, products_image, products_price, products_date_added, products_last_modified, products_date_available, products_weight, products_status, products_tax_class_id, manufacturers_id, products_ordered) values ('547', '0', '419003/4', 'US_BRAKE_419003.jpg', '42.9900', '2005-12-03 09:46:13', '2005-12-03 15:22:16', NULL, '8.00', '1', '0', '73', '0');
insert into products (products_id, products_quantity, products_model, products_image, products_price, products_date_added, products_last_modified, products_date_available, products_weight, products_status, products_tax_class_id, manufacturers_id, products_ordered) values ('548', '0', '419001/2', 'US_BRAKE_72419001.jpg', '79.9900', '2005-12-03 09:49:10', '2005-12-03 15:30:08', NULL, '8.00', '1', '0', '73', '0');
insert into products (products_id, products_quantity, products_model, products_image, products_price, products_date_added, products_last_modified, products_date_available, products_weight, products_status, products_tax_class_id, manufacturers_id, products_ordered) values ('549', '0', '20224', 'AFCO_20224.jpg', '89.9900', '2005-12-03 09:56:25', '2005-12-03 15:09:03', NULL, '12.00', '1', '0', '27', '0');
insert into products (products_id, products_quantity, products_model, products_image, products_price, products_date_added, products_last_modified, products_date_available, products_weight, products_status, products_tax_class_id, manufacturers_id, products_ordered) values ('550', '0', '20224K', 'AFCO_20224K.jpg', '77.9900', '2005-12-03 09:57:51', '2005-12-03 15:11:36', NULL, '12.00', '1', '0', '27', '0');
insert into products (products_id, products_quantity, products_model, products_image, products_price, products_date_added, products_last_modified, products_date_available, products_weight, products_status, products_tax_class_id, manufacturers_id, products_ordered) values ('551', '0', '20332', 'AFCO_20332.jpg', '69.9900', '2005-12-03 10:00:15', '2005-12-03 15:17:16', NULL, '6.00', '1', '0', '27', '0');
insert into products (products_id, products_quantity, products_model, products_image, products_price, products_date_added, products_last_modified, products_date_available, products_weight, products_status, products_tax_class_id, manufacturers_id, products_ordered) values ('552', '0', '', 'HEADS_642_172.jpg', '299.0000', '2005-12-06 14:53:49', '2005-12-06 14:54:07', NULL, '50.40', '1', '0', '0', '0');
drop table if exists products_attributes;
create table products_attributes (
  products_attributes_id int(11) not null auto_increment,
  products_id int(11) default '0' not null ,
  options_id int(11) default '0' not null ,
  options_values_id int(11) default '0' not null ,
  options_values_price decimal(15,4) default '0.0000' not null ,
  price_prefix char(1) not null ,
  PRIMARY KEY (products_attributes_id)
);

insert into products_attributes (products_attributes_id, products_id, options_id, options_values_id, options_values_price, price_prefix) values ('1', '27', '3', '11', '0.0000', '+');
insert into products_attributes (products_attributes_id, products_id, options_id, options_values_id, options_values_price, price_prefix) values ('2', '27', '3', '10', '0.0000', '+');
insert into products_attributes (products_attributes_id, products_id, options_id, options_values_id, options_values_price, price_prefix) values ('3', '27', '3', '12', '0.0000', '+');
insert into products_attributes (products_attributes_id, products_id, options_id, options_values_id, options_values_price, price_prefix) values ('4', '27', '3', '13', '0.0000', '+');
insert into products_attributes (products_attributes_id, products_id, options_id, options_values_id, options_values_price, price_prefix) values ('5', '22', '3', '11', '0.0000', '+');
insert into products_attributes (products_attributes_id, products_id, options_id, options_values_id, options_values_price, price_prefix) values ('6', '22', '3', '10', '0.0000', '+');
insert into products_attributes (products_attributes_id, products_id, options_id, options_values_id, options_values_price, price_prefix) values ('7', '22', '3', '12', '0.0000', '+');
insert into products_attributes (products_attributes_id, products_id, options_id, options_values_id, options_values_price, price_prefix) values ('8', '22', '3', '13', '0.0000', '+');
insert into products_attributes (products_attributes_id, products_id, options_id, options_values_id, options_values_price, price_prefix) values ('9', '26', '3', '11', '0.0000', '+');
insert into products_attributes (products_attributes_id, products_id, options_id, options_values_id, options_values_price, price_prefix) values ('10', '26', '3', '10', '0.0000', '+');
insert into products_attributes (products_attributes_id, products_id, options_id, options_values_id, options_values_price, price_prefix) values ('13', '9', '3', '11', '0.0000', '+');
insert into products_attributes (products_attributes_id, products_id, options_id, options_values_id, options_values_price, price_prefix) values ('12', '26', '3', '13', '0.0000', '+');
insert into products_attributes (products_attributes_id, products_id, options_id, options_values_id, options_values_price, price_prefix) values ('14', '9', '3', '10', '0.0000', '+');
insert into products_attributes (products_attributes_id, products_id, options_id, options_values_id, options_values_price, price_prefix) values ('15', '9', '3', '12', '0.0000', '+');
insert into products_attributes (products_attributes_id, products_id, options_id, options_values_id, options_values_price, price_prefix) values ('16', '9', '3', '13', '0.0000', '+');
insert into products_attributes (products_attributes_id, products_id, options_id, options_values_id, options_values_price, price_prefix) values ('17', '8', '3', '11', '0.0000', '+');
insert into products_attributes (products_attributes_id, products_id, options_id, options_values_id, options_values_price, price_prefix) values ('18', '8', '3', '10', '0.0000', '+');
insert into products_attributes (products_attributes_id, products_id, options_id, options_values_id, options_values_price, price_prefix) values ('19', '8', '3', '12', '0.0000', '+');
insert into products_attributes (products_attributes_id, products_id, options_id, options_values_id, options_values_price, price_prefix) values ('20', '8', '3', '13', '0.0000', '+');
insert into products_attributes (products_attributes_id, products_id, options_id, options_values_id, options_values_price, price_prefix) values ('21', '23', '3', '11', '0.0000', '+');
insert into products_attributes (products_attributes_id, products_id, options_id, options_values_id, options_values_price, price_prefix) values ('22', '23', '3', '12', '0.0000', '+');
insert into products_attributes (products_attributes_id, products_id, options_id, options_values_id, options_values_price, price_prefix) values ('23', '23', '3', '13', '0.0000', '+');
insert into products_attributes (products_attributes_id, products_id, options_id, options_values_id, options_values_price, price_prefix) values ('24', '14', '4', '14', '0.0000', '+');
insert into products_attributes (products_attributes_id, products_id, options_id, options_values_id, options_values_price, price_prefix) values ('25', '14', '4', '15', '0.0000', '+');
insert into products_attributes (products_attributes_id, products_id, options_id, options_values_id, options_values_price, price_prefix) values ('28', '24', '6', '31', '0.0000', '+');
insert into products_attributes (products_attributes_id, products_id, options_id, options_values_id, options_values_price, price_prefix) values ('29', '24', '6', '30', '60.0000', '+');
insert into products_attributes (products_attributes_id, products_id, options_id, options_values_id, options_values_price, price_prefix) values ('30', '33', '6', '31', '0.0000', '+');
insert into products_attributes (products_attributes_id, products_id, options_id, options_values_id, options_values_price, price_prefix) values ('31', '33', '6', '30', '60.0000', '+');
insert into products_attributes (products_attributes_id, products_id, options_id, options_values_id, options_values_price, price_prefix) values ('32', '28', '6', '31', '0.0000', '+');
insert into products_attributes (products_attributes_id, products_id, options_id, options_values_id, options_values_price, price_prefix) values ('33', '28', '6', '30', '60.0000', '+');
insert into products_attributes (products_attributes_id, products_id, options_id, options_values_id, options_values_price, price_prefix) values ('34', '31', '6', '31', '0.0000', '+');
insert into products_attributes (products_attributes_id, products_id, options_id, options_values_id, options_values_price, price_prefix) values ('35', '31', '6', '30', '60.0000', '+');
insert into products_attributes (products_attributes_id, products_id, options_id, options_values_id, options_values_price, price_prefix) values ('36', '30', '6', '31', '0.0000', '+');
insert into products_attributes (products_attributes_id, products_id, options_id, options_values_id, options_values_price, price_prefix) values ('37', '30', '6', '30', '60.0000', '+');
insert into products_attributes (products_attributes_id, products_id, options_id, options_values_id, options_values_price, price_prefix) values ('38', '32', '6', '31', '0.0000', '+');
insert into products_attributes (products_attributes_id, products_id, options_id, options_values_id, options_values_price, price_prefix) values ('39', '32', '6', '30', '60.0000', '+');
insert into products_attributes (products_attributes_id, products_id, options_id, options_values_id, options_values_price, price_prefix) values ('40', '25', '6', '31', '0.0000', '+');
insert into products_attributes (products_attributes_id, products_id, options_id, options_values_id, options_values_price, price_prefix) values ('41', '25', '6', '30', '60.0000', '+');
insert into products_attributes (products_attributes_id, products_id, options_id, options_values_id, options_values_price, price_prefix) values ('42', '29', '6', '31', '0.0000', '+');
insert into products_attributes (products_attributes_id, products_id, options_id, options_values_id, options_values_price, price_prefix) values ('43', '29', '6', '30', '60.0000', '+');
insert into products_attributes (products_attributes_id, products_id, options_id, options_values_id, options_values_price, price_prefix) values ('44', '20', '7', '32', '0.0000', '+');
insert into products_attributes (products_attributes_id, products_id, options_id, options_values_id, options_values_price, price_prefix) values ('45', '20', '7', '33', '0.0000', '+');
insert into products_attributes (products_attributes_id, products_id, options_id, options_values_id, options_values_price, price_prefix) values ('46', '20', '7', '34', '0.0000', '+');
insert into products_attributes (products_attributes_id, products_id, options_id, options_values_id, options_values_price, price_prefix) values ('47', '118', '4', '14', '0.0000', '+');
insert into products_attributes (products_attributes_id, products_id, options_id, options_values_id, options_values_price, price_prefix) values ('48', '118', '4', '15', '0.0000', '+');
insert into products_attributes (products_attributes_id, products_id, options_id, options_values_id, options_values_price, price_prefix) values ('49', '118', '4', '46', '0.0000', '+');
insert into products_attributes (products_attributes_id, products_id, options_id, options_values_id, options_values_price, price_prefix) values ('50', '117', '4', '14', '0.0000', '+');
insert into products_attributes (products_attributes_id, products_id, options_id, options_values_id, options_values_price, price_prefix) values ('51', '117', '4', '15', '0.0000', '+');
insert into products_attributes (products_attributes_id, products_id, options_id, options_values_id, options_values_price, price_prefix) values ('52', '117', '4', '46', '2.0000', '+');
insert into products_attributes (products_attributes_id, products_id, options_id, options_values_id, options_values_price, price_prefix) values ('53', '57', '10', '47', '0.0000', '+');
insert into products_attributes (products_attributes_id, products_id, options_id, options_values_id, options_values_price, price_prefix) values ('54', '57', '10', '32', '0.0000', '+');
insert into products_attributes (products_attributes_id, products_id, options_id, options_values_id, options_values_price, price_prefix) values ('55', '97', '11', '48', '0.0000', '+');
insert into products_attributes (products_attributes_id, products_id, options_id, options_values_id, options_values_price, price_prefix) values ('56', '97', '11', '49', '0.0000', '+');
insert into products_attributes (products_attributes_id, products_id, options_id, options_values_id, options_values_price, price_prefix) values ('57', '97', '11', '50', '0.0000', '+');
insert into products_attributes (products_attributes_id, products_id, options_id, options_values_id, options_values_price, price_prefix) values ('58', '97', '11', '51', '0.0000', '+');
insert into products_attributes (products_attributes_id, products_id, options_id, options_values_id, options_values_price, price_prefix) values ('59', '56', '8', '35', '0.0000', '+');
insert into products_attributes (products_attributes_id, products_id, options_id, options_values_id, options_values_price, price_prefix) values ('60', '56', '8', '36', '0.0000', '+');
insert into products_attributes (products_attributes_id, products_id, options_id, options_values_id, options_values_price, price_prefix) values ('61', '56', '7', '32', '0.0000', '+');
insert into products_attributes (products_attributes_id, products_id, options_id, options_values_id, options_values_price, price_prefix) values ('62', '56', '7', '33', '0.0000', '+');
insert into products_attributes (products_attributes_id, products_id, options_id, options_values_id, options_values_price, price_prefix) values ('63', '56', '7', '34', '0.0000', '+');
insert into products_attributes (products_attributes_id, products_id, options_id, options_values_id, options_values_price, price_prefix) values ('64', '55', '8', '35', '0.0000', '+');
insert into products_attributes (products_attributes_id, products_id, options_id, options_values_id, options_values_price, price_prefix) values ('65', '55', '8', '36', '0.0000', '+');
insert into products_attributes (products_attributes_id, products_id, options_id, options_values_id, options_values_price, price_prefix) values ('66', '54', '8', '35', '0.0000', '+');
insert into products_attributes (products_attributes_id, products_id, options_id, options_values_id, options_values_price, price_prefix) values ('67', '54', '8', '36', '0.0000', '+');
insert into products_attributes (products_attributes_id, products_id, options_id, options_values_id, options_values_price, price_prefix) values ('68', '76', '8', '35', '0.0000', '+');
insert into products_attributes (products_attributes_id, products_id, options_id, options_values_id, options_values_price, price_prefix) values ('69', '76', '8', '36', '0.0000', '+');
insert into products_attributes (products_attributes_id, products_id, options_id, options_values_id, options_values_price, price_prefix) values ('70', '92', '5', '10', '0.0000', '+');
insert into products_attributes (products_attributes_id, products_id, options_id, options_values_id, options_values_price, price_prefix) values ('71', '92', '5', '16', '0.0000', '+');
insert into products_attributes (products_attributes_id, products_id, options_id, options_values_id, options_values_price, price_prefix) values ('72', '92', '5', '17', '0.0000', '+');
insert into products_attributes (products_attributes_id, products_id, options_id, options_values_id, options_values_price, price_prefix) values ('73', '92', '5', '11', '0.0000', '+');
insert into products_attributes (products_attributes_id, products_id, options_id, options_values_id, options_values_price, price_prefix) values ('74', '51', '5', '10', '0.0000', '+');
insert into products_attributes (products_attributes_id, products_id, options_id, options_values_id, options_values_price, price_prefix) values ('75', '51', '5', '16', '0.0000', '+');
insert into products_attributes (products_attributes_id, products_id, options_id, options_values_id, options_values_price, price_prefix) values ('76', '51', '5', '17', '0.0000', '+');
insert into products_attributes (products_attributes_id, products_id, options_id, options_values_id, options_values_price, price_prefix) values ('77', '50', '5', '10', '0.0000', '+');
insert into products_attributes (products_attributes_id, products_id, options_id, options_values_id, options_values_price, price_prefix) values ('78', '50', '5', '16', '0.0000', '+');
insert into products_attributes (products_attributes_id, products_id, options_id, options_values_id, options_values_price, price_prefix) values ('79', '50', '5', '17', '0.0000', '+');
insert into products_attributes (products_attributes_id, products_id, options_id, options_values_id, options_values_price, price_prefix) values ('80', '50', '5', '11', '0.0000', '+');
insert into products_attributes (products_attributes_id, products_id, options_id, options_values_id, options_values_price, price_prefix) values ('81', '93', '5', '10', '0.0000', '+');
insert into products_attributes (products_attributes_id, products_id, options_id, options_values_id, options_values_price, price_prefix) values ('82', '93', '5', '16', '0.0000', '+');
insert into products_attributes (products_attributes_id, products_id, options_id, options_values_id, options_values_price, price_prefix) values ('83', '93', '5', '17', '0.0000', '+');
insert into products_attributes (products_attributes_id, products_id, options_id, options_values_id, options_values_price, price_prefix) values ('84', '93', '5', '11', '0.0000', '+');
insert into products_attributes (products_attributes_id, products_id, options_id, options_values_id, options_values_price, price_prefix) values ('85', '94', '5', '10', '0.0000', '+');
insert into products_attributes (products_attributes_id, products_id, options_id, options_values_id, options_values_price, price_prefix) values ('86', '94', '5', '16', '0.0000', '+');
insert into products_attributes (products_attributes_id, products_id, options_id, options_values_id, options_values_price, price_prefix) values ('87', '94', '5', '17', '0.0000', '+');
insert into products_attributes (products_attributes_id, products_id, options_id, options_values_id, options_values_price, price_prefix) values ('88', '191', '11', '55', '0.0000', '+');
insert into products_attributes (products_attributes_id, products_id, options_id, options_values_id, options_values_price, price_prefix) values ('89', '191', '11', '56', '0.0000', '+');
insert into products_attributes (products_attributes_id, products_id, options_id, options_values_id, options_values_price, price_prefix) values ('90', '191', '2', '52', '3.4900', '+');
insert into products_attributes (products_attributes_id, products_id, options_id, options_values_id, options_values_price, price_prefix) values ('91', '191', '2', '53', '3.9900', '+');
insert into products_attributes (products_attributes_id, products_id, options_id, options_values_id, options_values_price, price_prefix) values ('92', '191', '2', '54', '4.4900', '+');
insert into products_attributes (products_attributes_id, products_id, options_id, options_values_id, options_values_price, price_prefix) values ('93', '191', '2', '49', '6.9900', '+');
insert into products_attributes (products_attributes_id, products_id, options_id, options_values_id, options_values_price, price_prefix) values ('94', '191', '2', '47', '9.9900', '+');
insert into products_attributes (products_attributes_id, products_id, options_id, options_values_id, options_values_price, price_prefix) values ('95', '191', '2', '32', '12.9900', '+');
insert into products_attributes (products_attributes_id, products_id, options_id, options_values_id, options_values_price, price_prefix) values ('96', '237', '12', '59', '0.0000', '+');
insert into products_attributes (products_attributes_id, products_id, options_id, options_values_id, options_values_price, price_prefix) values ('97', '237', '12', '60', '0.0000', '+');
insert into products_attributes (products_attributes_id, products_id, options_id, options_values_id, options_values_price, price_prefix) values ('98', '237', '12', '61', '0.0000', '+');
insert into products_attributes (products_attributes_id, products_id, options_id, options_values_id, options_values_price, price_prefix) values ('99', '237', '12', '62', '0.0000', '+');
insert into products_attributes (products_attributes_id, products_id, options_id, options_values_id, options_values_price, price_prefix) values ('100', '237', '12', '63', '0.0000', '+');
insert into products_attributes (products_attributes_id, products_id, options_id, options_values_id, options_values_price, price_prefix) values ('101', '237', '12', '64', '0.0000', '+');
insert into products_attributes (products_attributes_id, products_id, options_id, options_values_id, options_values_price, price_prefix) values ('102', '237', '12', '65', '0.0000', '+');
insert into products_attributes (products_attributes_id, products_id, options_id, options_values_id, options_values_price, price_prefix) values ('103', '238', '12', '73', '0.0000', '+');
insert into products_attributes (products_attributes_id, products_id, options_id, options_values_id, options_values_price, price_prefix) values ('104', '238', '12', '75', '0.0000', '+');
insert into products_attributes (products_attributes_id, products_id, options_id, options_values_id, options_values_price, price_prefix) values ('105', '238', '12', '77', '0.0000', '+');
insert into products_attributes (products_attributes_id, products_id, options_id, options_values_id, options_values_price, price_prefix) values ('106', '238', '12', '78', '0.0000', '+');
insert into products_attributes (products_attributes_id, products_id, options_id, options_values_id, options_values_price, price_prefix) values ('107', '238', '12', '79', '0.0000', '+');
insert into products_attributes (products_attributes_id, products_id, options_id, options_values_id, options_values_price, price_prefix) values ('108', '238', '12', '80', '0.0000', '+');
insert into products_attributes (products_attributes_id, products_id, options_id, options_values_id, options_values_price, price_prefix) values ('109', '238', '12', '81', '0.0000', '+');
insert into products_attributes (products_attributes_id, products_id, options_id, options_values_id, options_values_price, price_prefix) values ('110', '238', '12', '82', '0.0000', '+');
insert into products_attributes (products_attributes_id, products_id, options_id, options_values_id, options_values_price, price_prefix) values ('111', '238', '12', '83', '0.0000', '+');
insert into products_attributes (products_attributes_id, products_id, options_id, options_values_id, options_values_price, price_prefix) values ('112', '238', '12', '91', '0.0000', '+');
insert into products_attributes (products_attributes_id, products_id, options_id, options_values_id, options_values_price, price_prefix) values ('113', '238', '12', '84', '3.9500', '+');
insert into products_attributes (products_attributes_id, products_id, options_id, options_values_id, options_values_price, price_prefix) values ('114', '238', '12', '85', '3.9500', '+');
insert into products_attributes (products_attributes_id, products_id, options_id, options_values_id, options_values_price, price_prefix) values ('115', '238', '12', '86', '3.9500', '+');
insert into products_attributes (products_attributes_id, products_id, options_id, options_values_id, options_values_price, price_prefix) values ('116', '238', '12', '87', '3.9500', '+');
insert into products_attributes (products_attributes_id, products_id, options_id, options_values_id, options_values_price, price_prefix) values ('117', '238', '12', '88', '3.9500', '+');
insert into products_attributes (products_attributes_id, products_id, options_id, options_values_id, options_values_price, price_prefix) values ('118', '238', '12', '89', '3.9500', '+');
insert into products_attributes (products_attributes_id, products_id, options_id, options_values_id, options_values_price, price_prefix) values ('119', '238', '12', '90', '3.9500', '+');
insert into products_attributes (products_attributes_id, products_id, options_id, options_values_id, options_values_price, price_prefix) values ('120', '239', '12', '58', '0.0000', '+');
insert into products_attributes (products_attributes_id, products_id, options_id, options_values_id, options_values_price, price_prefix) values ('121', '239', '12', '59', '0.0000', '+');
insert into products_attributes (products_attributes_id, products_id, options_id, options_values_id, options_values_price, price_prefix) values ('122', '239', '12', '60', '0.0000', '+');
insert into products_attributes (products_attributes_id, products_id, options_id, options_values_id, options_values_price, price_prefix) values ('123', '239', '12', '61', '0.0000', '+');
insert into products_attributes (products_attributes_id, products_id, options_id, options_values_id, options_values_price, price_prefix) values ('124', '239', '12', '62', '0.0000', '+');
insert into products_attributes (products_attributes_id, products_id, options_id, options_values_id, options_values_price, price_prefix) values ('125', '239', '12', '63', '0.0000', '+');
insert into products_attributes (products_attributes_id, products_id, options_id, options_values_id, options_values_price, price_prefix) values ('126', '239', '12', '64', '0.0000', '+');
insert into products_attributes (products_attributes_id, products_id, options_id, options_values_id, options_values_price, price_prefix) values ('127', '239', '12', '65', '0.0000', '+');
insert into products_attributes (products_attributes_id, products_id, options_id, options_values_id, options_values_price, price_prefix) values ('128', '239', '12', '66', '3.9500', '+');
insert into products_attributes (products_attributes_id, products_id, options_id, options_values_id, options_values_price, price_prefix) values ('129', '239', '12', '67', '3.9500', '+');
insert into products_attributes (products_attributes_id, products_id, options_id, options_values_id, options_values_price, price_prefix) values ('130', '239', '12', '68', '3.9500', '+');
insert into products_attributes (products_attributes_id, products_id, options_id, options_values_id, options_values_price, price_prefix) values ('131', '229', '13', '96', '0.0000', '+');
insert into products_attributes (products_attributes_id, products_id, options_id, options_values_id, options_values_price, price_prefix) values ('132', '229', '13', '97', '0.0000', '+');
insert into products_attributes (products_attributes_id, products_id, options_id, options_values_id, options_values_price, price_prefix) values ('133', '229', '14', '92', '0.0000', '+');
insert into products_attributes (products_attributes_id, products_id, options_id, options_values_id, options_values_price, price_prefix) values ('134', '229', '14', '93', '0.0000', '+');
insert into products_attributes (products_attributes_id, products_id, options_id, options_values_id, options_values_price, price_prefix) values ('135', '229', '14', '94', '0.0000', '+');
insert into products_attributes (products_attributes_id, products_id, options_id, options_values_id, options_values_price, price_prefix) values ('136', '229', '14', '95', '0.0000', '+');
insert into products_attributes (products_attributes_id, products_id, options_id, options_values_id, options_values_price, price_prefix) values ('137', '159', '15', '98', '13.9900', '+');
insert into products_attributes (products_attributes_id, products_id, options_id, options_values_id, options_values_price, price_prefix) values ('138', '159', '15', '14', '14.4900', '+');
insert into products_attributes (products_attributes_id, products_id, options_id, options_values_id, options_values_price, price_prefix) values ('139', '159', '15', '46', '14.9900', '+');
insert into products_attributes (products_attributes_id, products_id, options_id, options_values_id, options_values_price, price_prefix) values ('140', '159', '15', '99', '15.4900', '+');
insert into products_attributes (products_attributes_id, products_id, options_id, options_values_id, options_values_price, price_prefix) values ('141', '159', '15', '100', '15.9900', '+');
insert into products_attributes (products_attributes_id, products_id, options_id, options_values_id, options_values_price, price_prefix) values ('142', '159', '15', '101', '16.9900', '+');
insert into products_attributes (products_attributes_id, products_id, options_id, options_values_id, options_values_price, price_prefix) values ('143', '159', '15', '102', '17.9900', '+');
insert into products_attributes (products_attributes_id, products_id, options_id, options_values_id, options_values_price, price_prefix) values ('144', '159', '15', '103', '18.9900', '+');
insert into products_attributes (products_attributes_id, products_id, options_id, options_values_id, options_values_price, price_prefix) values ('145', '159', '15', '104', '19.9900', '+');
insert into products_attributes (products_attributes_id, products_id, options_id, options_values_id, options_values_price, price_prefix) values ('146', '158', '15', '98', '10.7500', '+');
insert into products_attributes (products_attributes_id, products_id, options_id, options_values_id, options_values_price, price_prefix) values ('147', '158', '15', '14', '10.9900', '+');
insert into products_attributes (products_attributes_id, products_id, options_id, options_values_id, options_values_price, price_prefix) values ('148', '158', '15', '46', '11.2500', '+');
insert into products_attributes (products_attributes_id, products_id, options_id, options_values_id, options_values_price, price_prefix) values ('149', '158', '15', '99', '11.4900', '+');
insert into products_attributes (products_attributes_id, products_id, options_id, options_values_id, options_values_price, price_prefix) values ('150', '158', '15', '100', '11.9900', '+');
insert into products_attributes (products_attributes_id, products_id, options_id, options_values_id, options_values_price, price_prefix) values ('151', '158', '15', '101', '12.9900', '+');
insert into products_attributes (products_attributes_id, products_id, options_id, options_values_id, options_values_price, price_prefix) values ('152', '158', '15', '102', '13.9900', '+');
insert into products_attributes (products_attributes_id, products_id, options_id, options_values_id, options_values_price, price_prefix) values ('153', '158', '15', '103', '15.9900', '+');
insert into products_attributes (products_attributes_id, products_id, options_id, options_values_id, options_values_price, price_prefix) values ('154', '158', '15', '104', '16.9900', '+');
insert into products_attributes (products_attributes_id, products_id, options_id, options_values_id, options_values_price, price_prefix) values ('155', '158', '15', '105', '17.9900', '+');
insert into products_attributes (products_attributes_id, products_id, options_id, options_values_id, options_values_price, price_prefix) values ('156', '211', '18', '11', '0.0000', '+');
insert into products_attributes (products_attributes_id, products_id, options_id, options_values_id, options_values_price, price_prefix) values ('157', '211', '18', '12', '0.0000', '+');
insert into products_attributes (products_attributes_id, products_id, options_id, options_values_id, options_values_price, price_prefix) values ('158', '211', '18', '13', '0.0000', '+');
insert into products_attributes (products_attributes_id, products_id, options_id, options_values_id, options_values_price, price_prefix) values ('159', '211', '18', '10', '0.0000', '+');
insert into products_attributes (products_attributes_id, products_id, options_id, options_values_id, options_values_price, price_prefix) values ('160', '211', '16', '10', '0.0000', '+');
insert into products_attributes (products_attributes_id, products_id, options_id, options_values_id, options_values_price, price_prefix) values ('161', '211', '16', '16', '0.0000', '+');
insert into products_attributes (products_attributes_id, products_id, options_id, options_values_id, options_values_price, price_prefix) values ('162', '211', '16', '17', '0.0000', '+');
insert into products_attributes (products_attributes_id, products_id, options_id, options_values_id, options_values_price, price_prefix) values ('163', '211', '16', '11', '0.0000', '+');
insert into products_attributes (products_attributes_id, products_id, options_id, options_values_id, options_values_price, price_prefix) values ('164', '211', '17', '10', '0.0000', '+');
insert into products_attributes (products_attributes_id, products_id, options_id, options_values_id, options_values_price, price_prefix) values ('165', '211', '17', '16', '0.0000', '+');
insert into products_attributes (products_attributes_id, products_id, options_id, options_values_id, options_values_price, price_prefix) values ('166', '211', '17', '17', '0.0000', '+');
insert into products_attributes (products_attributes_id, products_id, options_id, options_values_id, options_values_price, price_prefix) values ('167', '211', '17', '11', '0.0000', '+');
insert into products_attributes (products_attributes_id, products_id, options_id, options_values_id, options_values_price, price_prefix) values ('168', '181', '2', '4', '0.0000', '+');
insert into products_attributes (products_attributes_id, products_id, options_id, options_values_id, options_values_price, price_prefix) values ('169', '181', '2', '5', '0.0000', '+');
insert into products_attributes (products_attributes_id, products_id, options_id, options_values_id, options_values_price, price_prefix) values ('170', '181', '2', '6', '0.0000', '+');
insert into products_attributes (products_attributes_id, products_id, options_id, options_values_id, options_values_price, price_prefix) values ('171', '181', '2', '7', '0.0000', '+');
insert into products_attributes (products_attributes_id, products_id, options_id, options_values_id, options_values_price, price_prefix) values ('172', '41', '2', '4', '0.0000', '+');
insert into products_attributes (products_attributes_id, products_id, options_id, options_values_id, options_values_price, price_prefix) values ('173', '41', '2', '5', '0.0000', '+');
insert into products_attributes (products_attributes_id, products_id, options_id, options_values_id, options_values_price, price_prefix) values ('174', '41', '2', '6', '0.0000', '+');
insert into products_attributes (products_attributes_id, products_id, options_id, options_values_id, options_values_price, price_prefix) values ('175', '41', '2', '7', '0.0000', '+');
insert into products_attributes (products_attributes_id, products_id, options_id, options_values_id, options_values_price, price_prefix) values ('176', '41', '2', '8', '0.0000', '+');
insert into products_attributes (products_attributes_id, products_id, options_id, options_values_id, options_values_price, price_prefix) values ('177', '45', '1', '2', '0.0000', '+');
insert into products_attributes (products_attributes_id, products_id, options_id, options_values_id, options_values_price, price_prefix) values ('178', '45', '1', '1', '0.0000', '+');
insert into products_attributes (products_attributes_id, products_id, options_id, options_values_id, options_values_price, price_prefix) values ('179', '45', '1', '3', '0.0000', '+');
insert into products_attributes (products_attributes_id, products_id, options_id, options_values_id, options_values_price, price_prefix) values ('180', '45', '2', '4', '0.0000', '+');
insert into products_attributes (products_attributes_id, products_id, options_id, options_values_id, options_values_price, price_prefix) values ('181', '45', '2', '5', '0.0000', '+');
insert into products_attributes (products_attributes_id, products_id, options_id, options_values_id, options_values_price, price_prefix) values ('182', '45', '2', '6', '0.0000', '+');
insert into products_attributes (products_attributes_id, products_id, options_id, options_values_id, options_values_price, price_prefix) values ('183', '45', '2', '7', '0.0000', '+');
insert into products_attributes (products_attributes_id, products_id, options_id, options_values_id, options_values_price, price_prefix) values ('184', '81', '1', '2', '0.0000', '+');
insert into products_attributes (products_attributes_id, products_id, options_id, options_values_id, options_values_price, price_prefix) values ('185', '81', '1', '1', '0.0000', '+');
insert into products_attributes (products_attributes_id, products_id, options_id, options_values_id, options_values_price, price_prefix) values ('186', '81', '1', '3', '0.0000', '+');
insert into products_attributes (products_attributes_id, products_id, options_id, options_values_id, options_values_price, price_prefix) values ('187', '44', '2', '19', '0.0000', '+');
insert into products_attributes (products_attributes_id, products_id, options_id, options_values_id, options_values_price, price_prefix) values ('188', '44', '2', '21', '0.0000', '+');
insert into products_attributes (products_attributes_id, products_id, options_id, options_values_id, options_values_price, price_prefix) values ('189', '44', '2', '23', '0.0000', '+');
insert into products_attributes (products_attributes_id, products_id, options_id, options_values_id, options_values_price, price_prefix) values ('190', '44', '2', '25', '0.0000', '+');
insert into products_attributes (products_attributes_id, products_id, options_id, options_values_id, options_values_price, price_prefix) values ('191', '44', '2', '27', '0.0000', '+');
insert into products_attributes (products_attributes_id, products_id, options_id, options_values_id, options_values_price, price_prefix) values ('192', '44', '2', '29', '0.0000', '+');
insert into products_attributes (products_attributes_id, products_id, options_id, options_values_id, options_values_price, price_prefix) values ('193', '61', '1', '2', '0.0000', '+');
insert into products_attributes (products_attributes_id, products_id, options_id, options_values_id, options_values_price, price_prefix) values ('194', '61', '1', '18', '0.0000', '+');
insert into products_attributes (products_attributes_id, products_id, options_id, options_values_id, options_values_price, price_prefix) values ('195', '61', '1', '3', '0.0000', '+');
insert into products_attributes (products_attributes_id, products_id, options_id, options_values_id, options_values_price, price_prefix) values ('196', '61', '1', '1', '0.0000', '+');
insert into products_attributes (products_attributes_id, products_id, options_id, options_values_id, options_values_price, price_prefix) values ('197', '61', '1', '106', '0.0000', '+');
insert into products_attributes (products_attributes_id, products_id, options_id, options_values_id, options_values_price, price_prefix) values ('198', '42', '1', '2', '0.0000', '+');
insert into products_attributes (products_attributes_id, products_id, options_id, options_values_id, options_values_price, price_prefix) values ('199', '42', '1', '1', '0.0000', '+');
insert into products_attributes (products_attributes_id, products_id, options_id, options_values_id, options_values_price, price_prefix) values ('200', '42', '1', '3', '0.0000', '+');
insert into products_attributes (products_attributes_id, products_id, options_id, options_values_id, options_values_price, price_prefix) values ('201', '43', '1', '2', '0.0000', '+');
insert into products_attributes (products_attributes_id, products_id, options_id, options_values_id, options_values_price, price_prefix) values ('202', '43', '1', '1', '0.0000', '+');
insert into products_attributes (products_attributes_id, products_id, options_id, options_values_id, options_values_price, price_prefix) values ('203', '43', '1', '3', '0.0000', '+');
insert into products_attributes (products_attributes_id, products_id, options_id, options_values_id, options_values_price, price_prefix) values ('204', '43', '1', '18', '0.0000', '+');
insert into products_attributes (products_attributes_id, products_id, options_id, options_values_id, options_values_price, price_prefix) values ('205', '43', '1', '106', '0.0000', '+');
insert into products_attributes (products_attributes_id, products_id, options_id, options_values_id, options_values_price, price_prefix) values ('206', '43', '1', '107', '0.0000', '+');
insert into products_attributes (products_attributes_id, products_id, options_id, options_values_id, options_values_price, price_prefix) values ('207', '43', '1', '108', '0.0000', '+');
insert into products_attributes (products_attributes_id, products_id, options_id, options_values_id, options_values_price, price_prefix) values ('208', '214', '2', '4', '0.0000', '+');
insert into products_attributes (products_attributes_id, products_id, options_id, options_values_id, options_values_price, price_prefix) values ('211', '214', '2', '6', '0.0000', '+');
insert into products_attributes (products_attributes_id, products_id, options_id, options_values_id, options_values_price, price_prefix) values ('210', '214', '2', '5', '0.0000', '+');
insert into products_attributes (products_attributes_id, products_id, options_id, options_values_id, options_values_price, price_prefix) values ('212', '214', '2', '7', '0.0000', '+');
insert into products_attributes (products_attributes_id, products_id, options_id, options_values_id, options_values_price, price_prefix) values ('213', '214', '2', '8', '0.0000', '+');
insert into products_attributes (products_attributes_id, products_id, options_id, options_values_id, options_values_price, price_prefix) values ('214', '320', '1', '2', '0.0000', '+');
insert into products_attributes (products_attributes_id, products_id, options_id, options_values_id, options_values_price, price_prefix) values ('215', '320', '1', '1', '0.0000', '+');
insert into products_attributes (products_attributes_id, products_id, options_id, options_values_id, options_values_price, price_prefix) values ('216', '320', '1', '3', '0.0000', '+');
insert into products_attributes (products_attributes_id, products_id, options_id, options_values_id, options_values_price, price_prefix) values ('217', '320', '19', '4', '0.0000', '+');
insert into products_attributes (products_attributes_id, products_id, options_id, options_values_id, options_values_price, price_prefix) values ('218', '320', '19', '5', '0.0000', '+');
insert into products_attributes (products_attributes_id, products_id, options_id, options_values_id, options_values_price, price_prefix) values ('219', '320', '19', '6', '0.0000', '+');
insert into products_attributes (products_attributes_id, products_id, options_id, options_values_id, options_values_price, price_prefix) values ('220', '320', '19', '7', '0.0000', '+');
insert into products_attributes (products_attributes_id, products_id, options_id, options_values_id, options_values_price, price_prefix) values ('221', '320', '19', '8', '5.0000', '+');
insert into products_attributes (products_attributes_id, products_id, options_id, options_values_id, options_values_price, price_prefix) values ('222', '320', '19', '9', '5.0000', '+');
insert into products_attributes (products_attributes_id, products_id, options_id, options_values_id, options_values_price, price_prefix) values ('223', '320', '20', '4', '0.0000', '+');
insert into products_attributes (products_attributes_id, products_id, options_id, options_values_id, options_values_price, price_prefix) values ('224', '320', '20', '5', '0.0000', '+');
insert into products_attributes (products_attributes_id, products_id, options_id, options_values_id, options_values_price, price_prefix) values ('225', '320', '20', '6', '0.0000', '+');
insert into products_attributes (products_attributes_id, products_id, options_id, options_values_id, options_values_price, price_prefix) values ('226', '320', '20', '7', '0.0000', '+');
insert into products_attributes (products_attributes_id, products_id, options_id, options_values_id, options_values_price, price_prefix) values ('227', '320', '20', '8', '5.0000', '+');
insert into products_attributes (products_attributes_id, products_id, options_id, options_values_id, options_values_price, price_prefix) values ('228', '320', '20', '9', '5.0000', '+');
insert into products_attributes (products_attributes_id, products_id, options_id, options_values_id, options_values_price, price_prefix) values ('229', '26', '3', '12', '0.0000', '+');
insert into products_attributes (products_attributes_id, products_id, options_id, options_values_id, options_values_price, price_prefix) values ('230', '210', '3', '10', '0.0000', '+');
insert into products_attributes (products_attributes_id, products_id, options_id, options_values_id, options_values_price, price_prefix) values ('231', '210', '3', '11', '0.0000', '+');
insert into products_attributes (products_attributes_id, products_id, options_id, options_values_id, options_values_price, price_prefix) values ('232', '210', '3', '12', '0.0000', '+');
insert into products_attributes (products_attributes_id, products_id, options_id, options_values_id, options_values_price, price_prefix) values ('233', '210', '3', '13', '0.0000', '+');
insert into products_attributes (products_attributes_id, products_id, options_id, options_values_id, options_values_price, price_prefix) values ('234', '210', '16', '10', '0.0000', '+');
insert into products_attributes (products_attributes_id, products_id, options_id, options_values_id, options_values_price, price_prefix) values ('235', '210', '16', '16', '0.0000', '+');
insert into products_attributes (products_attributes_id, products_id, options_id, options_values_id, options_values_price, price_prefix) values ('236', '210', '16', '17', '0.0000', '+');
insert into products_attributes (products_attributes_id, products_id, options_id, options_values_id, options_values_price, price_prefix) values ('237', '210', '16', '11', '0.0000', '+');
insert into products_attributes (products_attributes_id, products_id, options_id, options_values_id, options_values_price, price_prefix) values ('238', '210', '17', '10', '0.0000', '+');
insert into products_attributes (products_attributes_id, products_id, options_id, options_values_id, options_values_price, price_prefix) values ('239', '210', '17', '16', '0.0000', '+');
insert into products_attributes (products_attributes_id, products_id, options_id, options_values_id, options_values_price, price_prefix) values ('240', '210', '17', '17', '0.0000', '+');
insert into products_attributes (products_attributes_id, products_id, options_id, options_values_id, options_values_price, price_prefix) values ('241', '210', '17', '11', '0.0000', '+');
insert into products_attributes (products_attributes_id, products_id, options_id, options_values_id, options_values_price, price_prefix) values ('242', '87', '3', '10', '0.0000', '+');
insert into products_attributes (products_attributes_id, products_id, options_id, options_values_id, options_values_price, price_prefix) values ('243', '87', '3', '11', '0.0000', '+');
insert into products_attributes (products_attributes_id, products_id, options_id, options_values_id, options_values_price, price_prefix) values ('244', '87', '3', '12', '0.0000', '+');
insert into products_attributes (products_attributes_id, products_id, options_id, options_values_id, options_values_price, price_prefix) values ('245', '87', '3', '13', '0.0000', '+');
insert into products_attributes (products_attributes_id, products_id, options_id, options_values_id, options_values_price, price_prefix) values ('246', '91', '3', '10', '0.0000', '+');
insert into products_attributes (products_attributes_id, products_id, options_id, options_values_id, options_values_price, price_prefix) values ('247', '91', '3', '11', '0.0000', '+');
insert into products_attributes (products_attributes_id, products_id, options_id, options_values_id, options_values_price, price_prefix) values ('248', '91', '3', '12', '0.0000', '+');
insert into products_attributes (products_attributes_id, products_id, options_id, options_values_id, options_values_price, price_prefix) values ('249', '91', '3', '13', '0.0000', '+');
insert into products_attributes (products_attributes_id, products_id, options_id, options_values_id, options_values_price, price_prefix) values ('250', '52', '3', '10', '0.0000', '+');
insert into products_attributes (products_attributes_id, products_id, options_id, options_values_id, options_values_price, price_prefix) values ('251', '52', '3', '11', '0.0000', '+');
insert into products_attributes (products_attributes_id, products_id, options_id, options_values_id, options_values_price, price_prefix) values ('252', '52', '3', '12', '0.0000', '+');
insert into products_attributes (products_attributes_id, products_id, options_id, options_values_id, options_values_price, price_prefix) values ('253', '52', '3', '13', '0.0000', '+');
insert into products_attributes (products_attributes_id, products_id, options_id, options_values_id, options_values_price, price_prefix) values ('254', '95', '3', '10', '0.0000', '+');
insert into products_attributes (products_attributes_id, products_id, options_id, options_values_id, options_values_price, price_prefix) values ('255', '95', '3', '11', '0.0000', '+');
insert into products_attributes (products_attributes_id, products_id, options_id, options_values_id, options_values_price, price_prefix) values ('256', '95', '3', '12', '0.0000', '+');
insert into products_attributes (products_attributes_id, products_id, options_id, options_values_id, options_values_price, price_prefix) values ('257', '95', '3', '13', '0.0000', '+');
insert into products_attributes (products_attributes_id, products_id, options_id, options_values_id, options_values_price, price_prefix) values ('258', '89', '3', '10', '0.0000', '+');
insert into products_attributes (products_attributes_id, products_id, options_id, options_values_id, options_values_price, price_prefix) values ('259', '89', '3', '11', '0.0000', '+');
insert into products_attributes (products_attributes_id, products_id, options_id, options_values_id, options_values_price, price_prefix) values ('260', '89', '3', '13', '0.0000', '+');
insert into products_attributes (products_attributes_id, products_id, options_id, options_values_id, options_values_price, price_prefix) values ('261', '90', '3', '10', '0.0000', '+');
insert into products_attributes (products_attributes_id, products_id, options_id, options_values_id, options_values_price, price_prefix) values ('262', '90', '3', '11', '0.0000', '+');
insert into products_attributes (products_attributes_id, products_id, options_id, options_values_id, options_values_price, price_prefix) values ('263', '90', '3', '12', '0.0000', '+');
insert into products_attributes (products_attributes_id, products_id, options_id, options_values_id, options_values_price, price_prefix) values ('264', '90', '3', '13', '0.0000', '+');
insert into products_attributes (products_attributes_id, products_id, options_id, options_values_id, options_values_price, price_prefix) values ('265', '96', '3', '10', '0.0000', '+');
insert into products_attributes (products_attributes_id, products_id, options_id, options_values_id, options_values_price, price_prefix) values ('266', '96', '3', '11', '0.0000', '+');
insert into products_attributes (products_attributes_id, products_id, options_id, options_values_id, options_values_price, price_prefix) values ('267', '96', '3', '12', '0.0000', '+');
insert into products_attributes (products_attributes_id, products_id, options_id, options_values_id, options_values_price, price_prefix) values ('268', '96', '3', '13', '0.0000', '+');
insert into products_attributes (products_attributes_id, products_id, options_id, options_values_id, options_values_price, price_prefix) values ('269', '273', '1', '1', '0.0000', '+');
insert into products_attributes (products_attributes_id, products_id, options_id, options_values_id, options_values_price, price_prefix) values ('378', '276', '15', '128', '9.9900', '+');
insert into products_attributes (products_attributes_id, products_id, options_id, options_values_id, options_values_price, price_prefix) values ('349', '275', '15', '130', '10.9900', '+');
insert into products_attributes (products_attributes_id, products_id, options_id, options_values_id, options_values_price, price_prefix) values ('348', '275', '15', '129', '10.4900', '+');
insert into products_attributes (products_attributes_id, products_id, options_id, options_values_id, options_values_price, price_prefix) values ('273', '273', '1', '108', '0.0000', '+');
insert into products_attributes (products_attributes_id, products_id, options_id, options_values_id, options_values_price, price_prefix) values ('274', '273', '1', '18', '0.0000', '+');
insert into products_attributes (products_attributes_id, products_id, options_id, options_values_id, options_values_price, price_prefix) values ('275', '274', '1', '1', '0.0000', '+');
insert into products_attributes (products_attributes_id, products_id, options_id, options_values_id, options_values_price, price_prefix) values ('276', '274', '1', '2', '0.0000', '+');
insert into products_attributes (products_attributes_id, products_id, options_id, options_values_id, options_values_price, price_prefix) values ('277', '274', '1', '3', '0.0000', '+');
insert into products_attributes (products_attributes_id, products_id, options_id, options_values_id, options_values_price, price_prefix) values ('278', '274', '1', '107', '0.0000', '+');
insert into products_attributes (products_attributes_id, products_id, options_id, options_values_id, options_values_price, price_prefix) values ('279', '274', '1', '108', '0.0000', '+');
insert into products_attributes (products_attributes_id, products_id, options_id, options_values_id, options_values_price, price_prefix) values ('280', '274', '1', '18', '0.0000', '+');
insert into products_attributes (products_attributes_id, products_id, options_id, options_values_id, options_values_price, price_prefix) values ('281', '220', '1', '109', '0.0000', '+');
insert into products_attributes (products_attributes_id, products_id, options_id, options_values_id, options_values_price, price_prefix) values ('282', '220', '1', '2', '0.0000', '+');
insert into products_attributes (products_attributes_id, products_id, options_id, options_values_id, options_values_price, price_prefix) values ('283', '220', '1', '1', '0.0000', '+');
insert into products_attributes (products_attributes_id, products_id, options_id, options_values_id, options_values_price, price_prefix) values ('284', '220', '1', '107', '0.0000', '+');
insert into products_attributes (products_attributes_id, products_id, options_id, options_values_id, options_values_price, price_prefix) values ('285', '220', '1', '108', '0.0000', '+');
insert into products_attributes (products_attributes_id, products_id, options_id, options_values_id, options_values_price, price_prefix) values ('286', '220', '1', '18', '0.0000', '+');
insert into products_attributes (products_attributes_id, products_id, options_id, options_values_id, options_values_price, price_prefix) values ('287', '220', '1', '110', '0.0000', '+');
insert into products_attributes (products_attributes_id, products_id, options_id, options_values_id, options_values_price, price_prefix) values ('288', '220', '1', '111', '0.0000', '+');
insert into products_attributes (products_attributes_id, products_id, options_id, options_values_id, options_values_price, price_prefix) values ('289', '220', '1', '112', '0.0000', '+');
insert into products_attributes (products_attributes_id, products_id, options_id, options_values_id, options_values_price, price_prefix) values ('290', '162', '2', '114', '0.0000', '+');
insert into products_attributes (products_attributes_id, products_id, options_id, options_values_id, options_values_price, price_prefix) values ('291', '162', '2', '115', '0.0000', '+');
insert into products_attributes (products_attributes_id, products_id, options_id, options_values_id, options_values_price, price_prefix) values ('292', '161', '2', '114', '0.0000', '+');
insert into products_attributes (products_attributes_id, products_id, options_id, options_values_id, options_values_price, price_prefix) values ('293', '161', '2', '115', '0.0000', '+');
insert into products_attributes (products_attributes_id, products_id, options_id, options_values_id, options_values_price, price_prefix) values ('294', '163', '2', '113', '0.0000', '+');
insert into products_attributes (products_attributes_id, products_id, options_id, options_values_id, options_values_price, price_prefix) values ('295', '163', '2', '114', '0.0000', '+');
insert into products_attributes (products_attributes_id, products_id, options_id, options_values_id, options_values_price, price_prefix) values ('296', '163', '2', '115', '0.0000', '+');
insert into products_attributes (products_attributes_id, products_id, options_id, options_values_id, options_values_price, price_prefix) values ('297', '322', '1', '2', '0.0000', '+');
insert into products_attributes (products_attributes_id, products_id, options_id, options_values_id, options_values_price, price_prefix) values ('298', '322', '1', '1', '0.0000', '+');
insert into products_attributes (products_attributes_id, products_id, options_id, options_values_id, options_values_price, price_prefix) values ('299', '322', '1', '3', '0.0000', '+');
insert into products_attributes (products_attributes_id, products_id, options_id, options_values_id, options_values_price, price_prefix) values ('300', '322', '1', '18', '0.0000', '+');
insert into products_attributes (products_attributes_id, products_id, options_id, options_values_id, options_values_price, price_prefix) values ('301', '322', '1', '106', '0.0000', '+');
insert into products_attributes (products_attributes_id, products_id, options_id, options_values_id, options_values_price, price_prefix) values ('302', '58', '2', '21', '0.0000', '+');
insert into products_attributes (products_attributes_id, products_id, options_id, options_values_id, options_values_price, price_prefix) values ('303', '58', '2', '22', '0.0000', '+');
insert into products_attributes (products_attributes_id, products_id, options_id, options_values_id, options_values_price, price_prefix) values ('304', '58', '2', '23', '0.0000', '+');
insert into products_attributes (products_attributes_id, products_id, options_id, options_values_id, options_values_price, price_prefix) values ('305', '58', '2', '24', '0.0000', '+');
insert into products_attributes (products_attributes_id, products_id, options_id, options_values_id, options_values_price, price_prefix) values ('306', '58', '2', '25', '0.0000', '+');
insert into products_attributes (products_attributes_id, products_id, options_id, options_values_id, options_values_price, price_prefix) values ('307', '58', '2', '26', '0.0000', '+');
insert into products_attributes (products_attributes_id, products_id, options_id, options_values_id, options_values_price, price_prefix) values ('308', '58', '2', '27', '0.0000', '+');
insert into products_attributes (products_attributes_id, products_id, options_id, options_values_id, options_values_price, price_prefix) values ('309', '58', '2', '29', '0.0000', '+');
insert into products_attributes (products_attributes_id, products_id, options_id, options_values_id, options_values_price, price_prefix) values ('310', '38', '22', '116', '0.0000', '+');
insert into products_attributes (products_attributes_id, products_id, options_id, options_values_id, options_values_price, price_prefix) values ('311', '38', '22', '117', '0.0000', '+');
insert into products_attributes (products_attributes_id, products_id, options_id, options_values_id, options_values_price, price_prefix) values ('312', '59', '9', '37', '0.0000', '+');
insert into products_attributes (products_attributes_id, products_id, options_id, options_values_id, options_values_price, price_prefix) values ('313', '59', '9', '38', '0.0000', '+');
insert into products_attributes (products_attributes_id, products_id, options_id, options_values_id, options_values_price, price_prefix) values ('314', '40', '4', '14', '0.0000', '+');
insert into products_attributes (products_attributes_id, products_id, options_id, options_values_id, options_values_price, price_prefix) values ('315', '40', '4', '15', '0.0000', '+');
insert into products_attributes (products_attributes_id, products_id, options_id, options_values_id, options_values_price, price_prefix) values ('316', '131', '23', '118', '0.0000', '+');
insert into products_attributes (products_attributes_id, products_id, options_id, options_values_id, options_values_price, price_prefix) values ('317', '131', '23', '119', '0.0000', '+');
insert into products_attributes (products_attributes_id, products_id, options_id, options_values_id, options_values_price, price_prefix) values ('318', '328', '1', '2', '0.0000', '+');
insert into products_attributes (products_attributes_id, products_id, options_id, options_values_id, options_values_price, price_prefix) values ('319', '328', '1', '107', '0.0000', '+');
insert into products_attributes (products_attributes_id, products_id, options_id, options_values_id, options_values_price, price_prefix) values ('320', '328', '1', '108', '0.0000', '+');
insert into products_attributes (products_attributes_id, products_id, options_id, options_values_id, options_values_price, price_prefix) values ('321', '328', '1', '3', '0.0000', '+');
insert into products_attributes (products_attributes_id, products_id, options_id, options_values_id, options_values_price, price_prefix) values ('322', '328', '1', '1', '0.0000', '+');
insert into products_attributes (products_attributes_id, products_id, options_id, options_values_id, options_values_price, price_prefix) values ('323', '328', '1', '18', '0.0000', '+');
insert into products_attributes (products_attributes_id, products_id, options_id, options_values_id, options_values_price, price_prefix) values ('324', '321', '1', '3', '0.0000', '+');
insert into products_attributes (products_attributes_id, products_id, options_id, options_values_id, options_values_price, price_prefix) values ('325', '321', '1', '1', '0.0000', '+');
insert into products_attributes (products_attributes_id, products_id, options_id, options_values_id, options_values_price, price_prefix) values ('326', '321', '1', '2', '0.0000', '+');
insert into products_attributes (products_attributes_id, products_id, options_id, options_values_id, options_values_price, price_prefix) values ('327', '321', '1', '109', '0.0000', '+');
insert into products_attributes (products_attributes_id, products_id, options_id, options_values_id, options_values_price, price_prefix) values ('328', '321', '1', '107', '0.0000', '+');
insert into products_attributes (products_attributes_id, products_id, options_id, options_values_id, options_values_price, price_prefix) values ('329', '321', '1', '18', '0.0000', '+');
insert into products_attributes (products_attributes_id, products_id, options_id, options_values_id, options_values_price, price_prefix) values ('330', '321', '1', '108', '0.0000', '+');
insert into products_attributes (products_attributes_id, products_id, options_id, options_values_id, options_values_price, price_prefix) values ('331', '135', '24', '120', '0.0000', '+');
insert into products_attributes (products_attributes_id, products_id, options_id, options_values_id, options_values_price, price_prefix) values ('332', '135', '24', '122', '0.0000', '+');
insert into products_attributes (products_attributes_id, products_id, options_id, options_values_id, options_values_price, price_prefix) values ('333', '135', '24', '124', '0.0000', '+');
insert into products_attributes (products_attributes_id, products_id, options_id, options_values_id, options_values_price, price_prefix) values ('334', '134', '24', '120', '0.0000', '+');
insert into products_attributes (products_attributes_id, products_id, options_id, options_values_id, options_values_price, price_prefix) values ('335', '134', '24', '122', '0.0000', '+');
insert into products_attributes (products_attributes_id, products_id, options_id, options_values_id, options_values_price, price_prefix) values ('336', '134', '24', '124', '0.0000', '+');
insert into products_attributes (products_attributes_id, products_id, options_id, options_values_id, options_values_price, price_prefix) values ('337', '133', '24', '120', '0.0000', '+');
insert into products_attributes (products_attributes_id, products_id, options_id, options_values_id, options_values_price, price_prefix) values ('338', '133', '24', '122', '0.0000', '+');
insert into products_attributes (products_attributes_id, products_id, options_id, options_values_id, options_values_price, price_prefix) values ('339', '133', '24', '124', '0.0000', '+');
insert into products_attributes (products_attributes_id, products_id, options_id, options_values_id, options_values_price, price_prefix) values ('340', '273', '1', '2', '0.0000', '+');
insert into products_attributes (products_attributes_id, products_id, options_id, options_values_id, options_values_price, price_prefix) values ('350', '275', '15', '131', '11.4900', '+');
insert into products_attributes (products_attributes_id, products_id, options_id, options_values_id, options_values_price, price_prefix) values ('342', '273', '1', '3', '0.0000', '+');
insert into products_attributes (products_attributes_id, products_id, options_id, options_values_id, options_values_price, price_prefix) values ('343', '273', '1', '107', '0.0000', '+');
insert into products_attributes (products_attributes_id, products_id, options_id, options_values_id, options_values_price, price_prefix) values ('347', '275', '15', '128', '9.9900', '+');
insert into products_attributes (products_attributes_id, products_id, options_id, options_values_id, options_values_price, price_prefix) values ('346', '275', '15', '127', '9.4900', '+');
insert into products_attributes (products_attributes_id, products_id, options_id, options_values_id, options_values_price, price_prefix) values ('352', '275', '15', '140', '11.9900', '+');
insert into products_attributes (products_attributes_id, products_id, options_id, options_values_id, options_values_price, price_prefix) values ('353', '275', '15', '98', '12.4900', '+');
insert into products_attributes (products_attributes_id, products_id, options_id, options_values_id, options_values_price, price_prefix) values ('354', '275', '15', '132', '12.9900', '+');
insert into products_attributes (products_attributes_id, products_id, options_id, options_values_id, options_values_price, price_prefix) values ('355', '275', '15', '133', '13.4900', '+');
insert into products_attributes (products_attributes_id, products_id, options_id, options_values_id, options_values_price, price_prefix) values ('376', '276', '15', '142', '8.9900', '+');
insert into products_attributes (products_attributes_id, products_id, options_id, options_values_id, options_values_price, price_prefix) values ('357', '275', '15', '134', '14.4900', '+');
insert into products_attributes (products_attributes_id, products_id, options_id, options_values_id, options_values_price, price_prefix) values ('358', '275', '15', '15', '14.9900', '+');
insert into products_attributes (products_attributes_id, products_id, options_id, options_values_id, options_values_price, price_prefix) values ('359', '275', '15', '46', '15.4900', '+');
insert into products_attributes (products_attributes_id, products_id, options_id, options_values_id, options_values_price, price_prefix) values ('379', '276', '15', '129', '10.4900', '+');
insert into products_attributes (products_attributes_id, products_id, options_id, options_values_id, options_values_price, price_prefix) values ('374', '275', '15', '135', '15.9900', '+');
insert into products_attributes (products_attributes_id, products_id, options_id, options_values_id, options_values_price, price_prefix) values ('362', '275', '15', '136', '16.4900', '+');
insert into products_attributes (products_attributes_id, products_id, options_id, options_values_id, options_values_price, price_prefix) values ('375', '276', '15', '125', '8.4900', '+');
insert into products_attributes (products_attributes_id, products_id, options_id, options_values_id, options_values_price, price_prefix) values ('364', '275', '15', '99', '16.9900', '+');
insert into products_attributes (products_attributes_id, products_id, options_id, options_values_id, options_values_price, price_prefix) values ('365', '275', '15', '92', '17.4900', '+');
insert into products_attributes (products_attributes_id, products_id, options_id, options_values_id, options_values_price, price_prefix) values ('366', '275', '15', '137', '17.9900', '+');
insert into products_attributes (products_attributes_id, products_id, options_id, options_values_id, options_values_price, price_prefix) values ('377', '276', '15', '127', '9.4900', '+');
insert into products_attributes (products_attributes_id, products_id, options_id, options_values_id, options_values_price, price_prefix) values ('380', '276', '15', '130', '10.9900', '+');
insert into products_attributes (products_attributes_id, products_id, options_id, options_values_id, options_values_price, price_prefix) values ('369', '275', '15', '100', '18.4900', '+');
insert into products_attributes (products_attributes_id, products_id, options_id, options_values_id, options_values_price, price_prefix) values ('370', '275', '15', '138', '18.9900', '+');
insert into products_attributes (products_attributes_id, products_id, options_id, options_values_id, options_values_price, price_prefix) values ('371', '275', '15', '93', '19.4900', '+');
insert into products_attributes (products_attributes_id, products_id, options_id, options_values_id, options_values_price, price_prefix) values ('372', '275', '15', '139', '19.9900', '+');
insert into products_attributes (products_attributes_id, products_id, options_id, options_values_id, options_values_price, price_prefix) values ('373', '275', '15', '14', '13.9900', '+');
insert into products_attributes (products_attributes_id, products_id, options_id, options_values_id, options_values_price, price_prefix) values ('381', '276', '15', '131', '11.4900', '+');
insert into products_attributes (products_attributes_id, products_id, options_id, options_values_id, options_values_price, price_prefix) values ('382', '276', '15', '140', '11.9900', '+');
insert into products_attributes (products_attributes_id, products_id, options_id, options_values_id, options_values_price, price_prefix) values ('383', '276', '15', '98', '12.4900', '+');
insert into products_attributes (products_attributes_id, products_id, options_id, options_values_id, options_values_price, price_prefix) values ('384', '276', '15', '132', '12.9900', '+');
insert into products_attributes (products_attributes_id, products_id, options_id, options_values_id, options_values_price, price_prefix) values ('385', '276', '15', '133', '13.4900', '+');
insert into products_attributes (products_attributes_id, products_id, options_id, options_values_id, options_values_price, price_prefix) values ('386', '276', '15', '14', '13.9900', '+');
insert into products_attributes (products_attributes_id, products_id, options_id, options_values_id, options_values_price, price_prefix) values ('402', '471', '2', '5', '0.0000', '+');
insert into products_attributes (products_attributes_id, products_id, options_id, options_values_id, options_values_price, price_prefix) values ('388', '276', '15', '134', '14.4900', '+');
insert into products_attributes (products_attributes_id, products_id, options_id, options_values_id, options_values_price, price_prefix) values ('389', '276', '15', '15', '14.9900', '+');
insert into products_attributes (products_attributes_id, products_id, options_id, options_values_id, options_values_price, price_prefix) values ('390', '276', '15', '46', '15.4900', '+');
insert into products_attributes (products_attributes_id, products_id, options_id, options_values_id, options_values_price, price_prefix) values ('391', '276', '15', '135', '15.9900', '+');
insert into products_attributes (products_attributes_id, products_id, options_id, options_values_id, options_values_price, price_prefix) values ('392', '276', '15', '136', '16.4900', '+');
insert into products_attributes (products_attributes_id, products_id, options_id, options_values_id, options_values_price, price_prefix) values ('393', '276', '15', '99', '16.9900', '+');
insert into products_attributes (products_attributes_id, products_id, options_id, options_values_id, options_values_price, price_prefix) values ('394', '276', '15', '92', '17.4900', '+');
insert into products_attributes (products_attributes_id, products_id, options_id, options_values_id, options_values_price, price_prefix) values ('395', '276', '15', '137', '17.9900', '+');
insert into products_attributes (products_attributes_id, products_id, options_id, options_values_id, options_values_price, price_prefix) values ('401', '471', '2', '4', '0.0000', '+');
insert into products_attributes (products_attributes_id, products_id, options_id, options_values_id, options_values_price, price_prefix) values ('397', '276', '15', '100', '18.4900', '+');
insert into products_attributes (products_attributes_id, products_id, options_id, options_values_id, options_values_price, price_prefix) values ('398', '276', '15', '138', '18.9900', '+');
insert into products_attributes (products_attributes_id, products_id, options_id, options_values_id, options_values_price, price_prefix) values ('399', '276', '15', '93', '19.4900', '+');
insert into products_attributes (products_attributes_id, products_id, options_id, options_values_id, options_values_price, price_prefix) values ('400', '276', '15', '139', '19.9900', '+');
insert into products_attributes (products_attributes_id, products_id, options_id, options_values_id, options_values_price, price_prefix) values ('403', '471', '2', '6', '0.0000', '+');
insert into products_attributes (products_attributes_id, products_id, options_id, options_values_id, options_values_price, price_prefix) values ('404', '471', '2', '7', '0.0000', '+');
insert into products_attributes (products_attributes_id, products_id, options_id, options_values_id, options_values_price, price_prefix) values ('405', '471', '2', '8', '0.0000', '+');
insert into products_attributes (products_attributes_id, products_id, options_id, options_values_id, options_values_price, price_prefix) values ('406', '473', '3', '11', '0.0000', '+');
insert into products_attributes (products_attributes_id, products_id, options_id, options_values_id, options_values_price, price_prefix) values ('407', '473', '3', '12', '0.0000', '+');
insert into products_attributes (products_attributes_id, products_id, options_id, options_values_id, options_values_price, price_prefix) values ('408', '473', '3', '13', '0.0000', '+');
insert into products_attributes (products_attributes_id, products_id, options_id, options_values_id, options_values_price, price_prefix) values ('409', '473', '3', '10', '0.0000', '+');
insert into products_attributes (products_attributes_id, products_id, options_id, options_values_id, options_values_price, price_prefix) values ('410', '493', '25', '143', '0.0000', '+');
insert into products_attributes (products_attributes_id, products_id, options_id, options_values_id, options_values_price, price_prefix) values ('411', '493', '25', '144', '0.0000', '+');
insert into products_attributes (products_attributes_id, products_id, options_id, options_values_id, options_values_price, price_prefix) values ('442', '7', '26', '31', '0.0000', '+');
insert into products_attributes (products_attributes_id, products_id, options_id, options_values_id, options_values_price, price_prefix) values ('446', '493', '26', '31', '0.0000', '+');
insert into products_attributes (products_attributes_id, products_id, options_id, options_values_id, options_values_price, price_prefix) values ('414', '496', '25', '143', '0.0000', '+');
insert into products_attributes (products_attributes_id, products_id, options_id, options_values_id, options_values_price, price_prefix) values ('415', '496', '25', '144', '0.0000', '+');
insert into products_attributes (products_attributes_id, products_id, options_id, options_values_id, options_values_price, price_prefix) values ('416', '497', '25', '143', '0.0000', '+');
insert into products_attributes (products_attributes_id, products_id, options_id, options_values_id, options_values_price, price_prefix) values ('417', '497', '25', '144', '0.0000', '+');
insert into products_attributes (products_attributes_id, products_id, options_id, options_values_id, options_values_price, price_prefix) values ('418', '494', '25', '143', '0.0000', '+');
insert into products_attributes (products_attributes_id, products_id, options_id, options_values_id, options_values_price, price_prefix) values ('419', '494', '25', '144', '0.0000', '+');
insert into products_attributes (products_attributes_id, products_id, options_id, options_values_id, options_values_price, price_prefix) values ('420', '495', '25', '143', '0.0000', '+');
insert into products_attributes (products_attributes_id, products_id, options_id, options_values_id, options_values_price, price_prefix) values ('421', '495', '25', '144', '0.0000', '+');
insert into products_attributes (products_attributes_id, products_id, options_id, options_values_id, options_values_price, price_prefix) values ('422', '498', '25', '143', '0.0000', '+');
insert into products_attributes (products_attributes_id, products_id, options_id, options_values_id, options_values_price, price_prefix) values ('423', '498', '25', '144', '0.0000', '+');
insert into products_attributes (products_attributes_id, products_id, options_id, options_values_id, options_values_price, price_prefix) values ('444', '222', '26', '31', '0.0000', '+');
insert into products_attributes (products_attributes_id, products_id, options_id, options_values_id, options_values_price, price_prefix) values ('443', '7', '26', '146', '80.0000', '+');
insert into products_attributes (products_attributes_id, products_id, options_id, options_values_id, options_values_price, price_prefix) values ('426', '496', '26', '31', '0.0000', '+');
insert into products_attributes (products_attributes_id, products_id, options_id, options_values_id, options_values_price, price_prefix) values ('427', '496', '26', '146', '80.0000', '+');
insert into products_attributes (products_attributes_id, products_id, options_id, options_values_id, options_values_price, price_prefix) values ('428', '497', '26', '31', '0.0000', '+');
insert into products_attributes (products_attributes_id, products_id, options_id, options_values_id, options_values_price, price_prefix) values ('429', '497', '26', '146', '80.0000', '+');
insert into products_attributes (products_attributes_id, products_id, options_id, options_values_id, options_values_price, price_prefix) values ('430', '494', '26', '145', '0.0000', '+');
insert into products_attributes (products_attributes_id, products_id, options_id, options_values_id, options_values_price, price_prefix) values ('431', '494', '26', '146', '80.0000', '+');
insert into products_attributes (products_attributes_id, products_id, options_id, options_values_id, options_values_price, price_prefix) values ('432', '495', '26', '31', '0.0000', '+');
insert into products_attributes (products_attributes_id, products_id, options_id, options_values_id, options_values_price, price_prefix) values ('433', '495', '26', '146', '80.0000', '+');
insert into products_attributes (products_attributes_id, products_id, options_id, options_values_id, options_values_price, price_prefix) values ('434', '498', '26', '145', '0.0000', '+');
insert into products_attributes (products_attributes_id, products_id, options_id, options_values_id, options_values_price, price_prefix) values ('435', '498', '26', '146', '80.0000', '+');
insert into products_attributes (products_attributes_id, products_id, options_id, options_values_id, options_values_price, price_prefix) values ('436', '499', '26', '145', '0.0000', '+');
insert into products_attributes (products_attributes_id, products_id, options_id, options_values_id, options_values_price, price_prefix) values ('441', '499', '26', '146', '80.0000', '+');
insert into products_attributes (products_attributes_id, products_id, options_id, options_values_id, options_values_price, price_prefix) values ('440', '500', '26', '31', '0.0000', '+');
insert into products_attributes (products_attributes_id, products_id, options_id, options_values_id, options_values_price, price_prefix) values ('439', '500', '26', '146', '80.0000', '+');
insert into products_attributes (products_attributes_id, products_id, options_id, options_values_id, options_values_price, price_prefix) values ('445', '222', '26', '146', '80.0000', '+');
insert into products_attributes (products_attributes_id, products_id, options_id, options_values_id, options_values_price, price_prefix) values ('447', '493', '26', '146', '80.0000', '+');
insert into products_attributes (products_attributes_id, products_id, options_id, options_values_id, options_values_price, price_prefix) values ('448', '501', '1', '2', '0.0000', '+');
insert into products_attributes (products_attributes_id, products_id, options_id, options_values_id, options_values_price, price_prefix) values ('449', '501', '1', '1', '0.0000', '+');
insert into products_attributes (products_attributes_id, products_id, options_id, options_values_id, options_values_price, price_prefix) values ('450', '501', '1', '3', '0.0000', '+');
insert into products_attributes (products_attributes_id, products_id, options_id, options_values_id, options_values_price, price_prefix) values ('451', '501', '2', '4', '0.0000', '+');
insert into products_attributes (products_attributes_id, products_id, options_id, options_values_id, options_values_price, price_prefix) values ('452', '501', '2', '5', '0.0000', '+');
insert into products_attributes (products_attributes_id, products_id, options_id, options_values_id, options_values_price, price_prefix) values ('453', '501', '2', '6', '0.0000', '+');
insert into products_attributes (products_attributes_id, products_id, options_id, options_values_id, options_values_price, price_prefix) values ('454', '480', '3', '11', '0.0000', '+');
insert into products_attributes (products_attributes_id, products_id, options_id, options_values_id, options_values_price, price_prefix) values ('455', '480', '3', '12', '0.0000', '+');
insert into products_attributes (products_attributes_id, products_id, options_id, options_values_id, options_values_price, price_prefix) values ('456', '480', '3', '13', '0.0000', '+');
insert into products_attributes (products_attributes_id, products_id, options_id, options_values_id, options_values_price, price_prefix) values ('457', '481', '3', '11', '0.0000', '+');
insert into products_attributes (products_attributes_id, products_id, options_id, options_values_id, options_values_price, price_prefix) values ('458', '481', '3', '12', '0.0000', '+');
insert into products_attributes (products_attributes_id, products_id, options_id, options_values_id, options_values_price, price_prefix) values ('459', '481', '3', '13', '0.0000', '+');
insert into products_attributes (products_attributes_id, products_id, options_id, options_values_id, options_values_price, price_prefix) values ('460', '482', '3', '11', '0.0000', '+');
insert into products_attributes (products_attributes_id, products_id, options_id, options_values_id, options_values_price, price_prefix) values ('461', '482', '3', '12', '0.0000', '+');
insert into products_attributes (products_attributes_id, products_id, options_id, options_values_id, options_values_price, price_prefix) values ('462', '483', '3', '12', '0.0000', '+');
insert into products_attributes (products_attributes_id, products_id, options_id, options_values_id, options_values_price, price_prefix) values ('463', '483', '3', '11', '0.0000', '+');
insert into products_attributes (products_attributes_id, products_id, options_id, options_values_id, options_values_price, price_prefix) values ('464', '478', '3', '11', '0.0000', '+');
insert into products_attributes (products_attributes_id, products_id, options_id, options_values_id, options_values_price, price_prefix) values ('465', '478', '3', '12', '0.0000', '+');
insert into products_attributes (products_attributes_id, products_id, options_id, options_values_id, options_values_price, price_prefix) values ('466', '478', '3', '13', '0.0000', '+');
insert into products_attributes (products_attributes_id, products_id, options_id, options_values_id, options_values_price, price_prefix) values ('467', '479', '3', '11', '0.0000', '+');
insert into products_attributes (products_attributes_id, products_id, options_id, options_values_id, options_values_price, price_prefix) values ('468', '479', '3', '12', '0.0000', '+');
insert into products_attributes (products_attributes_id, products_id, options_id, options_values_id, options_values_price, price_prefix) values ('469', '479', '3', '13', '0.0000', '+');
insert into products_attributes (products_attributes_id, products_id, options_id, options_values_id, options_values_price, price_prefix) values ('470', '484', '3', '11', '0.0000', '+');
insert into products_attributes (products_attributes_id, products_id, options_id, options_values_id, options_values_price, price_prefix) values ('471', '484', '3', '12', '0.0000', '+');
insert into products_attributes (products_attributes_id, products_id, options_id, options_values_id, options_values_price, price_prefix) values ('472', '485', '3', '11', '0.0000', '+');
insert into products_attributes (products_attributes_id, products_id, options_id, options_values_id, options_values_price, price_prefix) values ('473', '485', '3', '12', '0.0000', '+');
insert into products_attributes (products_attributes_id, products_id, options_id, options_values_id, options_values_price, price_prefix) values ('474', '475', '3', '11', '0.0000', '+');
insert into products_attributes (products_attributes_id, products_id, options_id, options_values_id, options_values_price, price_prefix) values ('475', '475', '3', '13', '0.0000', '+');
insert into products_attributes (products_attributes_id, products_id, options_id, options_values_id, options_values_price, price_prefix) values ('476', '513', '1', '2', '0.0000', '+');
insert into products_attributes (products_attributes_id, products_id, options_id, options_values_id, options_values_price, price_prefix) values ('477', '513', '1', '1', '0.0000', '+');
insert into products_attributes (products_attributes_id, products_id, options_id, options_values_id, options_values_price, price_prefix) values ('478', '513', '1', '3', '0.0000', '+');
insert into products_attributes (products_attributes_id, products_id, options_id, options_values_id, options_values_price, price_prefix) values ('479', '513', '2', '4', '0.0000', '+');
insert into products_attributes (products_attributes_id, products_id, options_id, options_values_id, options_values_price, price_prefix) values ('480', '513', '2', '5', '0.0000', '+');
insert into products_attributes (products_attributes_id, products_id, options_id, options_values_id, options_values_price, price_prefix) values ('481', '513', '2', '6', '0.0000', '+');
insert into products_attributes (products_attributes_id, products_id, options_id, options_values_id, options_values_price, price_prefix) values ('482', '512', '1', '2', '0.0000', '+');
insert into products_attributes (products_attributes_id, products_id, options_id, options_values_id, options_values_price, price_prefix) values ('483', '512', '1', '1', '0.0000', '+');
insert into products_attributes (products_attributes_id, products_id, options_id, options_values_id, options_values_price, price_prefix) values ('484', '512', '1', '3', '0.0000', '+');
insert into products_attributes (products_attributes_id, products_id, options_id, options_values_id, options_values_price, price_prefix) values ('485', '512', '2', '4', '0.0000', '+');
insert into products_attributes (products_attributes_id, products_id, options_id, options_values_id, options_values_price, price_prefix) values ('486', '512', '2', '5', '0.0000', '+');
insert into products_attributes (products_attributes_id, products_id, options_id, options_values_id, options_values_price, price_prefix) values ('487', '512', '2', '6', '0.0000', '+');
insert into products_attributes (products_attributes_id, products_id, options_id, options_values_id, options_values_price, price_prefix) values ('488', '512', '2', '7', '0.0000', '+');
insert into products_attributes (products_attributes_id, products_id, options_id, options_values_id, options_values_price, price_prefix) values ('489', '512', '2', '8', '10.0000', '+');
insert into products_attributes (products_attributes_id, products_id, options_id, options_values_id, options_values_price, price_prefix) values ('490', '512', '2', '9', '10.0000', '+');
insert into products_attributes (products_attributes_id, products_id, options_id, options_values_id, options_values_price, price_prefix) values ('491', '511', '1', '2', '0.0000', '+');
insert into products_attributes (products_attributes_id, products_id, options_id, options_values_id, options_values_price, price_prefix) values ('492', '511', '1', '1', '0.0000', '+');
insert into products_attributes (products_attributes_id, products_id, options_id, options_values_id, options_values_price, price_prefix) values ('493', '511', '1', '3', '0.0000', '+');
insert into products_attributes (products_attributes_id, products_id, options_id, options_values_id, options_values_price, price_prefix) values ('494', '511', '2', '4', '0.0000', '+');
insert into products_attributes (products_attributes_id, products_id, options_id, options_values_id, options_values_price, price_prefix) values ('495', '511', '2', '5', '0.0000', '+');
insert into products_attributes (products_attributes_id, products_id, options_id, options_values_id, options_values_price, price_prefix) values ('496', '511', '2', '6', '0.0000', '+');
insert into products_attributes (products_attributes_id, products_id, options_id, options_values_id, options_values_price, price_prefix) values ('497', '511', '2', '7', '0.0000', '+');
insert into products_attributes (products_attributes_id, products_id, options_id, options_values_id, options_values_price, price_prefix) values ('498', '511', '2', '8', '15.0000', '+');
insert into products_attributes (products_attributes_id, products_id, options_id, options_values_id, options_values_price, price_prefix) values ('499', '511', '2', '9', '20.0000', '+');
insert into products_attributes (products_attributes_id, products_id, options_id, options_values_id, options_values_price, price_prefix) values ('500', '514', '1', '2', '0.0000', '+');
insert into products_attributes (products_attributes_id, products_id, options_id, options_values_id, options_values_price, price_prefix) values ('501', '514', '1', '1', '0.0000', '+');
insert into products_attributes (products_attributes_id, products_id, options_id, options_values_id, options_values_price, price_prefix) values ('502', '514', '1', '3', '0.0000', '+');
insert into products_attributes (products_attributes_id, products_id, options_id, options_values_id, options_values_price, price_prefix) values ('503', '515', '1', '2', '0.0000', '+');
insert into products_attributes (products_attributes_id, products_id, options_id, options_values_id, options_values_price, price_prefix) values ('504', '515', '1', '1', '0.0000', '+');
insert into products_attributes (products_attributes_id, products_id, options_id, options_values_id, options_values_price, price_prefix) values ('505', '515', '1', '3', '0.0000', '+');
insert into products_attributes (products_attributes_id, products_id, options_id, options_values_id, options_values_price, price_prefix) values ('506', '503', '2', '4', '0.0000', '+');
insert into products_attributes (products_attributes_id, products_id, options_id, options_values_id, options_values_price, price_prefix) values ('507', '503', '2', '5', '0.0000', '+');
insert into products_attributes (products_attributes_id, products_id, options_id, options_values_id, options_values_price, price_prefix) values ('508', '503', '2', '6', '0.0000', '+');
insert into products_attributes (products_attributes_id, products_id, options_id, options_values_id, options_values_price, price_prefix) values ('509', '503', '2', '7', '0.0000', '+');
insert into products_attributes (products_attributes_id, products_id, options_id, options_values_id, options_values_price, price_prefix) values ('510', '503', '2', '8', '0.0000', '+');
insert into products_attributes (products_attributes_id, products_id, options_id, options_values_id, options_values_price, price_prefix) values ('511', '467', '4', '14', '0.0000', '+');
insert into products_attributes (products_attributes_id, products_id, options_id, options_values_id, options_values_price, price_prefix) values ('512', '467', '4', '46', '0.0000', '+');
insert into products_attributes (products_attributes_id, products_id, options_id, options_values_id, options_values_price, price_prefix) values ('513', '528', '2', '4', '0.0000', '+');
insert into products_attributes (products_attributes_id, products_id, options_id, options_values_id, options_values_price, price_prefix) values ('514', '528', '2', '5', '0.0000', '+');
insert into products_attributes (products_attributes_id, products_id, options_id, options_values_id, options_values_price, price_prefix) values ('515', '528', '2', '6', '0.0000', '+');
insert into products_attributes (products_attributes_id, products_id, options_id, options_values_id, options_values_price, price_prefix) values ('516', '528', '2', '7', '0.0000', '+');
insert into products_attributes (products_attributes_id, products_id, options_id, options_values_id, options_values_price, price_prefix) values ('517', '529', '2', '4', '0.0000', '+');
insert into products_attributes (products_attributes_id, products_id, options_id, options_values_id, options_values_price, price_prefix) values ('518', '529', '2', '5', '0.0000', '+');
insert into products_attributes (products_attributes_id, products_id, options_id, options_values_id, options_values_price, price_prefix) values ('519', '529', '2', '6', '0.0000', '+');
insert into products_attributes (products_attributes_id, products_id, options_id, options_values_id, options_values_price, price_prefix) values ('520', '529', '2', '7', '0.0000', '+');
insert into products_attributes (products_attributes_id, products_id, options_id, options_values_id, options_values_price, price_prefix) values ('521', '527', '2', '4', '0.0000', '+');
insert into products_attributes (products_attributes_id, products_id, options_id, options_values_id, options_values_price, price_prefix) values ('522', '527', '2', '5', '0.0000', '+');
insert into products_attributes (products_attributes_id, products_id, options_id, options_values_id, options_values_price, price_prefix) values ('523', '527', '2', '6', '0.0000', '+');
insert into products_attributes (products_attributes_id, products_id, options_id, options_values_id, options_values_price, price_prefix) values ('524', '527', '2', '7', '0.0000', '+');
insert into products_attributes (products_attributes_id, products_id, options_id, options_values_id, options_values_price, price_prefix) values ('525', '526', '2', '4', '0.0000', '+');
insert into products_attributes (products_attributes_id, products_id, options_id, options_values_id, options_values_price, price_prefix) values ('526', '526', '2', '5', '0.0000', '+');
insert into products_attributes (products_attributes_id, products_id, options_id, options_values_id, options_values_price, price_prefix) values ('527', '526', '2', '6', '0.0000', '+');
insert into products_attributes (products_attributes_id, products_id, options_id, options_values_id, options_values_price, price_prefix) values ('528', '526', '2', '7', '0.0000', '+');
insert into products_attributes (products_attributes_id, products_id, options_id, options_values_id, options_values_price, price_prefix) values ('529', '530', '2', '4', '0.0000', '+');
insert into products_attributes (products_attributes_id, products_id, options_id, options_values_id, options_values_price, price_prefix) values ('530', '530', '2', '5', '0.0000', '+');
insert into products_attributes (products_attributes_id, products_id, options_id, options_values_id, options_values_price, price_prefix) values ('531', '530', '2', '6', '0.0000', '+');
insert into products_attributes (products_attributes_id, products_id, options_id, options_values_id, options_values_price, price_prefix) values ('532', '530', '2', '7', '0.0000', '+');
insert into products_attributes (products_attributes_id, products_id, options_id, options_values_id, options_values_price, price_prefix) values ('533', '531', '2', '4', '0.0000', '+');
insert into products_attributes (products_attributes_id, products_id, options_id, options_values_id, options_values_price, price_prefix) values ('534', '531', '2', '5', '0.0000', '+');
insert into products_attributes (products_attributes_id, products_id, options_id, options_values_id, options_values_price, price_prefix) values ('535', '531', '2', '6', '0.0000', '+');
insert into products_attributes (products_attributes_id, products_id, options_id, options_values_id, options_values_price, price_prefix) values ('536', '531', '2', '7', '0.0000', '+');
insert into products_attributes (products_attributes_id, products_id, options_id, options_values_id, options_values_price, price_prefix) values ('537', '523', '3', '11', '0.0000', '+');
insert into products_attributes (products_attributes_id, products_id, options_id, options_values_id, options_values_price, price_prefix) values ('538', '523', '3', '12', '0.0000', '+');
insert into products_attributes (products_attributes_id, products_id, options_id, options_values_id, options_values_price, price_prefix) values ('539', '523', '3', '13', '0.0000', '+');
insert into products_attributes (products_attributes_id, products_id, options_id, options_values_id, options_values_price, price_prefix) values ('540', '518', '3', '11', '0.0000', '+');
insert into products_attributes (products_attributes_id, products_id, options_id, options_values_id, options_values_price, price_prefix) values ('541', '518', '3', '10', '0.0000', '+');
insert into products_attributes (products_attributes_id, products_id, options_id, options_values_id, options_values_price, price_prefix) values ('542', '518', '3', '12', '0.0000', '+');
insert into products_attributes (products_attributes_id, products_id, options_id, options_values_id, options_values_price, price_prefix) values ('543', '518', '3', '13', '0.0000', '+');
insert into products_attributes (products_attributes_id, products_id, options_id, options_values_id, options_values_price, price_prefix) values ('544', '519', '3', '11', '0.0000', '+');
insert into products_attributes (products_attributes_id, products_id, options_id, options_values_id, options_values_price, price_prefix) values ('545', '519', '3', '10', '0.0000', '+');
insert into products_attributes (products_attributes_id, products_id, options_id, options_values_id, options_values_price, price_prefix) values ('546', '519', '3', '12', '0.0000', '+');
insert into products_attributes (products_attributes_id, products_id, options_id, options_values_id, options_values_price, price_prefix) values ('547', '519', '3', '13', '0.0000', '+');
insert into products_attributes (products_attributes_id, products_id, options_id, options_values_id, options_values_price, price_prefix) values ('548', '520', '3', '11', '0.0000', '+');
insert into products_attributes (products_attributes_id, products_id, options_id, options_values_id, options_values_price, price_prefix) values ('549', '520', '3', '10', '0.0000', '+');
insert into products_attributes (products_attributes_id, products_id, options_id, options_values_id, options_values_price, price_prefix) values ('550', '520', '3', '12', '0.0000', '+');
insert into products_attributes (products_attributes_id, products_id, options_id, options_values_id, options_values_price, price_prefix) values ('551', '520', '3', '13', '0.0000', '+');
insert into products_attributes (products_attributes_id, products_id, options_id, options_values_id, options_values_price, price_prefix) values ('552', '521', '3', '11', '0.0000', '+');
insert into products_attributes (products_attributes_id, products_id, options_id, options_values_id, options_values_price, price_prefix) values ('553', '521', '3', '10', '0.0000', '+');
insert into products_attributes (products_attributes_id, products_id, options_id, options_values_id, options_values_price, price_prefix) values ('554', '521', '3', '12', '0.0000', '+');
insert into products_attributes (products_attributes_id, products_id, options_id, options_values_id, options_values_price, price_prefix) values ('555', '521', '3', '13', '0.0000', '+');
insert into products_attributes (products_attributes_id, products_id, options_id, options_values_id, options_values_price, price_prefix) values ('556', '522', '3', '11', '0.0000', '+');
insert into products_attributes (products_attributes_id, products_id, options_id, options_values_id, options_values_price, price_prefix) values ('558', '522', '3', '10', '0.0000', '+');
insert into products_attributes (products_attributes_id, products_id, options_id, options_values_id, options_values_price, price_prefix) values ('559', '522', '3', '12', '0.0000', '+');
insert into products_attributes (products_attributes_id, products_id, options_id, options_values_id, options_values_price, price_prefix) values ('560', '522', '3', '13', '0.0000', '+');
insert into products_attributes (products_attributes_id, products_id, options_id, options_values_id, options_values_price, price_prefix) values ('561', '524', '3', '11', '0.0000', '+');
insert into products_attributes (products_attributes_id, products_id, options_id, options_values_id, options_values_price, price_prefix) values ('562', '524', '3', '12', '0.0000', '+');
insert into products_attributes (products_attributes_id, products_id, options_id, options_values_id, options_values_price, price_prefix) values ('563', '524', '3', '13', '0.0000', '+');
insert into products_attributes (products_attributes_id, products_id, options_id, options_values_id, options_values_price, price_prefix) values ('564', '502', '3', '11', '0.0000', '+');
insert into products_attributes (products_attributes_id, products_id, options_id, options_values_id, options_values_price, price_prefix) values ('565', '502', '3', '12', '0.0000', '+');
insert into products_attributes (products_attributes_id, products_id, options_id, options_values_id, options_values_price, price_prefix) values ('566', '502', '3', '13', '0.0000', '+');
insert into products_attributes (products_attributes_id, products_id, options_id, options_values_id, options_values_price, price_prefix) values ('567', '504', '3', '11', '0.0000', '+');
insert into products_attributes (products_attributes_id, products_id, options_id, options_values_id, options_values_price, price_prefix) values ('568', '504', '3', '12', '0.0000', '+');
insert into products_attributes (products_attributes_id, products_id, options_id, options_values_id, options_values_price, price_prefix) values ('569', '504', '3', '13', '0.0000', '+');
insert into products_attributes (products_attributes_id, products_id, options_id, options_values_id, options_values_price, price_prefix) values ('570', '505', '3', '11', '0.0000', '+');
insert into products_attributes (products_attributes_id, products_id, options_id, options_values_id, options_values_price, price_prefix) values ('571', '505', '3', '12', '0.0000', '+');
insert into products_attributes (products_attributes_id, products_id, options_id, options_values_id, options_values_price, price_prefix) values ('572', '506', '3', '11', '0.0000', '+');
insert into products_attributes (products_attributes_id, products_id, options_id, options_values_id, options_values_price, price_prefix) values ('573', '506', '3', '12', '0.0000', '+');
insert into products_attributes (products_attributes_id, products_id, options_id, options_values_id, options_values_price, price_prefix) values ('574', '507', '3', '11', '0.0000', '+');
insert into products_attributes (products_attributes_id, products_id, options_id, options_values_id, options_values_price, price_prefix) values ('575', '478', '3', '12', '0.0000', '+');
insert into products_attributes (products_attributes_id, products_id, options_id, options_values_id, options_values_price, price_prefix) values ('576', '507', '3', '13', '0.0000', '+');
insert into products_attributes (products_attributes_id, products_id, options_id, options_values_id, options_values_price, price_prefix) values ('577', '508', '3', '11', '0.0000', '+');
insert into products_attributes (products_attributes_id, products_id, options_id, options_values_id, options_values_price, price_prefix) values ('578', '508', '3', '12', '0.0000', '+');
insert into products_attributes (products_attributes_id, products_id, options_id, options_values_id, options_values_price, price_prefix) values ('579', '508', '3', '13', '0.0000', '+');
insert into products_attributes (products_attributes_id, products_id, options_id, options_values_id, options_values_price, price_prefix) values ('580', '509', '3', '11', '0.0000', '+');
insert into products_attributes (products_attributes_id, products_id, options_id, options_values_id, options_values_price, price_prefix) values ('581', '509', '3', '12', '0.0000', '+');
insert into products_attributes (products_attributes_id, products_id, options_id, options_values_id, options_values_price, price_prefix) values ('582', '510', '3', '11', '0.0000', '+');
insert into products_attributes (products_attributes_id, products_id, options_id, options_values_id, options_values_price, price_prefix) values ('583', '510', '3', '12', '0.0000', '+');
insert into products_attributes (products_attributes_id, products_id, options_id, options_values_id, options_values_price, price_prefix) values ('584', '393', '1', '2', '0.0000', '+');
insert into products_attributes (products_attributes_id, products_id, options_id, options_values_id, options_values_price, price_prefix) values ('585', '393', '1', '1', '0.0000', '+');
insert into products_attributes (products_attributes_id, products_id, options_id, options_values_id, options_values_price, price_prefix) values ('586', '393', '1', '3', '0.0000', '+');
insert into products_attributes (products_attributes_id, products_id, options_id, options_values_id, options_values_price, price_prefix) values ('587', '393', '2', '4', '0.0000', '+');
insert into products_attributes (products_attributes_id, products_id, options_id, options_values_id, options_values_price, price_prefix) values ('588', '393', '2', '5', '0.0000', '+');
insert into products_attributes (products_attributes_id, products_id, options_id, options_values_id, options_values_price, price_prefix) values ('589', '393', '2', '6', '0.0000', '+');
insert into products_attributes (products_attributes_id, products_id, options_id, options_values_id, options_values_price, price_prefix) values ('590', '393', '2', '7', '0.0000', '+');
insert into products_attributes (products_attributes_id, products_id, options_id, options_values_id, options_values_price, price_prefix) values ('591', '393', '2', '8', '5.0000', '+');
insert into products_attributes (products_attributes_id, products_id, options_id, options_values_id, options_values_price, price_prefix) values ('592', '393', '2', '9', '5.0000', '+');
insert into products_attributes (products_attributes_id, products_id, options_id, options_values_id, options_values_price, price_prefix) values ('593', '547', '27', '56', '0.0000', '+');
insert into products_attributes (products_attributes_id, products_id, options_id, options_values_id, options_values_price, price_prefix) values ('594', '547', '27', '55', '0.0000', '+');
insert into products_attributes (products_attributes_id, products_id, options_id, options_values_id, options_values_price, price_prefix) values ('595', '548', '27', '56', '0.0000', '+');
insert into products_attributes (products_attributes_id, products_id, options_id, options_values_id, options_values_price, price_prefix) values ('596', '548', '27', '55', '0.0000', '+');
insert into products_attributes (products_attributes_id, products_id, options_id, options_values_id, options_values_price, price_prefix) values ('597', '538', '1', '2', '0.0000', '+');
insert into products_attributes (products_attributes_id, products_id, options_id, options_values_id, options_values_price, price_prefix) values ('598', '538', '1', '1', '0.0000', '+');
insert into products_attributes (products_attributes_id, products_id, options_id, options_values_id, options_values_price, price_prefix) values ('599', '538', '1', '3', '0.0000', '+');
insert into products_attributes (products_attributes_id, products_id, options_id, options_values_id, options_values_price, price_prefix) values ('600', '538', '2', '4', '0.0000', '+');
insert into products_attributes (products_attributes_id, products_id, options_id, options_values_id, options_values_price, price_prefix) values ('601', '538', '2', '5', '0.0000', '+');
insert into products_attributes (products_attributes_id, products_id, options_id, options_values_id, options_values_price, price_prefix) values ('602', '538', '2', '6', '0.0000', '+');
insert into products_attributes (products_attributes_id, products_id, options_id, options_values_id, options_values_price, price_prefix) values ('603', '538', '2', '7', '0.0000', '+');
insert into products_attributes (products_attributes_id, products_id, options_id, options_values_id, options_values_price, price_prefix) values ('604', '537', '1', '2', '0.0000', '+');
insert into products_attributes (products_attributes_id, products_id, options_id, options_values_id, options_values_price, price_prefix) values ('605', '537', '1', '1', '0.0000', '+');
insert into products_attributes (products_attributes_id, products_id, options_id, options_values_id, options_values_price, price_prefix) values ('606', '537', '1', '3', '0.0000', '+');
insert into products_attributes (products_attributes_id, products_id, options_id, options_values_id, options_values_price, price_prefix) values ('607', '537', '2', '4', '0.0000', '+');
insert into products_attributes (products_attributes_id, products_id, options_id, options_values_id, options_values_price, price_prefix) values ('608', '537', '2', '5', '0.0000', '+');
insert into products_attributes (products_attributes_id, products_id, options_id, options_values_id, options_values_price, price_prefix) values ('609', '537', '2', '6', '0.0000', '+');
insert into products_attributes (products_attributes_id, products_id, options_id, options_values_id, options_values_price, price_prefix) values ('610', '537', '2', '7', '0.0000', '+');
insert into products_attributes (products_attributes_id, products_id, options_id, options_values_id, options_values_price, price_prefix) values ('611', '536', '1', '2', '0.0000', '+');
insert into products_attributes (products_attributes_id, products_id, options_id, options_values_id, options_values_price, price_prefix) values ('612', '536', '1', '1', '0.0000', '+');
insert into products_attributes (products_attributes_id, products_id, options_id, options_values_id, options_values_price, price_prefix) values ('613', '536', '1', '3', '0.0000', '+');
insert into products_attributes (products_attributes_id, products_id, options_id, options_values_id, options_values_price, price_prefix) values ('614', '536', '2', '39', '0.0000', '+');
insert into products_attributes (products_attributes_id, products_id, options_id, options_values_id, options_values_price, price_prefix) values ('615', '536', '2', '19', '0.0000', '+');
insert into products_attributes (products_attributes_id, products_id, options_id, options_values_id, options_values_price, price_prefix) values ('616', '536', '2', '20', '0.0000', '+');
insert into products_attributes (products_attributes_id, products_id, options_id, options_values_id, options_values_price, price_prefix) values ('617', '536', '2', '21', '0.0000', '+');
insert into products_attributes (products_attributes_id, products_id, options_id, options_values_id, options_values_price, price_prefix) values ('618', '536', '2', '22', '0.0000', '+');
insert into products_attributes (products_attributes_id, products_id, options_id, options_values_id, options_values_price, price_prefix) values ('619', '536', '2', '23', '0.0000', '+');
insert into products_attributes (products_attributes_id, products_id, options_id, options_values_id, options_values_price, price_prefix) values ('620', '536', '2', '24', '0.0000', '+');
insert into products_attributes (products_attributes_id, products_id, options_id, options_values_id, options_values_price, price_prefix) values ('621', '536', '2', '25', '0.0000', '+');
insert into products_attributes (products_attributes_id, products_id, options_id, options_values_id, options_values_price, price_prefix) values ('622', '536', '2', '26', '0.0000', '+');
insert into products_attributes (products_attributes_id, products_id, options_id, options_values_id, options_values_price, price_prefix) values ('623', '536', '2', '27', '0.0000', '+');
insert into products_attributes (products_attributes_id, products_id, options_id, options_values_id, options_values_price, price_prefix) values ('624', '536', '2', '29', '0.0000', '+');
insert into products_attributes (products_attributes_id, products_id, options_id, options_values_id, options_values_price, price_prefix) values ('625', '477', '3', '11', '0.0000', '+');
insert into products_attributes (products_attributes_id, products_id, options_id, options_values_id, options_values_price, price_prefix) values ('626', '477', '3', '10', '0.0000', '+');
insert into products_attributes (products_attributes_id, products_id, options_id, options_values_id, options_values_price, price_prefix) values ('627', '477', '3', '12', '0.0000', '+');
insert into products_attributes (products_attributes_id, products_id, options_id, options_values_id, options_values_price, price_prefix) values ('628', '477', '3', '13', '0.0000', '+');
drop table if exists products_attributes_download;
create table products_attributes_download (
  products_attributes_id int(11) default '0' not null ,
  products_attributes_filename varchar(255) not null ,
  products_attributes_maxdays int(2) default '0' ,
  products_attributes_maxcount int(2) default '0' ,
  PRIMARY KEY (products_attributes_id)
);

drop table if exists products_description;
create table products_description (
  products_id int(11) not null auto_increment,
  language_id int(11) default '1' not null ,
  products_name varchar(64) not null ,
  products_description text ,
  products_url varchar(255) ,
  products_viewed int(5) default '0' ,
  PRIMARY KEY (products_id, language_id),
  KEY products_name (products_name)
);

insert into products_description (products_id, language_id, products_name, products_description, products_url, products_viewed) values ('1', '1', 'Aluminum Pulley And Belt Kit/Short Water Pump', 'Small block chevy aluminum pulley and belt kit for short water pump, 25% reduction, upper pulley fits 5/8\" or 3/4\" water pump shaft. Kit includes 2 groove upper and 2 groove lower pulley and pair of belts.', '', '28');
insert into products_description (products_id, language_id, products_name, products_description, products_url, products_viewed) values ('344', '1', 'Wilwood-Clutch Slave Cyinder', 'Pull style clutch slave Cylinder. (Use with 3/4\" master cylinder)', '', '27');
insert into products_description (products_id, language_id, products_name, products_description, products_url, products_viewed) values ('4', '1', 'Aluminum Pulley And Belt Kit/Long Water Pump', 'Small block chevy aluminum pulley and belt kit for long water pump, 25% reduction, upper pulley fits 5/8\" or 3/4\" water pump shaft. Kit includes 2 groove upper and 2 groove lower pulley and pair of belts', '', '34');
insert into products_description (products_id, language_id, products_name, products_description, products_url, products_viewed) values ('343', '1', 'Wilwood 3/4\" Aluminum Master Cyinder', 'Aluminum 3/4\" master cyinder, ideal for operating clutch slave cyinders.', '', '20');
insert into products_description (products_id, language_id, products_name, products_description, products_url, products_viewed) values ('17', '1', 'Bilstein-Street Stock Shock GM Front', 'Bilstein AK 1043 Shock, mono-tube gas pressure shock, IMCA approved. Bilstein shocks will not fade like ordinary twin tube shocks. Fits front of 73 - 83 Chevelle, 73 - 88 Monte Carlo, Buick Regal.', '', '32');
insert into products_description (products_id, language_id, products_name, products_description, products_url, products_viewed) values ('18', '1', 'Bilstein-Street Stock Shock GM Rear', 'Bilstein AK 1044 Shock, mono-tube gas pressure shock. IMCA approved. Bilstein shocks will not fade like ordinary twin tube shocks. Fits rear of 73 - 83 Chevelle, 73 - 88 Monte Carlo, Buick Regal.', '', '29');
insert into products_description (products_id, language_id, products_name, products_description, products_url, products_viewed) values ('7', '1', '350 Chevy - Dart Iron Eagle SS 67cc 2.02/ 1.60 Cylinder Heads', 'Pair of assembled Dart SS cylinder heads for carbureted small block 327, 350, 377, 383 or 400 engines. (377 & 400 applications for street would require steam holes to be drilled) 67cc, heart shaped combustion chambers. Straight plug design. High flow 170cc intake runners. Integral valve guides. These heads are assembled in our machine shop. Seat concentricy is checked, mild bowl blending is done to remove any casting intrusions. Assembled with premium stainless swirl polished 2.02 intake valves and 1.60 exhaust valves with undercut stems for improved flow. New .550 lift Z-28 valve springs, new steel retainers, hardened locks, and umbrella valve seals. Screw in rocker arm studs (3/8\") and guideplates are also included. ( Dual springs w/damper option is available for an additional $80.00. Dual springs are 1.44 O.D. with 135# of seat pressure and will handle up to .600 lift. Dual spring option also includes chrome moly retainers and machined valve locks.)All machine work is done in our own shop on quality equipment.', '', '478');
insert into products_description (products_id, language_id, products_name, products_description, products_url, products_viewed) values ('8', '1', 'Pistons - 383 Flat Top - Coated Skirts-Balanced Set', 'Set of 8 Speed Pro #H860CP hypereutectic pistons. Piston set is fully balanced in our machine shop to within 1 gram. Teflon coated skirts. Flat top pistons with 2 valve reliefs. 5/64\", 5/64\", 3/16\" ring grooves. For use with 5.7\" length rods. Compression with 64cc heads is approx. 10 to 1, with 76cc heads is approx. 9 to 1. Includes snap rings, pistons can be pressed or full floated. Gram weights between sets vary but are approx. 535 grams piston weight.', '', '73');
insert into products_description (products_id, language_id, products_name, products_description, products_url, products_viewed) values ('9', '1', 'Pistons - 383 - .200 Dome-Coated Skirts-Balanced Set', 'Set of 8 Speed Pro #H635CP pistons. Piston set is fully balanced in our machine shop to within 1 gram. Teflon coated skirts. Pistons have .200 dome. 5/64\", 5/64\", 3/16\" ring grooves. For use with 5.7 length rods. Compression with 64cc heads is approx. 12.4 to 1, with 76cc heads is approx. 10.7 to 1. Includes snap rings, pistons can be pressed or full floated. Gram weights between sets vary buy are approx. 545 grams piston weight and 160 grams pin weight.', '', '60');
insert into products_description (products_id, language_id, products_name, products_description, products_url, products_viewed) values ('10', '1', '350 Chevy 882 Performance Heads 76cc -  2.02/1.60', 'Pair of casting #882 heads with intake valve size increased to 2.02, 1.60 exhaust valves. Approx. 76cc combustion chamber. These heads will work on the street with unleaded fuel and have bolt holes on ends of heads for all accessories. These heads are for carbureted engines. Three angle valve job, surfaced, new valve guides, assembled with new premium stainless 2.02 intake valves and 1.60 exhaust valves with necked down stems. New .550 lift Z-28 valve springs, new steel retainers and hardened valve locks, umbrella valve stem seals. Heads have 3/8\" press in rocker studs. All machine work is done in our own shop on quality equipment.', '', '124');
insert into products_description (products_id, language_id, products_name, products_description, products_url, products_viewed) values ('14', '1', 'Steering Wheel - Steel', 'Steel steering wheel, 3\" dish, your choice of 15\" or 17\" diameter.', '', '24');
insert into products_description (products_id, language_id, products_name, products_description, products_url, products_viewed) values ('15', '1', 'SB Chevy CT Valve Covers-Gold', 'Pair of steel, SBC tall circle track valve covers. Tall enough to clear stud girdles. Two baffeled 1 1/2\" breather tubes on one valve cover.', '', '28');
insert into products_description (products_id, language_id, products_name, products_description, products_url, products_viewed) values ('19', '1', 'SBC Prof. Products Satin Finish Hurricane', 'Small block chevy Professional Products Hurricane Intake Manifold. Single plane high rise manifold that has proven to be a good performer. Basic rpm range is 3500-8500. Satin finish. Fits most GM and aftermarket 23 degree heads.', '', '60');
insert into products_description (products_id, language_id, products_name, products_description, products_url, products_viewed) values ('20', '1', 'Howe Aluminum Master Cylinder', 'Aluminum Howe Master Cylinder. Stainless steel bore. Your choice of 3/4\", 7/8\" or 1\" bore size.', '', '33');
insert into products_description (products_id, language_id, products_name, products_description, products_url, products_viewed) values ('21', '1', 'Aluminum Pulley & Belt Kit/Short Water Pump 1:1', 'Small block chevy polished aluminum pulley and belt kit for short water pump. 1 to 1 pulleys. Upper pulley fits 5/8\" or 3/4\" water pump shaft. Kit includes 2 groove upper pulley and 2 groove lower pulley and pair of belts.', '', '42');
insert into products_description (products_id, language_id, products_name, products_description, products_url, products_viewed) values ('22', '1', 'Pistons - 350 Flat Top Hyper. - Balanced Set', 'Set of 8 Sealed Power #H345NP  hypereutectic pistons. Piston set is fully balanced in our machine shop to within 1 gram. (These pistons sell for $160.00 a set at Jegs and are not balanced this closely.) Flat top pistons with 4 valve reliefs. 5/64\", 5/64\", 3/16\" ring grooves. For use with 5.7\" rods(stock 350 rod length). Compression with 64cc heads is approx. 9.4 to 1, with 76cc heads is approx. 8.4 to 1. Pistons are for press fit rods only. Gram weights between sets vary but are approx. 557 grams piston weight and 145 grams pin weight.', '', '137');
insert into products_description (products_id, language_id, products_name, products_description, products_url, products_viewed) values ('23', '1', 'Pistons - 350 - 6IN Rod FT-Coated Skirts- Balanced Set', 'Set of 8 Speed Pro #H140CL  lightweight CNC machined 350 Chevy hypereutectic pistons. Piston set is fully balanced in our machine shop to within 1 gram. For use with 6.0\" rods. Teflon coated skirts. 1/16\", 1/16\", 1/8\" ring grooves. Compression with 64cc heads is approx. 9.7 to 1, with 76cc heads is approx. 8.6 to 1. Includes snap rings, pistons can be pressed or full floated. Gram weights between sets vary but are approx. 466 grams piston weight and 126 grams pin weight.', '', '84');
insert into products_description (products_id, language_id, products_name, products_description, products_url, products_viewed) values ('24', '1', 'SBC #2 Solid Lifter Camshaft - 256/264 - .545/.563', 'SB Chevy # 2 solid lifter camshaft . Specs on cam are 256 deg. intake duration at .050, 264 deg. exhaust duration at .050, .545 intake lift, .563 exhaust lift. 105 deg. lobe seperation. Compression of 11.5 to 1 or higher recommended, 3000 - 7000 rpm. Save $$$ add a set of solid lifters for only $60.00.', '', '92');
insert into products_description (products_id, language_id, products_name, products_description, products_url, products_viewed) values ('25', '1', 'SBC #7 Solid Lifter Camshaft', 'SB Chevy# 7 solid lifter camshaft . Specs on cam are 256 deg. intake duration at .050, 260 deg. exhaust duration at .050, 552 intake lift, 563 exhaust lift. 102 lobe separation. Compression of 11.1 recommended, light car, 4000-7100 RPM. Save $$$ add a set of solid lifters for only $60.00.', '', '67');
insert into products_description (products_id, language_id, products_name, products_description, products_url, products_viewed) values ('26', '1', 'Pistons - 383 - .100 Dome-Coated Skirts-Balanced Set', 'Set of 8 Speed Pro # H624CP pistons. Piston set is balanced in our machine shop to within 1 gram. Teflon coated skirts. Pistons have .100 dome. 5/64\", 5/64\", 3/16\" ring grooves. For use with 5.7\" length rods. Compression with 64cc heads is approx. 11.5 to 1, with 76cc heads is approx. 10 to 1. Includes snap rings, pistons can be pressed or full floated. Gram weights between sets vary but are approx. 531 grams piston weight.', '', '64');
insert into products_description (products_id, language_id, products_name, products_description, products_url, products_viewed) values ('27', '1', 'Pistons - 350 - Flat Top 2 VR - Coated Skirts - Balanced Set', 'Set of 8 Speed Pro #H631CP hypereutectic pistons. Piston set is fully balanced in our machine shop to within 1 gram. Teflon coated skirts. Flat top pistons with 2 valve reliefs. 5/64\", 5/64\", 3/16\" ring grooves. For use with 5.7 length rods. Compression with 64cc heads is approx. 9.7 to 1, with 76cc heads is approx. 8.6 to 1. Includes snap rings, pistons can be pressed or full floated. Gram weights between sets vary but are approx. 579 grams piston weight and 160 grams pin weight.', '', '187');
insert into products_description (products_id, language_id, products_name, products_description, products_url, products_viewed) values ('32', '1', 'SBC #6 Solid Lifter Camshaft', 'SB Chevy #6 solid lifter camshaft . Specs on cam are 252 deg. intake duration at .050, 256 deg. exhaust duration at .050, .542 intake lift, .552 exhaust lift. 102 deg. lobe seperation. Recommended compression of 11.1 or lower, 3500-6500 RPM. Save $$$ add a set of 16 solid lifters for only $60.00.', '', '74');
insert into products_description (products_id, language_id, products_name, products_description, products_url, products_viewed) values ('28', '1', 'SBC #3 Solid Lifter Camshaft - 250/260 - .532/.555', 'SB Chevy # 3 solid lifter camshaft . Specs on cam are 250 deg intake duration at .050, 260 deg exhaust duration at .050, .532 intake lift, .555 exhaust lift. 106 deg lobe seperation. Compression of 12-1 or higher recommended, 2 Barrel applications, 2800-6500 RPM. Save $$$ add a set of 16 solid lifters for only $60.00.', '', '57');
insert into products_description (products_id, language_id, products_name, products_description, products_url, products_viewed) values ('29', '1', 'SBC #8 Solid Lifter Camshaft', 'SB Chevy# 8 solid lifter camshaft. Specs on cam are 248 deg intake duration at .050, 252 deg exhaust duration at .050, .530 intake lift, .542 exhaust lift, 106 deg. lobe seperation. Monster torque cam, 2700-7000 RPM. Save $$$ add a set of 16 solid lifters for only $60.00.', '', '26');
insert into products_description (products_id, language_id, products_name, products_description, products_url, products_viewed) values ('30', '1', 'SBC #5 Solid Lifter Camshaft - 249/249 - .508/.508', 'SB Chevy# 5 solid lifter camshaft . Specs on cam are .249 deg. intake duration at .050, 249 deg. exhaust duration at .050, .508 intake lift, .508 exhaust lift. 106 deg. lobe separation. Recommended for 9.1 compression motors, 3600-7000 RPM. Save $$$ add a set of 16 solid lifters for only $60.00.', '', '75');
insert into products_description (products_id, language_id, products_name, products_description, products_url, products_viewed) values ('31', '1', 'SBC #4 Solid Lifter Camshaft - 251/265 - .535/.525', 'SB Chevy # 4 solid lifter camshaft . Specs on cam are 251 deg. intake duration at .050, 265 deg. exhaust duration .050, .535 intake lift, .525 exhaust lift. 106 deg. lobe seperation. Compression of 12 to 1 recommended, 3500-7200 RPM. Save $$$ add a set of 16 solid lifters for only $60.00.', '', '72');
insert into products_description (products_id, language_id, products_name, products_description, products_url, products_viewed) values ('33', '1', 'SBC SP Solid Lifter Camshaft', 'SB Chevy #SP solid lifter camshaft . Specs on cam are 255 deg intake duration at .050, 265 deg exhaust duration at .050, .535 intake lift, .555 exhaust lift. 106 deg lobe seperation. Compression of 11.5 or higher recommended, 3200-7200 RPM. Save $$$ add a set of 16 solid lifters for only $60.00.', '', '80');
insert into products_description (products_id, language_id, products_name, products_description, products_url, products_viewed) values ('475', '1', 'Pistons - 383 - Forged - L.W. - Flat Top - Balanced Set', 'Set of 8 Sealed Power #L2491F lightweight Forged pistons. Piston set is fully balanced in our machine shop to within 1 gram. Flat top pistons with 2 valve reliefs, 1/16\", 1/16\", 3/16\" ring grooves. For use with 5.7\" rods (stock 350 rod length). Compression with 64cc heads is approx. 10.7 to 1, with 68cc head is approx. 10.3 to 1, with76cc heads is approx. 9.5 to 1. Includes snap rings, pistons can be pressed or full floated. Gram weights vary between sets but are approx. 470 grams, piston weight and 160 gram pin weight.', '', '45');
insert into products_description (products_id, language_id, products_name, products_description, products_url, products_viewed) values ('34', '1', 'Circle Track Battery Box', 'Circle Track Battery Box, measures 7\"x11\". Hold down swivels out of the way for easy battery installation.', '', '12');
insert into products_description (products_id, language_id, products_name, products_description, products_url, products_viewed) values ('35', '1', 'Cloyes - SBC Street True Roller Timing Set', 'Cloyes #9-1100SP street true roller timing chain and gear set for pre 87 small block chevy engines. Double row true roller chain with .250 diameter rollers, cast iron cam gear, billet steel 3 keyway crank gear with 0, 4 degree advance and 4 degree retard keyways.', '', '30');
insert into products_description (products_id, language_id, products_name, products_description, products_url, products_viewed) values ('36', '1', 'Fel Pro 350 Chevy Overhaul Gasket Set', 'Fel Pro # KS2600 350 Chevy overhaul gasket set, fits 69 - 79 350 engines and also older 283 & 327 engines.', '', '81');
insert into products_description (products_id, language_id, products_name, products_description, products_url, products_viewed) values ('37', '1', 'Hydraulic Lifters - SBC', 'Set of 16 hydraulic lifters for small block chevy.', '', '35');
insert into products_description (products_id, language_id, products_name, products_description, products_url, products_viewed) values ('38', '1', 'GM-KRC V-Belt P.S. Kit / Steel Pump', 'KRC Small block Chevy power steering kit. Complete with all new steel pump with V belt pulley, pump mount bracket, reservoir and a reservoir bracket. Your choice of cylinder head or block mount pump bracket. The reservoir uses a #6 fitting on the side and a #10 on the bottom.', '', '21');
insert into products_description (products_id, language_id, products_name, products_description, products_url, products_viewed) values ('40', '1', 'Steering Wheel - Aluminum', 'Aluminum steering wheel. 3\" dish. Your choice of 15\" or 17\" diameter.', '', '27');
insert into products_description (products_id, language_id, products_name, products_description, products_url, products_viewed) values ('41', '1', 'Economy SA2000 Helmet - RCI', 'RCI SFI certified SA2000 Helmet. Available in white only. Your choice of size Small , Medium, Large,  XL or  XXL. This helmet sells for $249.95 at Summit.  Multi laminated fiberglass shell, form fitting fire resistant Nomex liner, Kevlar chin strap, large countoured eyeport, clear .125 lexan shield with thumb tab, fully adjustable detent shield pivot with tearoff posts, adjustable chin and forehead fresh air vents.TO ENSURE AN ACCURATE FIT. Carefully measure around your head, above the ears. Take the measurement in inches, referring to the sizing chart below for your correct helmet / hat size. Helmet must fit properly for optimum performance. Don\'t guess your size. Helmet must be securely and snugly fastened before engaging in any activity.
(21 5/8\" - 22\" - small -7), (22 3/8\" - 22 3/4\" - medium - 7 1/4), (23 1/8\" - 23 5/8\" - large - 7 1/2), (23 7/8\" - 24 1/2\" - X-large - 7 3/4), (24 3/4 - 25 1/8\" - XX-large - 7 7/8)', '', '139');
insert into products_description (products_id, language_id, products_name, products_description, products_url, products_viewed) values ('42', '1', 'Window Net - Mesh Style', 'Mesh style window net. Measures 17 1/2\" X 23 1/2\". This is a quality SFI certified net. Your choice of black, red or blue. SFI spec is 27.1.', '', '25');
insert into products_description (products_id, language_id, products_name, products_description, products_url, products_viewed) values ('43', '1', 'Window Net - Ribbon Style', 'Ribbon style window net. Measures 18 1/8\" X 23 1/2\". This is a quality SFI spec 27.1 certified net. Your choice of black, blue, red , yellow, orange, purple, or gray.', '', '25');
insert into products_description (products_id, language_id, products_name, products_description, products_url, products_viewed) values ('44', '1', 'Ultra Shield High Top Driving Shoes', 'Pair of Ultra Shield high top driving shoes. Available in black only. SFI spec 3.3/5. Your choice of size 8, 9, 10, 11, 12, or 13.', '', '64');
insert into products_description (products_id, language_id, products_name, products_description, products_url, products_viewed) values ('45', '1', 'Ultra Shield Adult Single Layer Driving Gloves', 'Pair of Ultrashield single layer driving gloves, SFI spec 3.3/1. Padded leather palm and knuckle area with Velcro closure on arm.  Your choice of black, blue, or red. Sizes S, M, L or XL.( Glove sizing - Measure around the largest part of your hand, over your knuckles while making a fist, excluding thumb. Glove size - Small - 7\"-8 1/2\", Medium - 8\"-9 1/2\", Large - 9\"-10 1/2\", X-Large -  10\"-11 1/2\" )', '', '111');
insert into products_description (products_id, language_id, products_name, products_description, products_url, products_viewed) values ('46', '1', 'SB Chevy CT Valve Covers-Black', 'Pair of steel, SBC tall circle track valve covers, painted black. Tall enough to clear stud girdles. Two baffeled 1 1/2\" breather tubes on one valve cover.', '', '24');
insert into products_description (products_id, language_id, products_name, products_description, products_url, products_viewed) values ('47', '1', 'MSD - SBC HEI 8MM Spark Plug Wire Set', 'MSD 8mm small block Chevy spark plug wire set. Over the valve cover routing, preteminated HEI style distributor ends, 90 degree angle spark plug ends. Blue in color. Includes coil wire for remote mounted coils.', '', '33');
insert into products_description (products_id, language_id, products_name, products_description, products_url, products_viewed) values ('49', '1', 'Clevite SBC-Cam Bearings', 'Clevite 77 small Block Chevy cam bearings.', '', '28');
insert into products_description (products_id, language_id, products_name, products_description, products_url, products_viewed) values ('50', '1', 'Clevite Main Bearings-400 Chevy', 'Clevite 77 P series small block Chevy 400 Main bearing set. Available in Std., .010, .020 or .030  undersize.', '', '18');
insert into products_description (products_id, language_id, products_name, products_description, products_url, products_viewed) values ('51', '1', 'Clevite Main Bearings-350/383 Chevy-H Series', 'Clevite 77 H series main bearing set for 350/383 Small Block Chevy engines. Chamfered to work with aftermarket cranks. Unplated hardened steel back for better dimensional accuracy and bore contact. High crush for better seating. Available in Std., .010 or .020. undersize.', '', '31');
insert into products_description (products_id, language_id, products_name, products_description, products_url, products_viewed) values ('52', '1', 'Sealed Power Cast Rings- 400 Chevy 5/16-5/64-3/16', 'Sealed Power cast rings for 377/400 Chevy engines. Ring widths are 5/64\", 5/64\", 3/16\". Available sizes are Std., .030, .040 or .060.', '', '18');
insert into products_description (products_id, language_id, products_name, products_description, products_url, products_viewed) values ('53', '1', 'SBC Weiand Aluminum Intake-IMCA', 'Weiand #7547-1 intake manifold. IMCA approved for stock car class. Fits small block chevy.', '', '49');
insert into products_description (products_id, language_id, products_name, products_description, products_url, products_viewed) values ('54', '1', 'Wilwood Clutch Pedal', 'Wilwood Clutch Pedal. Lightweight aluminum pedal with non-slip foot pad. Your choice of floor mount or swing mount.', '', '20');
insert into products_description (products_id, language_id, products_name, products_description, products_url, products_viewed) values ('55', '1', 'Wilwood Brake Pedal w/Balance Bar', 'Wilwood brake pedal with balance bar. Lightweight anodized aluminum pedal with a nonslip foot pad. Your choice of floor mount or swing mount.', '', '25');
insert into products_description (products_id, language_id, products_name, products_description, products_url, products_viewed) values ('56', '1', 'Wilwood Brake Pedal Kit', 'Assembly includes Wilwood brake pedal with balance bar and 2 Howe master cylinders. Lightweight anodized aluminum pedal with a non slip foot pad. Your choice or floor or swing mount pedal and master cylinder bore sizes of 3/4\", 7/8\" or 1\".', '', '37');
insert into products_description (products_id, language_id, products_name, products_description, products_url, products_viewed) values ('57', '1', 'Stewart Stage 2 Aluminum SB Chevy Water Pump - Short', 'Short style SBC Stewart Components Stage 2 aluminum water pump. 356-T6 heat-treated aluminum castings. Heavy duty bearing and hub. More efficient impeller. Drilled and tapped for cam stop. Can be drilled and tapped for external lines. Your choice of water pump #22103 with a 5/8\" diameter shaft or #22203 with a 3/4\" diameter shaft. Guranteed for one year. (Short style pump measures 5 7/8\" from leg of pump to face of fan hub.)', '', '24');
insert into products_description (products_id, language_id, products_name, products_description, products_url, products_viewed) values ('58', '1', 'Simpson High Top Driving Shoes', 'Pair of Black Simpson high top driving shoes. SFI spec 3.3/5. Your choice of size - 9 - 9 1/2 - 10 - 10 1/2 - 11 - 11 1/2 - 12 or 13. (Red and blue shoes are available, please call to order) 1-800-682-7166', '', '37');
insert into products_description (products_id, language_id, products_name, products_description, products_url, products_viewed) values ('59', '1', 'Howe Quick Steer', 'Howe Quick Steer Box. Your choice of 1.5:1 or 2:1 Ratios. Sturdy mounting boss and Heat treated internal gears and shafts. Weighs 3.5 lbs.', '', '17');
insert into products_description (products_id, language_id, products_name, products_description, products_url, products_viewed) values ('60', '1', 'Solid Lifters - SBC', 'Set of 16 solid lifters for small block chevy.', '', '23');
insert into products_description (products_id, language_id, products_name, products_description, products_url, products_viewed) values ('61', '1', 'R.J.S. - Seat Belt Kit - V - Style', 'RJS seat belt kit. All belt sets have current dates and meet SFI spec 16.1. Includes 3\" latch type lap belt, 3\" V style shoulder harness, and 2\" sub belt. Kit includes hardware to bolt belts to the floor. Your choice of black, blue, purple, red, or gray.', '', '29');
insert into products_description (products_id, language_id, products_name, products_description, products_url, products_viewed) values ('62', '1', 'Carter Fuel Pump - SBC', 'SBC Strip super pump, 1/4\" NPT inlet and outlet, 120 gallons per hour, 8 PSI,  Clockable- allows rotation of inlet and outlet, Light weight aluminum-dissipates heat.', '', '29');
insert into products_description (products_id, language_id, products_name, products_description, products_url, products_viewed) values ('63', '1', 'Barry Grant Alcohol Fuel Pump - SBC', 'Delivers up to 130 gallons per hour, 15 PSI, Alcohol 6 valve fuel pump 1/2\" NPT inlet and outlet, requires fuel pressure regulator. For Small block chevy.', '', '22');
insert into products_description (products_id, language_id, products_name, products_description, products_url, products_viewed) values ('64', '1', '2 Lever Deluxe Shifter', '2 Lever Deluxe Shifter. Complete with rods and heims, 1 - 24\" long rod, 1 - 18\" long rod.', '', '25');
insert into products_description (products_id, language_id, products_name, products_description, products_url, products_viewed) values ('65', '1', 'Mini Spool - 9\" Ford - 28 Spline', '9\" Ford 28 Spline Mini Spool. Top quality mini spool we have sold for years, dirt track proven. Not for street or drag racing use.', '', '23');
insert into products_description (products_id, language_id, products_name, products_description, products_url, products_viewed) values ('66', '1', 'Mini Spool- 9\" Ford- 31 Spline', '9\" Ford 31 spline Mini Spool. Top quality mini spool we have sold for years, dirt track proven. Not for street or drag racing use.', '', '18');
insert into products_description (products_id, language_id, products_name, products_description, products_url, products_viewed) values ('73', '1', '350 Chevy 416 Performance Heads-68cc - 1.94/1.50', 'Pair of casting # 14014416 heads with intake valve size increased to 1.94, 1.50 exhaust valves, combustion chamber walls are cut around valves to clear domed pistons and unshroud valves for better air flow, combustion chamber size is approx. 68cc for increased compression ratio.(These castings were originally from 305 engines) These heads will work on the street with unleaded fuel and have bolt holes on ends of heads for all accesories. These heads are for carbureted engines. Three angle valve job, surfaced, new valve guides, assembled with new premium stainless valves with necked down stems, new .550 lift Z-28 valve springs, new steel retainers and hardened valve locks, umbrella valve seals. These heads have 3/8\" press in studs.', '', '121');
insert into products_description (products_id, language_id, products_name, products_description, products_url, products_viewed) values ('68', '1', 'Air Riveter', 'Air Riveter. Pulls 1/8\", 5/32\" and 3/16\" rivets. 1 year warranty.', '', '21');
insert into products_description (products_id, language_id, products_name, products_description, products_url, products_viewed) values ('69', '1', 'Ultrashield - Arm Restraints', 'Ultrashield Arm Restraints, Black, individual style.', '', '30');
insert into products_description (products_id, language_id, products_name, products_description, products_url, products_viewed) values ('70', '1', 'Bead Breaker', 'Bead Breaker, gold anodized, wide foot for easier tire breakdown.', '', '25');
insert into products_description (products_id, language_id, products_name, products_description, products_url, products_viewed) values ('71', '1', 'Lug Nut Wrench', 'Quick change lug nut wrench. Chrome plated, center handle spins freely for quick lug nut removal. Fits 1\" lug nuts.', '', '23');
insert into products_description (products_id, language_id, products_name, products_description, products_url, products_viewed) values ('72', '1', 'PBM 350 Chevy 6 1/8\" Lightweight Balancer', 'Lightweight 6 1/8\" balancer, only 4.6 lbs. Fits small block Chevy, internal balance. Powerbonded steel outer ring to withstand higher RPM\'s. Etched timing marks.', '', '44');
insert into products_description (products_id, language_id, products_name, products_description, products_url, products_viewed) values ('74', '1', 'Longacre Ignition Switch Panel', 'Longacre Ignition Switch Panel, prewired, 40 amp, silicone rubber switch covers.', '', '16');
insert into products_description (products_id, language_id, products_name, products_description, products_url, products_viewed) values ('76', '1', 'Wilwood Clutch Assembly', 'Assembly includes new Wilwood lightweight aluminum pedal with non slip foot pad (your choice of floor or swing mount), 3/4\" aluminum master cylinder, and pull type slave cylinder.', '', '22');
insert into products_description (products_id, language_id, products_name, products_description, products_url, products_viewed) values ('77', '1', 'Howe Stock Clutch Hydraulic Throwout Bearing', 'Howe # 82870 hydraulic throwout bearing for stock clutch. This hydraulic throwout bearing eliminates the need for a slave cylinder or mechanical linkage. Simply install by replacing one bolt from the front of the transmission and sliding the bearing over the bearing retainer. .789 travel. Made to work with Saginaw, Muncie and T-10 transmissions. Works with a 3/4\" master cylinder.', '', '27');
insert into products_description (products_id, language_id, products_name, products_description, products_url, products_viewed) values ('78', '1', 'Autometer 5\" Memory Tach', '5\" recall tach, Autogage by Autometer #233902. Peak rpm memory, switch built in tach face.', '', '38');
insert into products_description (products_id, language_id, products_name, products_description, products_url, products_viewed) values ('79', '1', 'Tire Stagger Gauge', 'Tire Stagger Gauge. Polished aluminum gauge measures tires 65\" to 115\".', '', '22');
insert into products_description (products_id, language_id, products_name, products_description, products_url, products_viewed) values ('80', '1', 'SBC Z-28 Valve Springs', 'Set of 16, Z-28 valve springs. Fits small block Chevy, stock diameter, 1.250 O.D., maximum lift .550.', '', '49');
insert into products_description (products_id, language_id, products_name, products_description, products_url, products_viewed) values ('81', '1', 'Ultra Shield Adult 360 Neck Collar', 'Ultrashield 360 degree neck collar. SFI spec 3.3. Your choice of black, red or blue.', '', '39');
insert into products_description (products_id, language_id, products_name, products_description, products_url, products_viewed) values ('82', '1', 'Howe Hydraulic Throwout Bearing', 'Howe #8288 Hydraulic throwout bearing. This unit installs by simply removing two of the bearing retainer bolts from the front of the transmission and replacing them with provided adjuster studs. Use with stock Chevy or Ford transmissions (Saginaw, Muncie, Ford T10) .375 travel. Works with 3/4\" master cylinder. (will not work with stock or ram clutch or an 5.5\" clutch).', '', '25');
insert into products_description (products_id, language_id, products_name, products_description, products_url, products_viewed) values ('83', '1', 'Longacre Caster/Camber Gauge - Magnetic', 'Longacre caster/camber gauge with magnetic adapter and case. Reads caster from +8 degrees to -8 degrees , and camber from +6 degrees to -6 degrees in 1/4 degree increments. The end of the gauge is machined at 20 degree angles so you dont have to use radius plates. Includes foam lined case.', '', '32');
insert into products_description (products_id, language_id, products_name, products_description, products_url, products_viewed) values ('84', '1', 'Longacre Ignition Switch Panel W/Lite', 'Longacre Switch Panel, prewired, 40 amp, silicone rubber switch covers, indicator light.', '', '15');
insert into products_description (products_id, language_id, products_name, products_description, products_url, products_viewed) values ('85', '1', 'Aluminum Air Cleaner Housing - STD.', 'Spun aluminum air cleaner housing. Includes 14\" diameter lid. For use with 14\" x 3\", 14\" x 4\", or 14\" x 5\' air filters. The recessed design lowers overall air cleaner height. The housing drops down 1 3/8\" from the carburetor lip to the bottom of the housing and is 14\" in diameter.', '', '12');
insert into products_description (products_id, language_id, products_name, products_description, products_url, products_viewed) values ('86', '1', 'Automatic Shifter', 'Automatic Shifter. Positive detents will not let you shift into neutral, reverse or park by accident.  Shifter rod is 20\" long. Weighs only 9 oz.', '', '22');
insert into products_description (products_id, language_id, products_name, products_description, products_url, products_viewed) values ('87', '1', 'Hastings Cast Rings - 350/383 Chevy 5/64 5/64 3/16', 'Hastings cast rings for SBC 350 / 383. Ring widths are 5/64, 5/64, 3/16. Available in Std., .030, .040 or .060.', '', '22');
insert into products_description (products_id, language_id, products_name, products_description, products_url, products_viewed) values ('88', '1', 'Fel Pro 400 Chevy Overhaul Gasket Set', 'Fel Pro Overhaul gasket set for 400 small block chevy engines.', '', '19');
insert into products_description (products_id, language_id, products_name, products_description, products_url, products_viewed) values ('89', '1', 'Speed Pro -Plasma Moly Rings -350/383 Chevy 1/16 1/16 1/8', 'Set of Speed Pro # R9968 plasma moly rings for 350/383 chevy engines. Ring widths are 1/16, 1/16, 1/8. Available in Std., .030 or .060.', '', '14');
insert into products_description (products_id, language_id, products_name, products_description, products_url, products_viewed) values ('90', '1', 'Speed Pro -Plasma Moly Rings- 400 Chevy 1/16 1/16 3/16', 'Set of Speed Pro #R10375 plasma moly rings for 400 Chevy engines. Ring widths are 1/16, 1/16, 3/16. Available in Std., .030, .040 or .060.', '', '12');
insert into products_description (products_id, language_id, products_name, products_description, products_url, products_viewed) values ('91', '1', 'Hastings Cast Rings- 350/383 Chevy 1/16- 1/16- 3/16', 'Hastings cast rings for SBC 350 / 383. Ring widths are 1/16, 1/16, 3/16. Available in Std., .030, .040 or .060.', '', '17');
insert into products_description (products_id, language_id, products_name, products_description, products_url, products_viewed) values ('92', '1', 'Clevite Main Bearings - 350/383 Chevy', 'Clevite 77 P series main bearing set for Small Block Chevy 350/383.
Available in Std., .010, .020 or .030 undersize.', '', '66');
insert into products_description (products_id, language_id, products_name, products_description, products_url, products_viewed) values ('93', '1', 'Clevite Rod Bearings - 350/400 Chevy', 'Set of 8 Clevite 77 P series rod bearings for small block Chevy 350/400 engines. Available in Std., .010, .020, or .030 undersizes.', '', '49');
insert into products_description (products_id, language_id, products_name, products_description, products_url, products_viewed) values ('94', '1', 'Clevite Rod Bearings - 350/400 Chevy- H Series', 'Set of 8 Clevite 77 H series rod bearings for small block Chevy 350/400 engines. H series bearings are chamfered to work with aftermarket cranks. Unplated hardened steel back for better dimensional accuracy and bore contact. High crush for better seating. Available in Std., .010,  or .020 undersize.', '', '28');
insert into products_description (products_id, language_id, products_name, products_description, products_url, products_viewed) values ('95', '1', 'Sealed Power Moly Rings - 350/383 Chevy - 5/64, 5/64, 3/16', 'Sealed Power moly rings for 350/383 engines. Ring widths are 5/64, 5/64, 3/16. Available sizes are Std., .030, .040 or .060.', '', '87');
insert into products_description (products_id, language_id, products_name, products_description, products_url, products_viewed) values ('96', '1', 'Speed Pro-Plasma Moly Rings- 350/383 Chevy 1/16, 1/16, 3/16', 'Set of Speed Pro #R9902 plasma moly rings for 350/383 Chevy engines. Ring widths are 1/16, 1/16, 3/16. Available in Std., .030, .040 or .060.', '', '16');
insert into products_description (products_id, language_id, products_name, products_description, products_url, products_viewed) values ('97', '1', 'Lug Nuts 1\" Hex -Steel', '1\" Hex steel single sided lug nuts. Available in 7/16\" RH fine, 1/2\" RH fine, 5/8\" RH fine or coarse.  7/16\" fits most GM midsize, 1/2\" fits most Ford & Mopar, 5/8\" fits most aftermarket. Sold each.', '', '23');
insert into products_description (products_id, language_id, products_name, products_description, products_url, products_viewed) values ('98', '1', 'Spacer Bearings - 377 Chevy', 'Spacer bearings to use 350 crank in a 400 block.', '', '114');
insert into products_description (products_id, language_id, products_name, products_description, products_url, products_viewed) values ('99', '1', 'Melling Oil Pump - SB Chevy', 'Melling small block Chevy oil pump, standard volume and pressure.', '', '24');
insert into products_description (products_id, language_id, products_name, products_description, products_url, products_viewed) values ('100', '1', 'Melling Oil Pump - SB Chevy-High Volume', 'Melling SBC pump, high volume and high pressure, includes standard pressure spring. (requires oil pump shaft with steel sleeve.', '', '58');
insert into products_description (products_id, language_id, products_name, products_description, products_url, products_viewed) values ('101', '1', 'Scat-SB Chevy 5.7\"-I-Beam Rods-Bushed', 'Set of 8 -5.7\" long connecting rods. 4340 steel. Lightweight I-beam construction. Bushed pin end for full floating pins.  Sized and balanced to +/- 1 gram. 190,000 psi, ARP wave loc bolts. Each rod is double checked in our machine shop for roundness and pin fit. Rods are for large journal-1968 and newer cranks. Cam clearancing available for large stroke applications.', '', '54');
insert into products_description (products_id, language_id, products_name, products_description, products_url, products_viewed) values ('102', '1', 'Scat-SB Chevy 6.0\"-I-Beam Rods-Bushed', 'Set of 8- 6.0\" long connecting rods. 4340 steel. Lightweight I-beam construction. Bushed pin end for full floating pins. Sized and balanced to +/- 1 gram. 190,000 psi, ARP wave loc bolts. Each rod is double checked in our shop for roundness and pin fit. Rods are for large journal -1968 and newer cranks. Cam clearancing available for large stroke applications.', '', '57');
insert into products_description (products_id, language_id, products_name, products_description, products_url, products_viewed) values ('103', '1', 'Scat-SB Chevy 5.7\"-I-Beam Rods-Press Fit', 'Set of 8 - 5.7\" long connecting rods. 4340 steel. Lightweight I-beam construction. Designed for press fit pin applications. Sized and balanced to +/- 1 gram. 190,000 psi ARP bolts. Each rod set is double checked in our machine shop for roundness and pin fit. Rods are for large journal - 1968 and newer cranks. Cam clearancing available for large stroke applications.', '', '33');
insert into products_description (products_id, language_id, products_name, products_description, products_url, products_viewed) values ('104', '1', 'Scat-SB Chevy 6.0\"-I-Beam Rods-Press Fit', 'Set of 8 - 6.0\" long connecting rods. 4340 steel. Lightweight I-beam construction. Designed for press fit pin applications. Sized and balanced to +/- 1 gram. 190,000 psi ARP wave loc bolts. Each set is double checked in our machine shop for roundness and pin fit. Rods are for large journal - 1968 and newer cranks. Cam clearancing available for large stroke applications.', '', '32');
insert into products_description (products_id, language_id, products_name, products_description, products_url, products_viewed) values ('105', '1', 'Scat SB Chevy 6.0\" I-Beam Rods-Bushed-7/16\" Capscrew', 'Set of 8 - 6.0\" long connecting rods. 4340 steel. Lightweight I-beam construction. Rod weights will vary between sets but a typical set on our shelf has a large end weight of 435 grams and a small end weight of 165 grams.  Bushed pin end for full floating pins. Sized and balanced to +/- 1 gram. 210,000 psi 7/16\" cap screws. Dowelled cap for superior fit. Each Rod set is double checked in our machine shop for roundness and pin fit. Rods are for large journal - 1968 and newer cranks. Cam clearancing available for large stroke applications.', '', '42');
insert into products_description (products_id, language_id, products_name, products_description, products_url, products_viewed) values ('106', '1', 'Scat SB Chevy 5.7\" I-Beam Rods Bushed 7/16\" Capscrew', 'Set of 8 - 5.7\" long connecting rods. 4340 steel. Lightweight I-beam construction. Rod weights will vary between sets but a typical set on our shelf has a large end weight of 432 grams and a small end weight of 154 grams. Bushed pin end for full floating pins. Sized and balanced to +/- 1 gram. 210,000 psi ARP 7/16\" capscrews. Dowelled cap for superior fit. Each set is double checked in our machine shop for roundness and pin fit. Rods are for large journal - 1968 and newer cranks. Cam clearancing available for large stroke applications.', '', '71');
insert into products_description (products_id, language_id, products_name, products_description, products_url, products_viewed) values ('107', '1', 'Eagle- SB Chevy 5.7\" I-beam Rods-Bushed', 'Set of 8 - 5.7\" long connecting rods. 5140 steel. Lightweight I-beam construction. Bushed pin end for full floatng pins. Sized and balanced to +/- 1 gram. 190,000 psi ARP capscrews. Each rod set is double checked in our machine shop for roundness and pin fit. Rods are for large journal 1968 and newer cranks. Cam clearancing is avaiable for large stroke applications.', '', '64');
insert into products_description (products_id, language_id, products_name, products_description, products_url, products_viewed) values ('108', '1', 'Eagle-SB Chevy 6.0\" I-Beam Rods-Bushed', 'Set of 8 - 6.0\" long connecting rods. 5140 steel. Lightweight I-beam construction. Bushed pin end for full floating pins. Sized and balanced to +/- 1 gram, 190,000 PSI ARP capscrews. Each rod set is double checked in our machine shop for roundness and pin fit. Rods are for large journal - 1968 and newer cranks. Cam clearancing available for large stroke applications.', '', '49');
insert into products_description (products_id, language_id, products_name, products_description, products_url, products_viewed) values ('109', '1', '383 Chevy Cast Crankshaft', '383 Chevy cast crankshaft. Knife edged and profiled counterweights. Designed for 2 piece rear main seal blocks. For use with 5.7\" or longer rods. Externally balanced.', '', '80');
insert into products_description (products_id, language_id, products_name, products_description, products_url, products_viewed) values ('110', '1', '400 Chevy Cast Crankshaft', '400 Chevy cast crankshaft. Knife edged and profiled counterweights. Desined for 2 piece rear main seal blocks. For use with 5.7\" or longer rods. Externally balanced.', '', '39');
insert into products_description (products_id, language_id, products_name, products_description, products_url, products_viewed) values ('111', '1', '350 Chevy Cast Crankshaft', '350 Chevy cast crankshaft. Knife edged and profiled counterweights. designed for 2 piece rear main seal blocks. Internally balanced.', '', '111');
insert into products_description (products_id, language_id, products_name, products_description, products_url, products_viewed) values ('112', '1', 'Comp Cams-Magnum Roller Tip Rocker Arms-SBC', 'Set of 16 SB Chevy Comp Cams Magnum roller tip rocker arms. Fits 55 - 87 small block chevy engines. Made from 8620 chrome moly steel, 1.52 ratio, 3/8\" studs, includes 16 rockers, 16 grooved balls and 16 nuts. We have found these to be the strongest roller tip rocker available.', '', '91');
insert into products_description (products_id, language_id, products_name, products_description, products_url, products_viewed) values ('113', '1', 'Cloyes- SBC - HD Roller Timing Set', 'SBC Cloyes heavy duty roller timing chain and gearset. 3 keyway crank sprocket. Fits 55 - 87 small block Chevy engines except factory rollercam.', '', '25');
insert into products_description (products_id, language_id, products_name, products_description, products_url, products_viewed) values ('114', '1', 'Cloyes - SBC Hex-Adjust True Roller Timing Set', 'With a Cloyes Hex-a-just timing system infinitely adjustable cam timing is as simple as turning an allen wrench. Consisting of billet steel cam and crank sprockets and a Cloyes True roller timing chain, the system uses a special hex head bushing installed on your cam\'s dowel pin. This bushing lines up with degree marks on the cam sprocket. You can adjust timing in fractions of a degree (up to plus or minus six degrees) by loosening the cam bolts and turning the bushing with an allen wrench. The Hex-a-just system fits under your stock timing cover. A torrington needle thrust bearing is also included. NOTE: Must be used with cam button and locking plate. This set is for pre-87 engines.', '', '26');
insert into products_description (products_id, language_id, products_name, products_description, products_url, products_viewed) values ('115', '1', 'K&N Oil Filter - SB Chevy Short', 'High flow oil filter, a must for high oil pressure racing engines, 550 lb. burst strength, 1\" wrench nut for easy removal. Fits small block chevy engines.', '', '15');
insert into products_description (products_id, language_id, products_name, products_description, products_url, products_viewed) values ('116', '1', 'K&N Oil Filter - SB Chevy Long', 'High flow oil filter, a must for high oil pressure racing engines, 550lb burst strength, 1\" wrench nut for easy removal. Fits Small block Chevy engines.', '', '21');
insert into products_description (products_id, language_id, products_name, products_description, products_url, products_viewed) values ('117', '1', 'Racing Fan- Steel Blades', 'All steel fan with 6 blades. These fans pull a lot of air. Available in 15\" diameter (4.0 lbs.)  17\" diameter (4.3 lbs.) or 18\" diameter (4.7 lbs.)', '', '33');
insert into products_description (products_id, language_id, products_name, products_description, products_url, products_viewed) values ('118', '1', 'Racing Fan- Aluminum Blades', 'Fan has steel center with 6 aluminum blades. These fans pull a lot of air. Available in 15\" (3.0 lbs.),  17\" (3.11 lbs.),  or 18\" (3.2 lbs.) diameters.', '', '32');
insert into products_description (products_id, language_id, products_name, products_description, products_url, products_viewed) values ('119', '1', 'Redline Water Wetter', 'Redline water wetter helps reduce coolant temperature by up to 20 degrees.
12 oz. bottle. One bottle treats an automotive cooling system of 12-20 quarts.', '', '25');
insert into products_description (products_id, language_id, products_name, products_description, products_url, products_viewed) values ('120', '1', 'Billet Aluminum Fan Spacer - 2\"', 'Billet Aluminum fan spacer - 2\". Complete with bolts, washers and hub bushing. Fits both 5/8\" or 3/4\" hub.', '', '28');
insert into products_description (products_id, language_id, products_name, products_description, products_url, products_viewed) values ('121', '1', 'Billet Aluminum Fan Spacer - 2 1/2\"', 'Billet aluminum fan spacer - 2 1/2\". Complete with bolts, washers and hub bushing. Fits both 5/8\" or 3/4\" hub.', '', '29');
insert into products_description (products_id, language_id, products_name, products_description, products_url, products_viewed) values ('122', '1', 'Billet Aluminum Fan Spacer 3\"', 'Billet aluminum fan spacer - 3\". Complete with bolts, washers and hub bushing. Fits both 5/8\" or 3/4\" hub.', '', '49');
insert into products_description (products_id, language_id, products_name, products_description, products_url, products_viewed) values ('123', '1', 'Stewart Stage 1 Cast Iron SB Chevy Water Pump - Short', 'Stewart Components high flow cast iron water pump. New OEM cast iron castings that are machined and assembled to exact standards, then are modified for performance and reliability. 3/4\" bearing with a 5/8\" shaft. 
Heavy duty bearing and hub. Guaranteed for one year. Short pump for small block chevy measures  5 7/8\" from leg of pump to face of fan hub .', '', '57');
insert into products_description (products_id, language_id, products_name, products_description, products_url, products_viewed) values ('124', '1', 'Stewart Stage 1 Cast Iron SB Chevy Water Pump-Long', 'Stewart Components high flow cast iron water pump. New OEM cast iron castings that are machined and assembled to exact standards, then are modified for performance and reliability. 3/4\" bearing with a 5/8\" shaft. Heavy duty bearing and hub. Guranteed for one year. Long pump for small block chevy measures 7\" from leg of pump to face of fan hub.', '', '64');
insert into products_description (products_id, language_id, products_name, products_description, products_url, products_viewed) values ('125', '1', 'GM Weld on Caliper Bracket - Metric', 'Mounts GM metric caliper to any rearend with 3\" tubes. Made of 1/4\" plate steel. Works with any 11.75\" rotor.', '', '14');
insert into products_description (products_id, language_id, products_name, products_description, products_url, products_viewed) values ('126', '1', 'GM Weld on Caliper Bracket - Fullsize', 'Mounts GM fullsize caliper to any rearend with 3\" tubes. Made of 1/4\" plate steel. Works with any 11.75\" rotor.', '', '18');
insert into products_description (products_id, language_id, products_name, products_description, products_url, products_viewed) values ('127', '1', 'GM Clamp on Caliper Bracket - Fullsize', 'Bracket slides over 3\" rearend tube and clamps on. Must be tack welded or drilled and tapped. For GM full size calipers. Made of 1/4\" steel , works with any 11.75\" rotor.', '', '19');
insert into products_description (products_id, language_id, products_name, products_description, products_url, products_viewed) values ('128', '1', 'GM Clamp on Caliper Bracket -Metric', 'Bracket slides over 3\" rearend tube and clamps on. Must be tack welded or drilled and tapped. For GM metric calipers. Made of 1/4\" steel, works with any 11.75\" rotor.', '', '18');
insert into products_description (products_id, language_id, products_name, products_description, products_url, products_viewed) values ('129', '1', 'SBC Motor Mounts - Front - Steel', 'Pair of plated steel front motor mounts. For SB Chevys.', '', '26');
insert into products_description (products_id, language_id, products_name, products_description, products_url, products_viewed) values ('130', '1', 'SBC Motor Mounts -Rear - Steel', 'Pair of rear motor mounts for SB Chevys.', '', '23');
insert into products_description (products_id, language_id, products_name, products_description, products_url, products_viewed) values ('131', '1', 'Steering Wheel - Sweet Outlaw', 'These ultra-lightweight 15\" diameter aluminum steering wheels are manufactured by Sweet manufacturing. Designed with welded nubs on the back of the wheel for improved finger grips. Available in Flat or 3\" Dish.', '', '16');
insert into products_description (products_id, language_id, products_name, products_description, products_url, products_viewed) values ('132', '1', 'Window Net Install. Kit - Buckle', 'Buckle style window net installation kit. Everything you need to do a professional job.', '', '37');
insert into products_description (products_id, language_id, products_name, products_description, products_url, products_viewed) values ('133', '1', 'Intercomp 3 1/2\" Tire Pressure Gauge - Glow In The Dark', 'Intercomp - 3 1/2\" glow in the dark tire gauge. (0 - 15 PSI gauge reads in 1/2 PSI increments) (0 - 30 PSI gauge reads in 1 PSI increments) (0 - 60 PSI gauge reads in 1 PSI increments)', '', '14');
insert into products_description (products_id, language_id, products_name, products_description, products_url, products_viewed) values ('134', '1', 'Intercomp 2\" Tire Pressure Gauge - White Faced', 'Intercomp 2\" white faced tire pressure gauge, (0-15 PSI gauge reads in 1/2 PSI increments) (0-30 PSI gauge reads in 1 PSI increments) (0-60 PSI gauge reads in 1 PSI increments)', '', '18');
insert into products_description (products_id, language_id, products_name, products_description, products_url, products_viewed) values ('135', '1', 'Intercomp 2 1/2\" Tire Pressure Gauge - Glow In The Dark', 'Intercomp 2 1/2\" Glow in the dark tire pressure gauge, (0 - 15 PSI gauge reads in 1/2 PSI increments) (0-30 PSI gauge reads in 1 PSI increments) (0 - 60 PSI gauge reads in 1 PSI increments)', '', '19');
insert into products_description (products_id, language_id, products_name, products_description, products_url, products_viewed) values ('136', '1', 'Longacre - Disconnect Switch', 'Manual battery disconnect switch is designed to immediately kill the engine in case of emergency. For cars without alternators. Most sanctioning bodies require these for emergency shutoff.', '', '15');
insert into products_description (products_id, language_id, products_name, products_description, products_url, products_viewed) values ('137', '1', 'Accutech Water Temperature Gauge-2 5/8', '2 5/8\" face mechanical water temperature gauge. 100 degree to 280 degree  with 6\' capillary tube.', '', '12');
insert into products_description (products_id, language_id, products_name, products_description, products_url, products_viewed) values ('138', '1', 'Accutech Oil Temperature Gauge-2 5/8', '2 5/8\" face mechanical oil temp gauge. 140-340 degree. with 6\' capillary tube.', '', '15');
insert into products_description (products_id, language_id, products_name, products_description, products_url, products_viewed) values ('139', '1', 'Accutech Fuel Pressure Gauge-2 5/8', '2 5/8\" face mechanical fuel pressure gauge. 0-15 PSI.', '', '40');
insert into products_description (products_id, language_id, products_name, products_description, products_url, products_viewed) values ('140', '1', 'Accutech Oil Pressure Gauge-2 5/8', '2 5/8\" face mechanical oil pressure gauge. 0-100 PSI.', '', '43');
insert into products_description (products_id, language_id, products_name, products_description, products_url, products_viewed) values ('141', '1', 'Wheel Studs - 5/8\" Coarse', '5/8\" coarse thread, 2 3/4\" overall  length, 1 5/8\" thread length, .685\" knurl diameter, .375\" knurl length. For installation of 5/8\" studs use a 43/64 drill bit. Sold each.', '', '21');
insert into products_description (products_id, language_id, products_name, products_description, products_url, products_viewed) values ('142', '1', 'Afco Steering U-Joint - Smooth Ends', 'Smooth on both ends. Slips over 3/4\" steering shaft.', '', '12');
insert into products_description (products_id, language_id, products_name, products_description, products_url, products_viewed) values ('143', '1', 'Afco Steering U-joint - Quick Steer, GM Std., Pinto PS', 'Fits Afco & Howe Quick steer boxes, GM manual 76 and newer steering boxes and  Pinto power steering.  36 spline. Smooth end slips over 3/4\" steering shaft.', '', '12');
insert into products_description (products_id, language_id, products_name, products_description, products_url, products_viewed) values ('144', '1', 'Afco Steering U-joint - 76 & Older GM PS', 'Fits \'76 & earlier GM power steering boxes - 36 spline. Smooth end fits over 3/4\" shaft.', '', '16');
insert into products_description (products_id, language_id, products_name, products_description, products_url, products_viewed) values ('145', '1', 'Afco Steering U-Joint - Pinto/Mustang II - Manual', 'Fits Pinto / Mustang II manual racks - 26 spline. Smooth end slips over a 3/4\" steering shaft.', '', '15');
insert into products_description (products_id, language_id, products_name, products_description, products_url, products_viewed) values ('146', '1', 'Afco Steering U-joint - 77 & Newer GM PS', 'Fits \'77 & newer GM power steering boxes. Also fits 75 and older GM manual steering boxes.  Also Appleton P.S. - 30 spline. Smooth end slips over 3/4\" O.D. steering shaft.', '', '17');
insert into products_description (products_id, language_id, products_name, products_description, products_url, products_viewed) values ('147', '1', 'Rebco Ignition Panel', 'All panels are assembled with 30 amp ignition switch, Heavy duty starter button and thick walled, high temperature Rebel wiring that withstands prolonged heat without melting or fusing! These panels have waterproof switch covers and pre-wired for easy installation.', '', '18');
insert into products_description (products_id, language_id, products_name, products_description, products_url, products_viewed) values ('148', '1', 'Rebco Ignition Panel W/Light', 'All panels are assembled with 30 amp ignition switch, Heavy duty starter button and thick walled, high temperature Rebel wiring that withstands prolonged heat without melting or fusing! These panels have waterproof switch covers and pre-wired for easy installation.', '', '16');
insert into products_description (products_id, language_id, products_name, products_description, products_url, products_viewed) values ('149', '1', 'Longacre Aircraft Ignition Switch Panel W/Lite', 'Longacre switch panel with aircraft ignition switch, indicator lite, prewired, 40amp @ 12V DC.  All connections are soldered and heat-shrinked. They also all plug into the Longacre wiring harness.', '', '20');
insert into products_description (products_id, language_id, products_name, products_description, products_url, products_viewed) values ('150', '1', 'Ultra-Shield Tearoffs - Simpson Voyager', '2 mil, clear tearoffs, 11 1/2\" post centers. Box of 200. Fits Simpson Voyager helmet. Straight tearoffs.', '', '24');
insert into products_description (products_id, language_id, products_name, products_description, products_url, products_viewed) values ('151', '1', 'Ultra-Shield Tearoffs - Bell, RCI, G-Force', '12 3/8\" post centers. 2 mil Clear, Banana shaped tearoffs. Fits Bell, G-Force and RCI SA2000 Helmets. 200 per box.', '', '68');
insert into products_description (products_id, language_id, products_name, products_description, products_url, products_viewed) values ('152', '1', 'Longacre - Carb Linkage Kit', 'Longacre carb linkage kit. Complete with rod ends, aircraft aluminum Tube, Holley carb bushing, 2 return springs, bolts and nuts. Hassle free, just bend to clear air cleaner, cut to length and thread one end using 1/4\" -28 tap. 22 7/8\" long.', '', '13');
insert into products_description (products_id, language_id, products_name, products_description, products_url, products_viewed) values ('153', '1', 'Stant Racing Radiator Cap 21 - 25 lbs.', 'Stant racing radiator cap rated at 21 - 25 lbs. pressure. A good cap is a must.', '', '54');
insert into products_description (products_id, language_id, products_name, products_description, products_url, products_viewed) values ('154', '1', 'Quick Disconnect Hub - 360 Degree - Rebco', '360 Degree quick disconnect hub. Splined steel shaft welds on 3/4\" shaft. Aluminum hub can be released with either hand from any side of wheel.', '', '22');
insert into products_description (products_id, language_id, products_name, products_description, products_url, products_viewed) values ('155', '1', 'Quick Disconnect Hub - Button Type', 'Button type quick disconnect hub. Steel hex type shaft welds on 3/4\" shaft. Aluminum hub with spring loaded button. No pin to lose!!', '', '23');
insert into products_description (products_id, language_id, products_name, products_description, products_url, products_viewed) values ('156', '1', 'Steering Shaft Hanger', '1/8\" steel, 8\" long, welds to dash bar.', '', '15');
insert into products_description (products_id, language_id, products_name, products_description, products_url, products_viewed) values ('157', '1', 'Steering Shaft Heim', 'Fits over 3/4\" steering shaft. .007 oversize', '', '14');
insert into products_description (products_id, language_id, products_name, products_description, products_url, products_viewed) values ('158', '1', 'Stainless Steel -4 Braided Line-2 Straight Ends', 'Stainless steel -4 braided line with 2-straight ends. These lines work great for brake lines, clutch lines, fuel pressure lines and oil pressure lines. Available in 12\" to 60\" lengths.', '', '23');
insert into products_description (products_id, language_id, products_name, products_description, products_url, products_viewed) values ('159', '1', 'Stainless Steel -4 Braided Line w/ 1-90 & 1-Straight End', 'Stainless steel braided line.  AN 4 with 1-90 degree end and 1-straight end. These lines work great for brake lines, clutch lines, fuel pressure lines and oil pressure lines. Available in 12\" to 48\" lengths.', '', '27');
insert into products_description (products_id, language_id, products_name, products_description, products_url, products_viewed) values ('160', '1', 'Schoenfeld SBC Street Stock Headers', 'Fits 1972-86 Monte Carlo --- 1977-86 Grand Prix --- Olds Cutlass, Buick Regal --- 1970-81 Camaro --- 1964-77 Chevelle. Can use solid side and rear mounts. Will fit angle or straight plug heads. Will not clear stock manual clutch linkage ball located behind the #7 cylinder. Stand port only. MEASURES: 1 3/4\" primary with 3 1/2\" collector.', '', '114');
insert into products_description (products_id, language_id, products_name, products_description, products_url, products_viewed) values ('161', '1', 'Afco Fuel Filter Assembly- Stainless Steel Element', 'Afco fuel filter assembly with 63 Micron stainless steel filter element. Available with #8 ends or #10 ends. Weight. 1.3lbs..', '', '21');
insert into products_description (products_id, language_id, products_name, products_description, products_url, products_viewed) values ('162', '1', 'Afco Fuel Filter Assembly- Paper Element', 'Afco fuel filter assembly with 7 Micron paper element. Available with #8 ends or #10 ends. Compatible with most racing gas products. Weight 1.15 lbs..', '', '19');
insert into products_description (products_id, language_id, products_name, products_description, products_url, products_viewed) values ('163', '1', 'Jaz 3\" High Flow Fuel Filter', 'This aluminum inline filter has a 35 micron washable element. Includes housing with #6, #8 or #10 ends and a washable filter. No brackets necessary. FOR GAS ENGINES ONLY', '', '19');
insert into products_description (products_id, language_id, products_name, products_description, products_url, products_viewed) values ('164', '1', 'Panhard Bar Pinion Mount for 9\" Ford Rearend-Single', 'Panhard bar single side pinion mount for 9\" Ford rearends. Anodized for long life.', '', '20');
insert into products_description (products_id, language_id, products_name, products_description, products_url, products_viewed) values ('165', '1', 'Panhard Bar Pinion Mount for 9\" Ford Rearend-Double', 'Double side 9\" Ford panhard bar mount. Anodized for long life.', '', '18');
insert into products_description (products_id, language_id, products_name, products_description, products_url, products_viewed) values ('166', '1', 'Afco Adjustable Preload Panhard Bar', 'Adjustable preload panhard bar. Rubber bushings for limited tire. 18\" to 22\" long.', '', '20');
insert into products_description (products_id, language_id, products_name, products_description, products_url, products_viewed) values ('167', '1', 'PBM 350 Chevy Overhaul Gasket Set', 'Overhaul gasket set. Fits SB Chevy 283, 307, 327, 350. 1960 - 1985. Corteco gaskets good for up to 500HP applications, distributed by PBM Performance.', '', '33');
insert into products_description (products_id, language_id, products_name, products_description, products_url, products_viewed) values ('168', '1', 'PBM Stamped Steel Rocker Arm Set-SBC', 'Set of 16 rocker arms, 16 grooved balls, and 16 Nuts. 1.5 long slot stamped steel rocker arms. Fits 1955 - 1987 SBC engines.', '', '25');
insert into products_description (products_id, language_id, products_name, products_description, products_url, products_viewed) values ('169', '1', 'Hays Steel Bellhousing V8 Chevy', 'Made from .250 thick hydroformed steel for extra strength. Bellhousing for small block or big block Chevy applications with block mounted starters and conventional mechanical clutch linkage to the standard GM Muncie, Saginaw and Borg-Warner T-10 transmissions. (Does not include block saver plate.)', '', '32');
insert into products_description (products_id, language_id, products_name, products_description, products_url, products_viewed) values ('170', '1', 'Pioneer 6 3/4\" 350 Chevy Balancer', '6 3/4\" diameter 350 Chevy harmonic balancer.', '', '26');
insert into products_description (products_id, language_id, products_name, products_description, products_url, products_viewed) values ('171', '1', 'Pioneer 8\" 383/400 Chevy Balancer', '8\" diameter 383 / 400 Chevy harmonic balancer. For externally balanced 383 / 400 engines.', '', '26');
insert into products_description (products_id, language_id, products_name, products_description, products_url, products_viewed) values ('172', '1', 'Pioneer 8\" 350 Chevy Balancer', '8\" diameter 350 Chevy harmonic balancer.', '', '62');
insert into products_description (products_id, language_id, products_name, products_description, products_url, products_viewed) values ('173', '1', 'PBM 383/400 Chevy Power Bonded Balancer', '8\" diameter externally balanced 383 / 400 Chevy harmonic balancer with etched timing marks. Power bonded outer ring for extra durability.', '', '34');
insert into products_description (products_id, language_id, products_name, products_description, products_url, products_viewed) values ('174', '1', 'SBC - Stock Timing Chain Cover', 'Stock replacement small block chevy timing cover.', '', '24');
insert into products_description (products_id, language_id, products_name, products_description, products_url, products_viewed) values ('175', '1', 'Champ C.T. Oil Pan - 8 QT.-SBC', '8 qt. capacity with an oil level plug. 8\" deep with 3 trap doors and one crankscraper. Uses Champ 80SB pickup tube with high volume oil pump. For use with left or right hand dipstick blocks.', '', '48');
insert into products_description (products_id, language_id, products_name, products_description, products_url, products_viewed) values ('176', '1', 'Renegade-C.T. Oil Pan - SBC', '7 qt. capacity, 7 1/2\" deep. Fits small block Chevy. Uses Renegade  P7107 pickup tube with high volume oil pump. Fits left hand dipstick blocks. Painted black.', '', '59');
insert into products_description (products_id, language_id, products_name, products_description, products_url, products_viewed) values ('177', '1', 'PBM Stock Replacement Oil Pan - SBC', 'Left hand dipstick. fits small block Chevy.', '', '36');
insert into products_description (products_id, language_id, products_name, products_description, products_url, products_viewed) values ('178', '1', 'Gas Pedal - Straight Mount', 'Gold plated, lightweight and extremely durable, this pedal was built with safety in mind. Toe strap to avoid a stuck throttle situation. Straight mount.', '', '18');
insert into products_description (products_id, language_id, products_name, products_description, products_url, products_viewed) values ('179', '1', 'Gas Pedal - Angle Mount', 'Gold plated, lightweight and extremely durable, this pedal was built with safety in mind. Toe strap to avoid a stuck throttle situation. Angle mount.', '', '18');
insert into products_description (products_id, language_id, products_name, products_description, products_url, products_viewed) values ('180', '1', 'Gas Pedal - Firewall Mount', 'Gold plated, lightweight and extremely durable, this pedal was built with safety in mind. Toe strap to avoid a stuck throttle situation. Firewall mount.', '', '17');
insert into products_description (products_id, language_id, products_name, products_description, products_url, products_viewed) values ('181', '1', 'RJS Underwear Set', 'Two-piece style, Knit Nomex underwear is flame retardant. Top has long sleeves with turtle neck collar. SFI 3.3 approved. Upper and lower sold together. Available in small, medium, large and X-large.', '', '58');
insert into products_description (products_id, language_id, products_name, products_description, products_url, products_viewed) values ('182', '1', 'MSD - SBC Chevy Billet Distributor', 'The housing is machined from a billet of 6061-T6 aluminum on a state-of-the-art CNC machine producing exact tolerances. Modified blocks can also take advantage of the O-ring seals to help maintain proper pressure.
For high rpm stability, a .500\" steel shaft is supported by a sealed ball bearing and a long sintered bushing. This shaft also receives a QPQ coating for friction reduction and resistance to corrosion. A precision machined reluctor is attached to the shaft which triggers the magnetic pickup mounted in the housing.
This high output magnetic pickup is the most accurate way to trigger your ignition. Plus, with no moving parts to wear or adjust, the pickup is maintenance-free! Just above the pickup is MSD\'s adjustable mechanical advance assembly. Different springs and stop bushings are supplied so you can tune an advance curve to match your application.

NOTE: Must be used with an MSD 6, 7, 8 or 10 Series Ignition. Supplied with a Cap and Rotor.

Pro-Billet Distributor,
Chevrolet V8 PN 85551*', '', '53');
insert into products_description (products_id, language_id, products_name, products_description, products_url, products_viewed) values ('209', '1', 'Cloyes - SBC True Roller Timing Set', 'True roller action timing chain for superior durability, roller links are made from high quality heat-treated cast iron or SAE D7003 ductile iron, roller links are rolled and hardened to exacting standards, the crank sprockets have 3 patented keyways and are made from high quality carbon steel heat-treated to Rc 48 minumum, Precision matched for precise chain tension. This set is for pre-87 small block chevy engines.', '', '18');
insert into products_description (products_id, language_id, products_name, products_description, products_url, products_viewed) values ('210', '1', 'Chevy 350 Rering Kit - Fel-pro - Clevite', 'Rering kit includes Fel Pro #KS2600 overhaul gasket set, fits 68-79 350 chevy engines (drivers side dipstick blocks). Clevite rod bearing set #CB663P, Clevite main bearing set #MS909P and 5/64\", 5/64\", 3/16\" cast Hastings rings #139. Your choice of std., .030, .040 or .060 over rings, std., .010, .020, or .030 under rod and main bearings.', '', '41');
insert into products_description (products_id, language_id, products_name, products_description, products_url, products_viewed) values ('211', '1', '350 Chevy Engine Kit - Balanced Pistons', 'Kit contains Fel Pro overhaul gasket set # KS2600 for 350 engines 69-79(drivers side dipstick blocks). Sealed Power flat top hypereutectic pistons #H345NP - Balanced in our machine shop to within 1 gram. Clevite rod bearing set # CB663P, Clevite main bearing set # MS909P, Clevite cam bearing set # SH290S. 5/64, 5/64, 3/16\" cast Hastings rings #139. Melling # M555HV high volume oil pump, Melling # IS-55E heavy duty oil pump shaft. Federal Mogul brass frost plug kit. Your choice of std. .030, .040, or .060 over pistons and std., .010, .020, or .030 under rod and main bearings. (Other piston options are available at additional cost such as 2VR flat tops or domed versions - call for quote)', '', '240');
insert into products_description (products_id, language_id, products_name, products_description, products_url, products_viewed) values ('212', '1', 'Holley - Rebuilt 500cfm C.T. Carb', 'Rebuilt Holley 500 cfm circle track carb. This is a factory rebuilt carb by Holley, no choke butterfly and is set up by Holley for circle track racing. These carbs look brand new.', '', '45');
insert into products_description (products_id, language_id, products_name, products_description, products_url, products_viewed) values ('213', '1', 'Starter - SBC - L.W. - Straight B.P.', '100% new, not rebuilt, complete with bolts and shims, weight 10.5 lbs. Works with 153 or 168 tooth flywheels. Uses straight bolt pattern.', '', '24');
insert into products_description (products_id, language_id, products_name, products_description, products_url, products_viewed) values ('214', '1', 'Simpson Voyager 8- N Helmet', 'Simpson Voyager 8, N series Helmet. Nomex interior, SA 2000 approved, White. Available sizes 7, 7 1/8, 7 1/4, 7 3/8, 7 1/2, 7 5/8, 7 3/4 and 8. 
TO ENSURE AN ACCURATE FIT - Carefully measure around your head, above the ears. Take the measurement, in inches, referring to the sizing chart below for your correct hat / helmet size. Helmet must fit properly for optimum performance. Don\'t guess your size. Helmet must be securely and snugly fastened before engaging in any activity.
(size 7 - 21 9/16\" - 22\"), (size 7 1/8 - 22\" - 22 3/8\"), (size 7 1/4 - 22 3/8\" - 22 3/4\"), (7 3/8 - 22 3/4\" - 23 1/8\"), (size 7 1/2 - 23 1/8\" - 23 1/2\"), (size 7 5/8 - 23 1/2\" - 23 15/16\"), (7 3/4 - 23 15/16\" - 24 5/16), (size 8 - 24 5/16\" - 24 3/4\").
Helmets sizing will be converting to - (Small - 6 7/8 - 7),  (Medium - 7 1/8 - 7 1/4),  ( Large - 7 3/8 - 7 1/2), (XL - 7 5/8 - 7 3/4), ( XXL - 7 7/8 - 8).', '', '75');
insert into products_description (products_id, language_id, products_name, products_description, products_url, products_viewed) values ('215', '1', 'Pro-Street Stock Shock-GM Rear', 'Pro SS201 shock. Fits rear of GM full- size and mid-size Chevelle, Monte Carlo, Cutlass, and Regal. Compressed length is 12.75\", extended length is 20.95\". SS series have extra heavy damping designed for the rigors of street stock racing.', '', '22');
insert into products_description (products_id, language_id, products_name, products_description, products_url, products_viewed) values ('216', '1', 'Pro-Street Stock Shock-GM Front', 'Pro SS100 shock. Fits front of GM full-size and mid-size. Compressed length is 8.5\", extended length is 13.1\". This series is non adjustable. SS series have extra heavy damping designed for the rigors of street stock racing.', '', '31');
insert into products_description (products_id, language_id, products_name, products_description, products_url, products_viewed) values ('183', '1', 'MSD Blaster 2 Coil', 'Special 100:1 windings are used to provide maximum buildup of voltage! These windings are kept secure and cool in an oil filled metal canister. The tower assembly is molded of alkyd material. Wide spaced brass primary terminals help prevent the possibility of spark jump.', '', '15');
insert into products_description (products_id, language_id, products_name, products_description, products_url, products_viewed) values ('184', '1', 'MSD - Blaster 2 Coil - High Vibration', 'For circle track, off road and other severe duty racing applications, this is the coil! The windings of the High Vibration Coil are completely encased in a premium epoxy making it impossible for vibration to affect the windings. This assembly is housed in a unique alkyd molded shell which provides high dielectric characteristics plus a very durable shell. Brass primary terminals ensure full voltage delivery and are spaced far apart to eliminate the chance of spark arc-over. The High Vibration Coil can be mounted in any position and can be used with a standard canister coil mount.


BLASTER HIGH VIBRATION SPECIFICATIONS  
Primary Resistance:  0.7 ohms 
Secondary Resistance:  4.7K ohms 
Maximum Voltage: 
  45,000 volts 
Inductance:   8 mH 
Turns Ratio:  100:1 
Peak Current:  140 mA 
Spark Duration:  350 Us 
Teste with an MSD 6AL at the plug gap.', '', '15');
insert into products_description (products_id, language_id, products_name, products_description, products_url, products_viewed) values ('185', '1', 'MSD - #6400 Ignition Box', 'Works with MSD distributors and most stock distributors. The 6T is designed for severe duty applications such as off-road and circle track racing. The circuits receive extra vibration protection in the form of additional internal bracing and a heavy duty coating of Humi-Seal. This coating protects the circuitry from harsh vibrations and moisture, plus rubber vibration mounts are included. A special 4-wire connector will plug directly into an MSD Soft Touch Rev Control (PN 8738 or Engine Control (PN 8968).


OPERATING SPECIFICATIONS FOR MSD 6T  
Operating Voltage:  +10-18 VDC Negative Ground 
Current Requirements:  5 Amps-5,000 RPM
 10 Amps-10,000 RPM 
RPM Range:  15,000 RPM with 14.4 Volts 
Spark Duration:  20 Crankshaft Rotation 
Energy Output Max:  105-115 mJ Per Spark 
Weight and Size:  3 lbs, 8\"Lx3.5\"Wx2.25\"H 
Voltage Output Max:  Primary: 460-480 Volts
 Secondary: 45,000 Volts (Blaster Coil)', '', '39');
insert into products_description (products_id, language_id, products_name, products_description, products_url, products_viewed) values ('186', '1', 'MSD - #6420 Ignition Box', 'Works with MSD ditributors and most stock distributors. The 6AL shares the same proven circuitry of the 6A with the addition of a built-in adjustable rev limiter. 
MSD first developed the Soft Touch rev control to prevent overrev damage to your motor in the event of a missed shift or driveline failure. The rpm limit is adjustable in 100 rpm increments with MSDs plug-in modules. When the engine reaches your selected limit, the Soft Touch circuitry begins dropping the spark to various cylinders. On the next cycle, these plugs are fired again to prevent fuel from loading up in the cylinder. The result is a smooth and accurate limiting action without backfires or roughness.
The Soft Touch Rev Control also opens the door for you to add rpm accessories such as a Two Step Rev Control. A Two Step allows you to set two rpm limits, one for a holeshot rpm and another for overrev protection. 
The 6AL is supplied with rubber shock mounts and modules for 3,000, 6,000, 7,000 and 8,000 rpm. 

MSD 6AL Ignition Control 
w/Rev Limiter, 4, 6 (even-fire only) 8-Cylinder


OPERATING SPECIFICATIONS  
Operating Voltage:  +10-18 VDC Negative Ground 
Current Requirements:  5 Amps-5,000 RPM
 10 Amps-10,000 RPM 
RPM Range:  15,000 RPM with 14.4 Volts 
Spark Duration:  20 Crankshaft Rotation 
Energy Output Max:  105-115 mJ Per Spark 
Weight and Size:  3 lbs, 8\"Lx4\"Wx2.25\"H 
Voltage Output Max:  Primary: 460-480 Volts
 Secondary: 45,000 Volts (Blaster Coil)', '', '32');
insert into products_description (products_id, language_id, products_name, products_description, products_url, products_viewed) values ('187', '1', 'MSD - Bronze Distributor Gear', 'This bronze Chevy distributor gear is designed to be used on a 0.500\" distributer shaft. ( MSD V-8 Chevy Distributors) The gears are machined from Ampco 45 alloy. Does not fit factory distributors.', '', '16');
insert into products_description (products_id, language_id, products_name, products_description, products_url, products_viewed) values ('188', '1', 'Mr. Gasket - Bronze Distributor Gear', 'Mr. Gasket bronze distributor gear. V-8 Chevy. Fits factory GM distributors.', '', '4');
insert into products_description (products_id, language_id, products_name, products_description, products_url, products_viewed) values ('189', '1', 'Simpson Helmet Bag', 'A quilted and padded bag desined to carry and protect your helmet. Black.  13\" Long - 15\" Wide - 13\" Deep', '', '42');
insert into products_description (products_id, language_id, products_name, products_description, products_url, products_viewed) values ('190', '1', 'Wilwood Brake Fluid - High Temp', 'Wilwood high temp racing brake fluid. Performance formulation combines low viscosity and low compressibility for firm, quick brake response. 12 oz. bottle.', '', '19');
insert into products_description (products_id, language_id, products_name, products_description, products_url, products_viewed) values ('191', '1', 'Rod Ends - Male', 'These steel rod ends are very durable. Balls are heat treated, precision ground, and hard chrome plated. The bodies have a protective coating for corrosion resistance. Available sizes are 1/4\" X 1/4\", 5/16\" X 5/16\", 3/8\" X 3/8\", 1/2\" X 1/2\", 5/8\" X5 /8\", or 3/4\" X 3/4\". Right hand or Left hand thread.', '', '36');
insert into products_description (products_id, language_id, products_name, products_description, products_url, products_viewed) values ('192', '1', '350 Chevy Flexplate -153 Tooth', 'Pioneer - 153 tooth 350 Chevy stock flexplate. Diameter is 12 7/8\".', '', '29');
insert into products_description (products_id, language_id, products_name, products_description, products_url, products_viewed) values ('193', '1', '350 Chevy Flexplate - 168 Tooth', 'Pioneer - 168 tooth stock 350 Chevy flexplate. Diameter is 14 3/16\".', '', '50');
insert into products_description (products_id, language_id, products_name, products_description, products_url, products_viewed) values ('194', '1', '383 / 400 Chevy Flexplate - 168 Tooth', 'Pioneer - 168 tooth flexplate for externally balanced 383 /  400 Chevy engines. Diameter is 14 3/16\".', '', '27');
insert into products_description (products_id, language_id, products_name, products_description, products_url, products_viewed) values ('195', '1', 'TCI Powerglide Coupler', 'Direct drive coupler for small block Chevy to Powerglide transmission.', '', '26');
insert into products_description (products_id, language_id, products_name, products_description, products_url, products_viewed) values ('196', '1', 'B&M Flexplate Shield', 'B&M flexplate shield for Chevy V-8 engines. SFI approved.', '', '22');
insert into products_description (products_id, language_id, products_name, products_description, products_url, products_viewed) values ('197', '1', 'Autometer 5\" Memory Tach', '5\" recall tach, Autometer # 6809. Peak rpm memory, switch built in tach face.', '', '62');
insert into products_description (products_id, language_id, products_name, products_description, products_url, products_viewed) values ('198', '1', 'Window Net Install. Kit - Spring', 'Spring window net installation kit.', '', '57');
insert into products_description (products_id, language_id, products_name, products_description, products_url, products_viewed) values ('199', '1', 'Crane SBC Hydralic Camshaft & Lifter Set - .454/.454', 'Crane Energizer hydralic cam and lifter kit. For SB Chevy. Specs on cam are 216 deg. intake duration at .050, 216 deg. exhaust duration at .050, .454 intake lift, .454 exhaust lift. 105 deg. lobe seperation. Main power band from 2000 - 5000 RPM. Good idle, daily usage, off road, hiway towing, fuel efficiency plus performance, 8.75 to 10:1 compression ratio.', '', '62');
insert into products_description (products_id, language_id, products_name, products_description, products_url, products_viewed) values ('200', '1', 'Crane SBC Hydralic Camshaft & Lifter Set - .450/.450', 'Crane Energizer hydralic cam and lifter kit. For SB Chevy. Specs on cam are 218 deg. intake duration at .050, 218 deg. exhaust duration at .050, .450 intake lift, .450 exhaust lift. 106 deg. lobe seperation. Rough idle, mod. perf. usage, good low and mid-range torque and HP, mild bracket racing, auto trans w/ 2500+ converter, 8.75 to 10:1 compression ratio,RPM range 2200-5200.', '', '60');
insert into products_description (products_id, language_id, products_name, products_description, products_url, products_viewed) values ('201', '1', 'Crane SBC Hydralic Camshaft & Lifter Set - .467/.467', 'Crane Energizer hydralic cam and lifter kit. For SB Chevy. Specs on cam are 222 deg. intake duration at .050, 222 deg. exhaust duration at .050, .467 intake lift, .467 exhaust lift. 110 deg. lobe seperation. Good to fair idle, daily perf. usage, good mid-range torque and HP, mild bracket racing, auto trans w/2500+ converter, 9.5 to 10.75:1 compression ratio, RPM range 2400-5400.', '', '45');
insert into products_description (products_id, language_id, products_name, products_description, products_url, products_viewed) values ('202', '1', 'Crane SBC Hydralic Camshaft & Lifter Set - .470/.470', 'Crane Energizer hydralic cam and lifter kit. For SB Chevy. Specs on cam are 226 deg. intake duration at .050, 226 deg. exhaust duration at .050, .470 intake lift, .470 exhaust lift. 106 deg. lobe seperation. Rough idle, moderate perf. usage, good mid-range to upper RPM HP, 9.5 to 11:1 compression ratio, RPM range 2500-5500.', '', '51');
insert into products_description (products_id, language_id, products_name, products_description, products_url, products_viewed) values ('203', '1', 'Crane SBC Hydralic Camshaft & Lifter Set - .480/.480', 'Crane Energizer hydralic cam and lifter kit. For SB Chevy. Specs on cam are 228 deg. intake duration at .050, 228 deg. exhaust duration at .050, .480 intake lift, .480 exhaust lift. 112 deg. lobe seperation. Fair idle, moderate performance usage, good mid-range HP. 9.5 to 11:1 compression ratio. RPM range: 3000-6000.', '', '59');
insert into products_description (products_id, language_id, products_name, products_description, products_url, products_viewed) values ('204', '1', 'Crane SBC Hydralic Camshaft & Lifter Set - .465/.465', 'Crane Energizer hydralic cam and lifter kit. For SB Chevy. Specs on cam are 230 deg. intake duration at .050, 230 deg. exhaust duration at .050, .465 intake lift, .465 exhaust lift. 105 deg. lobe seperation. Rough idle, perf. usage, good mid to upper RPM torque and HP, bracket racing, auto trans w/2500+ converter. 10 to 11.5:1 compression ratio. RPM range: 3200-6200.', '', '37');
insert into products_description (products_id, language_id, products_name, products_description, products_url, products_viewed) values ('205', '1', 'Crane SBC Hydralic Camshaft & Lifter Set - .500/.500', 'Crane Energizer hydralic cam and lifter kit. For SB Chevy. Specs on cam are 246 deg. intake duration at .050, 246 deg. exhaust duration at .050, .500 intake lift, .500 exhaust lift. 105 deg. lobe seperation. Rough idle, perf. usage, good upper RPM torque and HP, bracket racing, auto trans w/3000+ converter, 10.5 to 12:1 compression ratio, RPM range: 3500-6500.', '', '74');
insert into products_description (products_id, language_id, products_name, products_description, products_url, products_viewed) values ('206', '1', 'Moroso - SBC HEI Distributor W/O Vac. Advance', 'Includes:


High-Output Module
Mechanical Advance Curve Kit 
High-Output ProCoil & Cover
HEI Cap & Rotor

Now there\'s no need to build your own high-output distributor that you can tune for non-computerized HEI Chevy V8\'s. The ignition experts at Moroso have done it for you!
Moroso\'s new DuraFire Distributors come equipped with everything needed to customize the ignition timing curve for your particular street/strip application. It features several high-output components including Moroso\'s ProCoil that provides more complete combustion for easier starts, smoother idle, improved acceleration and more horsepower! 
Also included is a high-output module with extended reliability; cap, rotor and coil cover molded from advanced polymers for high dielectric strength and precise timing accuracy; and a mechanical Advance Curve Kit with extra springs to adjust spark advance from quick to ultra quick!', '', '0');
insert into products_description (products_id, language_id, products_name, products_description, products_url, products_viewed) values ('207', '1', 'Starter - L.W. - Permanent Magnet - Straight - SBC', 'All new starter for small block chevy with straight bolt pattern for use with 153 tooth flywheels. Permanent magnet,  4.4:1 gear reduction, Comes with mounting bolts. Weighs only 9 lbs..', '', '18');
insert into products_description (products_id, language_id, products_name, products_description, products_url, products_viewed) values ('208', '1', 'Starter - L.W.- Permanent Magnet - Staggered - SBC', 'All new starter with staggered bolt pattern for use with 168 tooth small block chevy flywheels. Permanent magnet,  4.4:1 gear reduction, Comes with mounting bolts. Weighs only 9 lbs..', '', '17');
insert into products_description (products_id, language_id, products_name, products_description, products_url, products_viewed) values ('217', '1', 'Rivets - Large Head - Mill Finish', 'Pop brand rivets - 250 per box. 3/16\" rivet diameter. Steel mandrel, aluminum body, 5/8\" flange size, grip range of 1/4\" - 3/8\". Mill finish.', '', '18');
insert into products_description (products_id, language_id, products_name, products_description, products_url, products_viewed) values ('218', '1', 'Rivets - Exploding Back - Small Head', '1 box of 250 Pop brand rivets. Back side splits into folds, eliminating the need for a back up washer. 3/16\" rivet diameter, 3/8\" head diameter. Grip range is 1/8\" - 3/8\".', '', '21');
insert into products_description (products_id, language_id, products_name, products_description, products_url, products_viewed) values ('219', '1', 'Rivets - Exploding Back - Large  Head', '1 box of 250 Pop brand rivets. Back side splits into folds, eliminating the need for a back up washer. 3/16\" rivet diameter, 7/16\" head diameter, grip range is 1/8\" - 3/8\".', '', '22');
insert into products_description (products_id, language_id, products_name, products_description, products_url, products_viewed) values ('220', '1', 'Rivets - Large Head - Colored', 'Pop brand rivets - 250 per box. 3/16\" rivet diameter. Steel mandrel, aluminum body, 5/8\" flange size, grip range 1/4\" - 3/8\". Your choice of white, black, red, yellow, pepsi blue, orange, chevron blue, huron blue or purple', '', '20');
insert into products_description (products_id, language_id, products_name, products_description, products_url, products_viewed) values ('221', '1', 'Polyurethane Front Control Arm Bushing Set - 78-88 GM', 'Polyurethane allows suspensions to work 100% of the time, giving the driver that in control feeling. Soft enough for a smooth ride and yet firm enough for the most demanding driver. Will not rot or deteriorate from atmospheric conditions such smog, ozone, road salts, etc. Fits 78-88 Chevelle, Monte Carlo and Regal.', '', '22');
insert into products_description (products_id, language_id, products_name, products_description, products_url, products_viewed) values ('222', '1', '350 Chevy - Dart Iron Eagle SS 76cc 2.02/ 1.60 Cylinder Heads', 'Pair of assembled Dart SS cylinder heads for carbureted small block 327, 350, 377, 383 or 400 engines. (377 & 400 applications for street would require steam holes to be drilled) 76cc, heart shaped combustion chambers. Straight plug design. High flow 170cc intake runners. Integral valve guides. These heads are assembled in our machine shop. Seat concentricy is checked, mild bowl blending is done to remove any casting intrusions. Assembled with premium stainless swirl polished 2.02 intake valves and 1.60 exhaust valves with undercut stems for improved flow. New .550 lift Z-28 valve springs, new steel retainers, hardened locks, and umbrella valve seals. Screw in rocker arm studs (3/8\") and guideplates are also included. ( Dual springs w/damper option is available for an additional $80.00. Dual springs are 1.44 O.D. with 135# of seat pressure and will handle up to .600 lift. Dual spring option also includes chrome moly retainers and machined valve locks.)All machine work is done in our own shop on quality equipment.', '', '179');
insert into products_description (products_id, language_id, products_name, products_description, products_url, products_viewed) values ('223', '1', 'Champ Pickup Tube', 'Champ #80SB pickup tube for use with Champ oil pan #CP55 and SBC high volume oil pump.', '', '16');
insert into products_description (products_id, language_id, products_name, products_description, products_url, products_viewed) values ('224', '1', 'Renegade Pickup Tube', 'Renegade #P7107 pickup tube for use with Renegade oil pan # 2180 and SBC high volume oil pump.', '', '21');
insert into products_description (products_id, language_id, products_name, products_description, products_url, products_viewed) values ('225', '1', 'Longacre 2 Gauge Panel-O.P./W.T.', 'Longacre 2 gauge panel comes with Accutech 2 5/8\" gauges with backlights. They are pre-wired with warning lights and sending units. Oil pressure and water temperature.', '', '56');
insert into products_description (products_id, language_id, products_name, products_description, products_url, products_viewed) values ('226', '1', 'Longacre 2 Gauge Panel- Brake Bias', 'Front and rear brake bias gauges. These are dry gauges. Uses accutech 2 5/8\" gauges. Gauges measure 3\" x 6 1/2\"', '', '49');
insert into products_description (products_id, language_id, products_name, products_description, products_url, products_viewed) values ('227', '1', 'Hood Pin Kit - Chrome', 'Kit includes 2 - 1/2\" chrome plated steel pins, 2 flip over clips, 2 scuff plates and 4 jam nuts.', '', '44');
insert into products_description (products_id, language_id, products_name, products_description, products_url, products_viewed) values ('228', '1', 'SBC Prof. Products Polished Crosswind', 'Dual plane street / strip, 1500 to 6500 RPM. Manifold has air gap under the plenum to cool the intake charge. Polished finish. Fits most GM and aftermarket 23 degree heads.', '', '38');
insert into products_description (products_id, language_id, products_name, products_description, products_url, products_viewed) values ('229', '1', 'Afco Aluminum Radiator', 'AFCO radiators feature furnace brazed cores (eliminating epoxy sealed tanks) which provide better sealing surfaces for durable cooling. Afco radiators feature 16 fins per inch design cores which promote more air flow through the radiator for increased cooling. 1 1/2\" upper outlets and 1 3/4\" lower outlets. Available with Chevy or Ford style outlets. Available sizes -  Height x Width x Depth -  19\" x 22\" x 3\",  19\" x 26\" x 3\", 19\" x 27.5\" x 3\", 19\" x 31\" x 3\".', '', '87');
insert into products_description (products_id, language_id, products_name, products_description, products_url, products_viewed) values ('230', '1', 'Crane Aluminum Rocker Arms-SBC-1.5', 'Crane # WG3060 Aluminum small block Chevy roller rocker arms. For 3/8\" rocker stud, 1.5 ratio. Fits 1955-1987 SB Chevy engines.These are quality forged aluminum rockers and will clear larger diameter dual springs, unlike heavier and much bulkier cast aluminum rockers. Includes 16 rockers, 16 polylocks and 16 setscrews.', '', '48');
insert into products_description (products_id, language_id, products_name, products_description, products_url, products_viewed) values ('231', '1', 'Hand Riveter', 'Hand riveter, pulls 3/32\", 1/8\", 5/32\" and 3/16\" rivets.', '', '19');
insert into products_description (products_id, language_id, products_name, products_description, products_url, products_viewed) values ('232', '1', 'Longacre Starter Solenoid', '12V heavy duty starter solenoid.', '', '15');
insert into products_description (products_id, language_id, products_name, products_description, products_url, products_viewed) values ('233', '1', 'Accel - SBC HEI 8mm Spark Plug Wire Set', 'Accel Super Stock SB Chevy spark plug wire set. 8mm, suppresion design wire set to work with all ignition boxes. Pre terminated for small block Chevy over the valve cover routing. 90 degree ends on spark plug end and HEI style terminals on distributer end.', '', '25');
insert into products_description (products_id, language_id, products_name, products_description, products_url, products_viewed) values ('234', '1', 'Rebco Water Temp Warning Light Kit', 'Kit includes 230 degree sending unit, Heat resistant wire and all connectors. Complete with instructions.', '', '42');
insert into products_description (products_id, language_id, products_name, products_description, products_url, products_viewed) values ('235', '1', 'Rebco Oil Press. Warning Light Kit', 'Warning light kit includes Heat resistant wire, 20 psi sender and all connectors. Complete with instructions.', '', '49');
insert into products_description (products_id, language_id, products_name, products_description, products_url, products_viewed) values ('236', '1', 'Chrome Moly Cross-Pin - 9\" Ford', 'Chrome moly cross-pin for 9\" Ford mini-spools.', '', '21');
insert into products_description (products_id, language_id, products_name, products_description, products_url, products_viewed) values ('237', '1', 'Afco 5 1/2\" x 11\" Rear Pigtail Springs', 'Afco 5 1/2\" x 11\" pigtail spring. Lifetime guarantee, made in the USA. Designed for use with GM intermediate rear suspension. Has one pigtail end and one flat ground end. Painted black to conform to most stock appearing rules. Available rates of 150 lb., 175 lb., 200 lb., 225 lb., 250 lb., 275 lb., or 300 lb. rates.', '', '24');
insert into products_description (products_id, language_id, products_name, products_description, products_url, products_viewed) values ('238', '1', 'Afco 5 1/2\" x 9 1/2\" Front Conventional Springs', 'Afco 5 1/2\" x 9 1/2\" front conventional spring. Applications for 5 1/2\" front springs are 73-newer Chevelle, Monte Carlo, Regal (all metric frames), 70-newer Camaro, 75-newer Nova, most Fords. Precision wound and tested on the latest automatic manufacturing equipment. 100% quality checked, inspected and engraved with rate.  Lifetime guarantee, made in the USA. Available in 500 lb., 550 lb., 600 lb., 650 lb., 700 lb., 750 lb., 800 lb., 850 lb., 900 lb., 950 lb., 1000 lb., 1050 lb., 1100 lb., 1150 lb., 1200 lb., 1300 lb. or 1400 lb. rates.', '', '36');
insert into products_description (products_id, language_id, products_name, products_description, products_url, products_viewed) values ('239', '1', 'Afco 5\" x 13\" Rear Conventional Springs', 'Afco 5\" x 13\" rear conventional spring. Lifetime gurantee, made in the USA. Precision wound and tested on the latest automatic manufacturing equipment. 100% quality checked, inspected and engraved with rate.  Available rates of 125 lb., 150 lb., 175 lb., 200 lb., 225 lb., 250 lb., 275 lb., 300 lb., 325 lb., 350 lb. or 375 lb. rates.', '', '29');
insert into products_description (products_id, language_id, products_name, products_description, products_url, products_viewed) values ('240', '1', 'SB Chevy Heat Treated Pushrod Set - STD.', 'Set of 16 small block chevy heat treated pushrods, 5/16\" diameter, 1010 guide plate compatable, fits small block chevys from 1957 to 1986. Stock length (7.800).', '', '61');
insert into products_description (products_id, language_id, products_name, products_description, products_url, products_viewed) values ('241', '1', 'SB Chevy Heat Treated Pushrod Set - +.100', 'Set of 16 small block chevy heat treated pushrods, 5/16\" diameter, 1010 guide plate compatable, fits small block chevys from 1957 to 1986.  +.100 long. (7.900).', '', '27');
insert into products_description (products_id, language_id, products_name, products_description, products_url, products_viewed) values ('242', '1', 'SB Chevy Pushrod Set - Chrome Moly - STD.', 'Set of 16 small block chevy chrome moly pushrods, 5/16\" diameter, 4130 seamless chrome-moly, .065 wall thickness. stock length (7.800) Fits small block chevys from 1957 to 1986.', '', '47');
insert into products_description (products_id, language_id, products_name, products_description, products_url, products_viewed) values ('243', '1', 'SB Chevy Pushrod Set - Chrome Moly - +.100', 'Set of 16 small block chevy chrome moly pushrods, 5/16\" diameter, 4130 seamless chrome-moly, .065 wall thickness.  +.100 long  (7.900) Fits small block chevys from 1957 to 1986.', '', '29');
insert into products_description (products_id, language_id, products_name, products_description, products_url, products_viewed) values ('244', '1', 'Rebco  Ignition Panel W/acc. Switch & Lights', 'Assembled with a 30 amp ignition switch, Heavy duty starter button and thick walled, high temperature Rebel wiring that withstands prolonged heat without melting or fusing. These panels have waterproof switch covers and are pre-wired for easy installation. This is a standard switch with 1 ignition and 1 accessory switch and 2 indicator lights.', '', '44');
insert into products_description (products_id, language_id, products_name, products_description, products_url, products_viewed) values ('245', '1', 'Rebco Horizontal Brake Bias Gauge', 'Rebco horizontal brake bias gauge. Panel measures 3 3/4\" tall X 7 3/4\" wide. Liquid filled gauges.', '', '49');
insert into products_description (products_id, language_id, products_name, products_description, products_url, products_viewed) values ('246', '1', 'Rebco 4 Gauge Panel-Oil Press.-Water Temp.- Fuel Press.-Oil Temp', 'REB-CO gauge panels feature Accutech 2 5/8\" gauges with backlights. They are pre-wired for easy installation and unmatched reliability. They also come with sending units and warning lights to alert the driver of any problems under the hood. This panel has oil pressure, water temperature, fuel pressure and oil temperature.', '', '69');
insert into products_description (products_id, language_id, products_name, products_description, products_url, products_viewed) values ('247', '1', 'Polyurethane Rear Control Arm Bushings - 78 - 88 GM', 'Polyurethane bushings allows suspensions to work 100% of the time, giving the driver that in control feeling. Soft enough for a smooth ride and yet firm enough for the most demanding driver. Will not rot or deteriorate from atmospheric conditions such smog, ozone, road salts, etc. Fits 78-88 Mid-Size GM.
Gives crisp response on the oval track, street and adds precision launches at the strip.', '', '22');
insert into products_description (products_id, language_id, products_name, products_description, products_url, products_viewed) values ('248', '1', 'Crank Rotation Adapter - Chevy-Ford V8s', 'Crankshaft rotation adapter: For Chevrolet and Ford V-8\'s. Bolts to front of the harmonic balancer.', '', '50');
insert into products_description (products_id, language_id, products_name, products_description, products_url, products_viewed) values ('249', '1', 'Crank Turning Socket - SB Chevy', 'Crankshaft turning socket for Chevrolet small block.', '', '52');
insert into products_description (products_id, language_id, products_name, products_description, products_url, products_viewed) values ('250', '1', 'Crank Turning Socket - SB Ford, Buick, Pont.', 'Crank shaft turning socket: Ford small block, Buick & Pontiac with 3/16\" keyway.', '', '43');
insert into products_description (products_id, language_id, products_name, products_description, products_url, products_viewed) values ('252', '1', 'Oil Pump Primer - SBC', 'For priming small block chevy motors before start-up. Works with any drill.', '', '0');
insert into products_description (products_id, language_id, products_name, products_description, products_url, products_viewed) values ('253', '1', 'Degree Wheel - Moroso 11\"', 'Universal 11\" degree wheel.', '', '47');
insert into products_description (products_id, language_id, products_name, products_description, products_url, products_viewed) values ('254', '1', 'Degree Wheel - Mr. Gasket 8\"', 'Universal degree wheel.', '', '53');
insert into products_description (products_id, language_id, products_name, products_description, products_url, products_viewed) values ('255', '1', 'Harmonic Balancer Install. Tool', 'For small block and big block Chevrolet. Makes installation a breeze.', '', '63');
insert into products_description (products_id, language_id, products_name, products_description, products_url, products_viewed) values ('256', '1', 'Bassett - Beadlock Mud Cover - Chrome', 'Bassett chrome beadlock mudcover.', '', '27');
insert into products_description (products_id, language_id, products_name, products_description, products_url, products_viewed) values ('257', '1', 'Weight Jack Kit - 11\"', 'Our gun drilled weight jack bolts and upper spring cups are the lightest available! The weight jack bolts are 1\" in diameter with coarse treads. Kit includes steel 11\" gun drilled weight jack bolt, steel lightweight spring cup and weld in steel weight jack plate with nut.', '', '23');
insert into products_description (products_id, language_id, products_name, products_description, products_url, products_viewed) values ('258', '1', 'Weight Jack Kit - 8\"', 'Our gun drilled weight jack bolts and upper spring cups are the lightest available! The weight jack bolts are 1\" in diameter with coarse threads. Kit includes steel 8\" gun drilled weight jack bolt, steel lightweight spring cup and weld in steel weight jack plate with nut.', '', '23');
insert into products_description (products_id, language_id, products_name, products_description, products_url, products_viewed) values ('259', '1', 'Weight Jack Bolt - Gun Drilled - 8\"', 'Gun drilled steel weight jack bolt is 1\" in diameter with coarse threads. 8\" long.', '', '19');
insert into products_description (products_id, language_id, products_name, products_description, products_url, products_viewed) values ('260', '1', 'Weight Jack Bolt - Gun Drilled - 11\"', 'Gun drilled steel weight jack bolt is 1\" diameter with coarse threads. 11\" long.', '', '18');
insert into products_description (products_id, language_id, products_name, products_description, products_url, products_viewed) values ('261', '1', 'Weight Jack Spring Cup - L.W. - Steel', 'Lightweight steel spring cup.', '', '17');
insert into products_description (products_id, language_id, products_name, products_description, products_url, products_viewed) values ('262', '1', 'Weight Jack Plate - Weld In', 'Weld in steel weight jack plate has 1\" coarse thread nut.', '', '16');
insert into products_description (products_id, language_id, products_name, products_description, products_url, products_viewed) values ('263', '1', 'Weld on Shock Bracket', 'These come with bracket, bolt, nut and spacer.', '', '18');
insert into products_description (products_id, language_id, products_name, products_description, products_url, products_viewed) values ('264', '1', 'Clamp On Shock Bracket for 1 1/4\" Tubing', 'This bracket is for 1 1/4\" tubing. Bracket includes bolts, nuts and spacer.', '', '15');
insert into products_description (products_id, language_id, products_name, products_description, products_url, products_viewed) values ('265', '1', 'Clamp On Shock Bracket for 1 1/2\" Tubing', 'This bracket is for 1 1/2\" tubing. Bracket includes bolts, nuts and spacer.', '', '16');
insert into products_description (products_id, language_id, products_name, products_description, products_url, products_viewed) values ('266', '1', 'Clamp On Shock Bracket for 1 3/4\" Tubing', 'This bracket is for 1 3/4\" tubing. Bracket includes bolts, nuts and spacer.', '', '15');
insert into products_description (products_id, language_id, products_name, products_description, products_url, products_viewed) values ('267', '1', 'Weight Bracket - Clamp On - Round 1 1/4\"', 'Aluminum bracket for hanging weight from race car. Also works great for exhaust, dry sump tank and lines etc.. Fits 1 1/4\" round tubing.', '', '16');
insert into products_description (products_id, language_id, products_name, products_description, products_url, products_viewed) values ('268', '1', 'Weight Bracket - Clamp On - Round 1 1/2\"', 'Aluminum bracket for hanging weight from race car. Also works great for exhaust, dry sump tank and lines etc.. Fits 1 1/2\" round tubing.', '', '18');
insert into products_description (products_id, language_id, products_name, products_description, products_url, products_viewed) values ('269', '1', 'Weight Bracket - Clamp On - Round 1 3/4\"', 'Aluminum bracket for hanging weight from race car. Also works great for exhaust, dry sump tank and lines etc.. Fits 1 3/4\" round tubing.', '', '15');
insert into products_description (products_id, language_id, products_name, products_description, products_url, products_viewed) values ('270', '1', 'Weight Bracket - Clamp On - Square 2\" x 2\"', 'Aluminum bracket for hanging weight from race car. Also works great for exhaust, dry sump tank and lines etc.. Fits 2\" x 2\" square tubing.', '', '19');
insert into products_description (products_id, language_id, products_name, products_description, products_url, products_viewed) values ('271', '1', 'Valve Cover Breather - No Shield', 'Clamp on breather without shield, fits over 1 1/2\" tube.', '', '14');
insert into products_description (products_id, language_id, products_name, products_description, products_url, products_viewed) values ('272', '1', 'Valve Cover Breather - Shielded', 'Clamp on breather with shield, fits over 1 1/2\" tube.', '', '16');
insert into products_description (products_id, language_id, products_name, products_description, products_url, products_viewed) values ('273', '1', 'Outerwears For Shielded Breathers', 'Outerwears available in red, black, blue, yellow, orange and purple. Fits valve cover breather #BS 1325 with shield.', '', '16');
insert into products_description (products_id, language_id, products_name, products_description, products_url, products_viewed) values ('274', '1', 'Outerwears For Unshielded Breathers', 'Outerwears available in red, black, blue, yellow, orange and purple. Fits valve cover breather #B1225 without shield.', '', '15');
insert into products_description (products_id, language_id, products_name, products_description, products_url, products_viewed) values ('275', '1', 'Swage Tubes - 3/4\" - Steel', '3/4\" steel swage tubes are available from 6\" to 27\" in 1\" graduations. 3/4\" I.D. - 1\" O.D.. Super lightweight to give you the advantage.', '', '31');
insert into products_description (products_id, language_id, products_name, products_description, products_url, products_viewed) values ('276', '1', 'Swage Tubes - 5/8\" - Steel', '5/8\" Steel swage tubes are super lightweight to give you the advantage!!! Available from 4\" to 27\" lengths. 5/8\" I.D. - 7/8\" O.D.', '', '31');
insert into products_description (products_id, language_id, products_name, products_description, products_url, products_viewed) values ('277', '1', 'ARP Rocker Arm Studs - SBC-7/16\"', 'X-long screw-in SBC 7/16\" rocker arm studs for roller rockers. 8740 chrome moly, heat treated. Set of 16.', '', '19');
insert into products_description (products_id, language_id, products_name, products_description, products_url, products_viewed) values ('278', '1', 'ARP Rocker Arm Studs - SBC-3/8\"', 'X-long screw-in SBC 3/8\" rocker arm studs for roller rockers. 8740 chrome moly, heat treated. Set of 16.', '', '19');
insert into products_description (products_id, language_id, products_name, products_description, products_url, products_viewed) values ('279', '1', 'PBM Rocker Arm Studs - SBC-3/8\"', '3/8\" screw in rocker arm studs for SBC. Set of 16 - 150,000 PSI.', '', '40');
insert into products_description (products_id, language_id, products_name, products_description, products_url, products_viewed) values ('280', '1', 'PBM -SBC - 2.02 Intake Valves', 'Stainless one piece swirl polished 2.02 intake valve for small block chevy. Stock 11/32 stem size and standard length. Undercut stem under valve head for improved flow. (not recommended for roller cam applications)', '', '32');
insert into products_description (products_id, language_id, products_name, products_description, products_url, products_viewed) values ('281', '1', 'PBM - SBC- 1.60 Exhaust Valves', 'Stainless one piece swirl polished small block chevy 1.60 exhaust valve. Stock 11/32 stem size and standard length. Undercut stem under valve head for improved flow. (not recommended for roller cam applications)', '', '24');
insert into products_description (products_id, language_id, products_name, products_description, products_url, products_viewed) values ('282', '1', 'PBM - SBC-Stud Girdle - 7/16\"', 'These are the quick-adjust stud girdles that help maintain accurate valve-adjustment and correct geometry when rpms exceed 6500 and/or extremely high spring pressures are being used, (i.e. roller cams). Girdles include the adjusting nuts. This stud girdle is for 7/16\" stud small block chevy applications.', '', '25');
insert into products_description (products_id, language_id, products_name, products_description, products_url, products_viewed) values ('283', '1', 'PBM - SBC- Stud Girdle - 3/8\"', 'These are the quick-adjust stud girdles that help maintain accurate valve-adjustment and correct geometry when rpms exceed 6500 and/or extremely high spring pressures are being used, (i.e. roller cams). Girdles include the adjusting nuts. This stud girdle is for 3/8\" stud small block chevy applications.', '', '26');
insert into products_description (products_id, language_id, products_name, products_description, products_url, products_viewed) values ('284', '1', 'Comp Cams SBC Flat Guideplates', 'Flat steel guideplates for use with 5/16\" diameter pushrods. For SB Chevy with standard pushrod location. Set of 8.', '', '27');
insert into products_description (products_id, language_id, products_name, products_description, products_url, products_viewed) values ('285', '1', 'PBM SB Chevy Flat Guideplates', 'For use with 5/16\" diameter pushrods.   SB Chevy standard pushrod location. Flat steel guideplate. Set of 8.', '', '34');
insert into products_description (products_id, language_id, products_name, products_description, products_url, products_viewed) values ('286', '1', 'PBM SB Chevy Stepped Guideplates', 'For use with 5/16\" diameter pushrods. SB Chevy standard pushrod location. Stepped steel guideplate. Set of 8.', '', '24');
insert into products_description (products_id, language_id, products_name, products_description, products_url, products_viewed) values ('287', '1', 'AA Steel Rod Mount Brackets - 6- 3/4\"', 'This is a 6 hole bracket with 3/4\" holes. The bracket is 9\" long.', '', '31');
insert into products_description (products_id, language_id, products_name, products_description, products_url, products_viewed) values ('288', '1', 'AA Steel Rod Mount Brackets - 6- 5/8\"', 'This is a  6 hole bracket with 5/8\" holes. The bracket is 9\" long.', '', '27');
insert into products_description (products_id, language_id, products_name, products_description, products_url, products_viewed) values ('289', '1', 'AA Steel Rod Mount Brackets - 5- 3/4\"', 'This is a 5 hole bracket with 3/4\" holes. The bracket is 7 1/2\" long.', '', '26');
insert into products_description (products_id, language_id, products_name, products_description, products_url, products_viewed) values ('290', '1', 'AA Steel Rod Mount Brackets - 5- 5/8\"', 'This is a 5 hole bracket with 5/8\" holes. The bracket is 7 1/2\" long.', '', '45');
insert into products_description (products_id, language_id, products_name, products_description, products_url, products_viewed) values ('291', '1', 'Afco Coil Spring Spacer', 'For 5\" or 5 1/2\" springs. I.D. open for stock mount racing shocks. Just trim to set wedge and ride height.', '', '61');
insert into products_description (products_id, language_id, products_name, products_description, products_url, products_viewed) values ('292', '1', 'K&N Air Filter Oil', 'K & N Air filter oil. 12 OZ. can.', '', '14');
insert into products_description (products_id, language_id, products_name, products_description, products_url, products_viewed) values ('293', '1', 'K&N Air Filter Cleaner', 'K&N filter cleaner. 32 OZ.', '', '18');
insert into products_description (products_id, language_id, products_name, products_description, products_url, products_viewed) values ('294', '1', 'Gusset', 'Steel gusset with 3 holes, 1/8\" thick. 1 3/4\" side length.', '', '58');
insert into products_description (products_id, language_id, products_name, products_description, products_url, products_viewed) values ('295', '1', 'Pioneer 3/8\" Stock Rocker Poly Locks', 'Set of 16 polylocks for SB Chevy with 3/8\" studs and stock stamped steel rocker arms. Includes allen wrench.', '', '34');
insert into products_description (products_id, language_id, products_name, products_description, products_url, products_viewed) values ('296', '1', 'Fel-Pro 1010 SBC Racing Head Gasket', 'For aluminum heads only. Pre-flattened steel wire. Gasket bore 4.166\". Nominal comp. thickness .039\".', '', '18');
insert into products_description (products_id, language_id, products_name, products_description, products_url, products_viewed) values ('297', '1', 'Fel-Pro 1004 SBC Racing Head Gasket', 'For cast or aluminum heads. Pre-flattened copper wire. Gasket bore 4.166\". Nominal comp. thickness .039\". Use on 400 SB up to max bore 4.155\" w/minimal chamfer.', '', '24');
insert into products_description (products_id, language_id, products_name, products_description, products_url, products_viewed) values ('298', '1', 'Fel-Pro 1034 SBC Racing Head Gasket', 'For cast iron or aluminum heads . Pre-flattened steel wire. Gasket bore 4.200\". Nominal comp. thickness .041\".', '', '20');
insert into products_description (products_id, language_id, products_name, products_description, products_url, products_viewed) values ('299', '1', 'Fel-Pro 1003 SBC Racing Head Gasket', 'For cast or aluminum heads. Pre-flattened copper wire. Gasket bore 4.166\". Nominal comp. thickness .041\". For 350 engines or can use on 400 SB up to max bore 4.155\" w/minimal chamfer. Head gasket has no 400 steam holes for street applications.', '', '45');
insert into products_description (products_id, language_id, products_name, products_description, products_url, products_viewed) values ('300', '1', 'Hypertech - GM HEI Coil, Cap & Rotor Kit', 'For V8 Chevy HEI distributors. Up to 40% more voltage than stock coil. Improves performance.', '', '46');
insert into products_description (products_id, language_id, products_name, products_description, products_url, products_viewed) values ('301', '1', 'MSD - SBC HEI Rotor', 'Replacement HEI style rotor for V8 Chevy distributors.', '', '33');
insert into products_description (products_id, language_id, products_name, products_description, products_url, products_viewed) values ('302', '1', 'MSD - Rotor', 'Replacement rotor for MSD distributors for SBC V-8 such as MSD # 85551 distributor & others.', '', '33');
insert into products_description (products_id, language_id, products_name, products_description, products_url, products_viewed) values ('303', '1', 'MSD - SBC HEI Distributor Cap', 'Replacement cap for HEI style V8 Chevy distributors.', '', '36');
insert into products_description (products_id, language_id, products_name, products_description, products_url, products_viewed) values ('304', '1', 'MSD - SBC Distributor Cap', 'Replacement cap for MSD SBC V8 distributors. HEI style plug wire contacts. ( Fits MSD # 85551 distributor & others )', '', '36');
insert into products_description (products_id, language_id, products_name, products_description, products_url, products_viewed) values ('305', '1', 'Pioneer SBC Head Bolts', 'Set of head bolts for 1 head. Standard 5/8\" hex. Requires 2 packages per engine. Built in thread sealant. For SB Chevy engines.', '', '60');
insert into products_description (products_id, language_id, products_name, products_description, products_url, products_viewed) values ('306', '1', 'Manley SBC 1/2\" Hex Head Bolts', '170,000 psi material. Longer than stock for use with washers. Improved wrenchability with 1/2\" head. Each set services 1 head. (requires 2 per engine)', '', '24');
insert into products_description (products_id, language_id, products_name, products_description, products_url, products_viewed) values ('323', '1', 'Plastic Brake Line Kit', 'These are the nicest plastic brake line kits on the market today. Simply cut with a razor blade to the desired length and push the line into the push lock fitting. Thats it, no farrels to worry about. The line can be easily removed if necessary.  This kit is for use WITHOUT brake bias gauge. Includes 30 feet of line, 5 - 1/8\" pipe to brake line fittings, 1 - plastic T-3 way push lock , 1 - plastic T-2 push - 1-1/8\" pipe. Kit weighs less than 1/2 pound.', '', '31');
insert into products_description (products_id, language_id, products_name, products_description, products_url, products_viewed) values ('308', '1', 'Barry Grant - Holley 2bbl. Carb Kit', 'Kit for 2-barrel Holley carbs. For use with 350 or 500 cfm Holley or Barry Grant gas carbs.', '', '23');
insert into products_description (products_id, language_id, products_name, products_description, products_url, products_viewed) values ('309', '1', 'Barry Grant - Alcohol 4bbl. Carb Kit', 'Barry Grant kit for use with 750 Holley Alcohol and Barry Grant Alcohol carbs.', '', '15');
insert into products_description (products_id, language_id, products_name, products_description, products_url, products_viewed) values ('310', '1', 'Barry Grant - Holley Gas 4bbl. Carb Kit', 'Barry Grant carb kit for use with 650, 700, 750, 800 or 850 cfm Holley or Barry Grant double pumper carbs.', '', '16');
insert into products_description (products_id, language_id, products_name, products_description, products_url, products_viewed) values ('311', '1', 'Carb Mount Gasket - Square Bore Holley', 'Open center square bore Holley carb to intake gasket.', '', '25');
insert into products_description (products_id, language_id, products_name, products_description, products_url, products_viewed) values ('312', '1', 'Moroso SBC Oil Restrictor Kit', 'For small block and big block Chevy engines, .0625\" orifice diameter. Screws into existing lifter gallery cleaning plug holes at back of block. Two per pack.', '', '24');
insert into products_description (products_id, language_id, products_name, products_description, products_url, products_viewed) values ('313', '1', 'Water Outlet Restrictor Kit', 'Restricts coolant flow leaving the engine. Lets you control the amount of heat absorbed by the coolant. Red, gold and blue anodized aluminum. Restrictor plates are mounted under the water outlet on the intake manifold. Kit consists of three restrictor plates with 5/8\", 3/4\" and 1\" I.D. holes for optimum coolant flow. 2-1/8\" O.D..', '', '49');
insert into products_description (products_id, language_id, products_name, products_description, products_url, products_viewed) values ('314', '1', 'Fel-Pro One Piece Oil Pan Gasket', 'One Piece construction. Trmmed for stroker cranks. Rigid steel side rail carriers. Specially formulated high-heat Fel-Pro blue Silicone Rubber. Left hand dipstick. Thick front seal.', '', '19');
insert into products_description (products_id, language_id, products_name, products_description, products_url, products_viewed) values ('315', '1', 'Moroso SBC Lifter Valley Baffle', 'Increases horsepower by shielding bottom of intake manifold from hot oil. Keeps surplus oil out of valve covers by eliminating oil splash. Maintains oil pressure during pushrod or rocker failure by keeping lifters in there bores (except roller cam). Due to slight variations in blocks, the baffle may have to be trimmed .060\"-.100\" before it will snap into place. Cannot be used with roller lifters.', '', '33');
insert into products_description (products_id, language_id, products_name, products_description, products_url, products_viewed) values ('316', '1', 'Aeroquip #6 Socketless Blue Hose', 'FCV # 6 socketless blue hose. Lighter than braided line. 250 PSI max. operating pressure.  Has a 3\" min. bend radius. I.D. is .38, O.D. is .62
PRICED PER FOOT', '', '17');
insert into products_description (products_id, language_id, products_name, products_description, products_url, products_viewed) values ('317', '1', 'Aeroquip #8 Socketless Blue Hose', 'FCV # 8 socketless blue hose. Lighter than braided line. 250 PSI max. operating pressure. Has a 5\" min. bend radius. I.D. is .50, O.D. is .75

PRICED PER FOOT', '', '19');
insert into products_description (products_id, language_id, products_name, products_description, products_url, products_viewed) values ('318', '1', 'Aeroquip #10 Socketless Blue Hose', 'FCV socketless # 10 blue hose. Lighter than braided line. 250 PSI max. operating pressure. Has a 6\" min. bend radius. I.D. is .63, O.D. is .91
PRICED PER FOOT.', '', '18');
insert into products_description (products_id, language_id, products_name, products_description, products_url, products_viewed) values ('319', '1', 'Wilwood Vented Rotors', 'This rotor has 32 vanes with an 8 bolt circle. Holes are 7\" in diameter. Works with GN hubs or IMCA approved brake hat. Measures 11 3/4\" in diameter x .810 thick. Zinc phosphate coated to prevent corrosion.', '', '23');
insert into products_description (products_id, language_id, products_name, products_description, products_url, products_viewed) values ('320', '1', 'Ultra Shield Adult 2-Piece Single Layer Driving / Racing Suit', 'Ultra Shield 2 piece single layer driving suit, includes jacket and pants. SFI spec 3.2A/1 . Made from the highest quality 100% flame retardent materials available, with Nomex cuffs and Nomex lined brass zippers. Shoulder epaulettes. Color matching cuffs. Sporty stripes and trim detail. Jacket and pants sizes can be mixed. Your choice of Black, Blue, or Red. Jacket sizes available are ( Small - 40\"- 42\" chest ) ( Medium - 42\"- 45\" chest ) ( Large - 45\"- 48\" chest ) ( X-Large - 48\"- 52\" chest ) ( XX-Large 52\"- 54\" chest ) ( XXX-Large - 54\"- 56\" chest ). Pants sizes available are ( Small - 30\"- 34\" waist ) ( medium - 34\"- 36\" waist ) ( large - 36\"- 38\" waist ) ( X-Large - 38\"- 42\" waist ) ( XX-Large - 42\"- 46\" waist ) ( XXX-Large - 46\"- 48\" waist ), XX-Large and XXX-Large sizes are an additonal $5.00 per piece.', '', '428');
insert into products_description (products_id, language_id, products_name, products_description, products_url, products_viewed) values ('321', '1', 'Racer Tape - Colored', '200 MPH Racer tape. Big rolls, 2\" wide X 180 ft. Available in your choice of white, black, purple, blue, yellow, red, or orange. Sold Each.', '', '69');
insert into products_description (products_id, language_id, products_name, products_description, products_url, products_viewed) values ('322', '1', 'R.J.S. - Seat Belt Kit - Wrap Around Style', 'This kit allows you to mount your belts by looping each individual shoulder harness around a roll bar or similar structural tube running horizonally behind the driver and below the shoulders. It includes a 3\" latch type lap belt, two individual 3\" shoulder harness belts and a 2\" sub belt. All belts have current dates and meet SFI 16.1 rating. Available in black, red, blue, purple or gray. Kit includes hardware to bolt belts to the floor.', '', '64');
insert into products_description (products_id, language_id, products_name, products_description, products_url, products_viewed) values ('324', '1', '9\" Ford Internal Axle Seal', 'These internal seals prevent gear lube from leaking into axle tube, eliminating premature rear end failure. For use with 3\" O.D., 3/16\" wall axle tubes.', '', '20');
insert into products_description (products_id, language_id, products_name, products_description, products_url, products_viewed) values ('325', '1', 'Ford 9\" Ring and Pinions', 'Available in the following ratios; 3.50, 3.70, 3.87, 4.11, 4.30, 4.56, 4.71, 4.86, 5.00, 5.14, 5.29, 5.37, 5.43, 5.67, 5.83, 6.00, 6.20, 6.33 and 6.50.', '', '36');
insert into products_description (products_id, language_id, products_name, products_description, products_url, products_viewed) values ('326', '1', 'Full Spool 9\" Ford 28 Spline', 'Lightweight, weighs approx. 6 lbs.. CNC machined from 4140 forged steel makes this spool not only lightweight but very durable. Recommended for circle track applications. NOT for street or drag racing use.', '', '28');
insert into products_description (products_id, language_id, products_name, products_description, products_url, products_viewed) values ('327', '1', 'Full Spool 9\" Ford 31 Spline', 'Lightweight, weighs approx. 6 lbs.. CNC machined from 4140 forged steel makes this spool not only lightweight but very durable. Recommended for circle track applications. NOT for street or drag racing use.', '', '22');
insert into products_description (products_id, language_id, products_name, products_description, products_url, products_viewed) values ('328', '1', 'Plastic Zip Ties - 14\"', 'Available in black, yellow, orange, blue, red and purple. 14\" in length, packages are 100 ties per bag. Perfect for securing roll bar padding.', '', '49');
insert into products_description (products_id, language_id, products_name, products_description, products_url, products_viewed) values ('329', '1', 'SBC Prof. Products Satin Finish Crosswind', 'Dual plane street / strip, 1500 to 6500 RPM. Manifold has air gap under the plenum to cool the intake charge. Satin finish. Fits most GM and aftermarket 23 degree heads.', '', '24');
insert into products_description (products_id, language_id, products_name, products_description, products_url, products_viewed) values ('330', '1', 'SBC Prof. Products Satin Finish Typhoon', 'The Typhoon is very similar to the Cyclone, but is .70 inches taller to promote increased mid-range power.', '', '23');
insert into products_description (products_id, language_id, products_name, products_description, products_url, products_viewed) values ('331', '1', 'SBC Prof. Products Polished Typhoon', 'The Typhoon is very similar to the Cyclone, but is .70 inches taller to promote increased mid-range power.', '', '23');
insert into products_description (products_id, language_id, products_name, products_description, products_url, products_viewed) values ('332', '1', 'SBC Prof. Products Polished Hurricane', 'Small block chevy Professional Products Hurricane Intake Manifold. Single plane high rise manifold that has proven to be a good performer. Basic rpm range is 3500-8500. Satin finish. Fits most GM and aftermarket 23 degree heads.', '', '28');
insert into products_description (products_id, language_id, products_name, products_description, products_url, products_viewed) values ('333', '1', 'SBC Prof. Products Satin Finish Cyclone', 'The Cyclone is a dual plane design intake and is an excellent upgrade over a stock cast iron GM manifold. Designed for stump pulling torque off idle and through the mid range RPM\'s. It is an excellent choice for Street Stock classes which allows aluminum intake manifolds.', '', '22');
insert into products_description (products_id, language_id, products_name, products_description, products_url, products_viewed) values ('334', '1', 'SBC Prof. Products Polished Cyclone', 'The Cyclone is a dual plane design intake and is an excellent upgrade over a stock cast iron GM manifold. Designed for stump pulling torque off idle and through the mid range RPM\'s. It is an excellent choice for Street Stock classes which allows aluminum intake manifolds.', '', '22');
insert into products_description (products_id, language_id, products_name, products_description, products_url, products_viewed) values ('335', '1', 'Rivets - Small Head - Mill Finish', 'Pop brand rivets - 250 per box. 3/16\" rivet diameter. Steel mandrel, aluminum body, 3/8\" flange size, grip range of 1/4\" - 3/8\". Mill finish.', '', '41');
insert into products_description (products_id, language_id, products_name, products_description, products_url, products_viewed) values ('336', '1', 'Aluminum Air Cleaner Nut', 'Designed to be tightened by hand not a wrench, equiped with a rubber o-ring for a positive seal and will not let the housing vibrate loose during intense racing action. Available in 1/4\" or 5/16. Available colors are red, blue and purple.', '', '9');
insert into products_description (products_id, language_id, products_name, products_description, products_url, products_viewed) values ('337', '1', 'Outerwears Pre-Filter', 'Large particles of dirt, sand etc. bounce off the pre-filter instead of clogging the element. Out performs foam-type filter. Available in red, blue, black, yellow, orange and purple.', '', '10');
insert into products_description (products_id, language_id, products_name, products_description, products_url, products_viewed) values ('338', '1', 'Aluminum Hood Pin Kits', 'Kit includes 2 1/2\" aluminum pins, 2 flip over clips, 4 jam nuts and attaching screws.', '', '48');
insert into products_description (products_id, language_id, products_name, products_description, products_url, products_viewed) values ('339', '1', 'Aluminum Air Cleaner Offset', 'Spun aluminum housing. Offset base for use with offset stud to use standard top. For use with 14\" x 3\", 14\" x 4\", or 14\" x 5\' air filters. The recessed design lowers overall air cleaner height. The housing drops down 1 3/8\" from the carburetor lip to the bottom of the housing and is 14\" in diameter.', '', '10');
insert into products_description (products_id, language_id, products_name, products_description, products_url, products_viewed) values ('340', '1', 'Carburetor cover', 'Caps carburetor while air cleaner is off. Helps keep dirt out. Available in red or black.', '', '10');
insert into products_description (products_id, language_id, products_name, products_description, products_url, products_viewed) values ('341', '1', 'Offset Carburetor Stud', 'For use with offset air cleaner. Available in 1/4\" and 5/16\".', '', '9');
insert into products_description (products_id, language_id, products_name, products_description, products_url, products_viewed) values ('342', '1', 'Rochester Adapter', 'Adapts sure seal air filter housing to a rochester 2-barrel carburetor.', '', '10');
insert into products_description (products_id, language_id, products_name, products_description, products_url, products_viewed) values ('345', '1', 'Crane Aluminum Rocker Arms SBC 1.6', 'Crane # WG3063 Aluminum small block Chevy roller rocker arms. For 7/16\\\" rocker stud, 1.6 ratio. Fits 1955-1987 SB Chevy engines.These are quality forged aluminum rockers and will clear larger diameter dual springs, unlike heavier and much bulkier cast aluminum rockers. Includes 16 rockers, 16 polylocks and 16 setscrews.', '', '35');
insert into products_description (products_id, language_id, products_name, products_description, products_url, products_viewed) values ('346', '1', 'PBM Roller Tip Long Slot 1.5', 'Set of 16 long slot roller rocker arms, 16 nuts, and 16 balls. Stamped Steel. 1.5 ratio.', '', '73');
insert into products_description (products_id, language_id, products_name, products_description, products_url, products_viewed) values ('347', '1', 'Holley Jet Kit', 'One pair of each jet size, sized from 64 to 99.', '', '38');
insert into products_description (products_id, language_id, products_name, products_description, products_url, products_viewed) values ('348', '1', 'TransDapt 2\" Spacer', 'Holley carb spacer, 2 inch hi-rise 4barrel, sqaure bore, for holley or AFB, open dump.', '', '13');
insert into products_description (products_id, language_id, products_name, products_description, products_url, products_viewed) values ('349', '1', 'TransDapt 1\" Spacer', 'Holley carb spacer, 1 inch hi-rise, 4 barrel, sqaure bore, for Holley/AFB. For increased efficiency.', '', '15');
insert into products_description (products_id, language_id, products_name, products_description, products_url, products_viewed) values ('350', '1', 'Moroso 1\" Thick 4-Hole Carb Spacer', '1\" thick, 4-hole, high temp plastic, Fits Holley 4150/4160 with 1.75\" bore.', '', '16');
insert into products_description (products_id, language_id, products_name, products_description, products_url, products_viewed) values ('351', '1', 'Moroso 1\" Thick Single Hole Carb Spacer', '1\" thick single hole, for Holley 4150, 4160. Sqaure boreHolley/AFB.', '', '16');
insert into products_description (products_id, language_id, products_name, products_description, products_url, products_viewed) values ('352', '1', 'Holley 0-1850S 600CFM', 'Holley 0-1850S, 600CFM, square bore, vacuum secondarys, 4-barrel carb with electric choke.', '', '20');
insert into products_description (products_id, language_id, products_name, products_description, products_url, products_viewed) values ('353', '1', 'Holley 0-80787-1 350CFM Dorton Series', 'Holley 0-80787-1, 350CFM, Dorton Series, IMCA legal 2-Barrel carb.', '', '38');
insert into products_description (products_id, language_id, products_name, products_description, products_url, products_viewed) values ('354', '1', 'Holley 0-4412C 2-Barrel 500CFM', 'Holley 0-4412C, 2barrel, 500CFM, manual choke.', '', '59');
insert into products_description (products_id, language_id, products_name, products_description, products_url, products_viewed) values ('355', '1', 'Holley 12-801-1 Electric Fuel Pump', 'Holley 12-801-1, electric fuel pump, 3/8\" NPT inlet and outlet, 7psi/97GPH.', '', '45');
insert into products_description (products_id, language_id, products_name, products_description, products_url, products_viewed) values ('356', '1', 'Push Rod Length Checker 3/8 - SBC', 'SB Chevy with 3/8\" rocker arm studs.', '', '44');
insert into products_description (products_id, language_id, products_name, products_description, products_url, products_viewed) values ('357', '1', 'Push Rod Length Checker 7/16\" - SBC', 'SB Chevy pushrod length checker for engines with 7/16\" rocker arm studs.', '', '40');
insert into products_description (products_id, language_id, products_name, products_description, products_url, products_viewed) values ('358', '1', 'PBM Std. Push Rods', 'Set of 16 small block chevy pushrods, 5/16\" diameter, fits small block chevys from 1957 to 1986. Stock length (7.800).', '', '25');
insert into products_description (products_id, language_id, products_name, products_description, products_url, products_viewed) values ('360', '1', 'MSD GM HEI Ignition Module', 'Replacement GM HEI Ignition Module for factory 4 pin distributors.', '', '50');
insert into products_description (products_id, language_id, products_name, products_description, products_url, products_viewed) values ('361', '1', 'MSD - SBC HEI Distributor Coil', 'Replacement coil for Chevy V8 GM HEI distributors.', '', '39');
insert into products_description (products_id, language_id, products_name, products_description, products_url, products_viewed) values ('362', '1', 'Nomex Socks', 'Pair of Nomex socks.', '', '40');
insert into products_description (products_id, language_id, products_name, products_description, products_url, products_viewed) values ('363', '1', 'Pilot Bushing SBC X-Long', 'X-long pilot bushing for SB Chevy when using 1/4\" thick motor mounts or motor plate between block and bellhousing.', '', '37');
insert into products_description (products_id, language_id, products_name, products_description, products_url, products_viewed) values ('364', '1', 'Melling H.D. SBC Oil Pump Shaft', 'Heavy duty shaft for SB Chevy oil pump.', '', '39');
insert into products_description (products_id, language_id, products_name, products_description, products_url, products_viewed) values ('365', '1', 'Economy Racing Radiator Cap 29-31lbs.', 'Racing Radiator cap rated at 29-31 lbs. pressure.', '', '42');
insert into products_description (products_id, language_id, products_name, products_description, products_url, products_viewed) values ('366', '1', 'Economy Racing Radiator Cap 22-24 lbs.', 'Cap rated at 22 - 24 lbs. pressure.', '', '44');
insert into products_description (products_id, language_id, products_name, products_description, products_url, products_viewed) values ('367', '1', 'Moroso - GM HEI Ignition Module', 'Replacement GM HEI 4 pin module for factory distributors and Moroso #72230, 72231 distributors.', '', '48');
insert into products_description (products_id, language_id, products_name, products_description, products_url, products_viewed) values ('368', '1', 'Crane Locking Plate & Bolt Kit', 'Fits Chevy V-8 & 90 degree V-6, 55-87.', '', '18');
insert into products_description (products_id, language_id, products_name, products_description, products_url, products_viewed) values ('369', '1', 'Wheel Adapter', 'Kit comes complete with 5/8\" coarse wheel studs and bolt kit. Made from 1\" thick aluminum. For use on front rotor only. Complete as shown. Converts 4 1/2\" and 4 3/4\" to a 5\" on 5\" bolt pattern.  NOT FOR STREET USE', '', '49');
insert into products_description (products_id, language_id, products_name, products_description, products_url, products_viewed) values ('370', '1', 'Fel-Pro 9\" Ford Differential Gasket', 'Differential gasket for 9\" ford rear end.', '', '43');
insert into products_description (products_id, language_id, products_name, products_description, products_url, products_viewed) values ('371', '1', 'Fel-Pro 9\" Ford Differential Gasket W/Steel Core', 'Differential carrier gasket for Ford 9\" with steel core.', '', '34');
insert into products_description (products_id, language_id, products_name, products_description, products_url, products_viewed) values ('372', '1', 'Round Head Fasteners', 'Fastens directly to the panel, does not have a plate to hold fastener and help spread out the load. Package of 10 fastners w/locking springs.', '', '48');
insert into products_description (products_id, language_id, products_name, products_description, products_url, products_viewed) values ('373', '1', 'Self Ejecting Fasteners', 'Complete with ejector spring, and a plate that holds the stud to the panel, so you don\'t lose it. (Package of 10 with locking springs)', '', '39');
insert into products_description (products_id, language_id, products_name, products_description, products_url, products_viewed) values ('374', '1', 'Weld Plates For Dzus Fasteners', 'Welds to chassis to attach locking springs. (package of 10)', '', '39');
insert into products_description (products_id, language_id, products_name, products_description, products_url, products_viewed) values ('375', '1', 'Dzus Springs', 'Dzus locking springs. (package of 10)', '', '33');
insert into products_description (products_id, language_id, products_name, products_description, products_url, products_viewed) values ('376', '1', 'Crane Roller Bearing Cam Button Spacer', 'Roller Bearing cam button spacer. For Chevy V-6 & V-8 200-400 engines.', '', '23');
insert into products_description (products_id, language_id, products_name, products_description, products_url, products_viewed) values ('377', '1', 'Fel-Pro 1204 SBC Intake Gasket', 'SB Chevy intake gasket fits SBC 1975-1985. Gasket port size 1.23\" x 1.99\". Fits stock ports with CLOSED heat crossover.', '', '24');
insert into products_description (products_id, language_id, products_name, products_description, products_url, products_viewed) values ('378', '1', 'Fel-Pro 1205 SBC Intake Gasket', 'SB Chevy intake gasket set fits SBC 1955-1985. Gasket port size 1.28\" x 2.09\". Fits stock or small race ports.', '', '30');
insert into products_description (products_id, language_id, products_name, products_description, products_url, products_viewed) values ('379', '1', 'Fel-Pro 1206 SBC Intake Gasket', 'SB Chevy intake gasket set fits SBC 1955-1985. Port size 1.34\" x 2.21\". Fits medium race ports.', '', '32');
insert into products_description (products_id, language_id, products_name, products_description, products_url, products_viewed) values ('380', '1', 'Fel-Pro 1207 SBC Intake Gasket', 'Intake gasket set for SB Chevy 1955-1985. Port size 1.38\" x 2.28\". Fits large race ports.', '', '25');
insert into products_description (products_id, language_id, products_name, products_description, products_url, products_viewed) values ('381', '1', 'Holley 4160 600CFM Carburetor', 'Holley 0-1850S, 600CFM, square bore, vacuum secondarys, 4-barrel carb with manual choke.', '', '52');
insert into products_description (products_id, language_id, products_name, products_description, products_url, products_viewed) values ('382', '1', 'Fel-Pro 1404 SBC Exhaust Header Gasket', 'Exhaust header gasket for SBC 1955-1985. Port size 1.50\" x 1.50\". Fits stock or small race ports.', '', '36');
insert into products_description (products_id, language_id, products_name, products_description, products_url, products_viewed) values ('383', '1', 'Fel-Pro 1405 SBC Exhaust Header Gasket', 'Exhaust header gasket for SBC 1955-1985. Port size 1.55\" x 1.55\". Fits large race ports.', '', '28');
insert into products_description (products_id, language_id, products_name, products_description, products_url, products_viewed) values ('384', '1', 'Fel-Pro 1603 Valve Cover Gasket', 'SB Chevy valve cover gasket for 1955-1985. 7/32\" thick.', '', '28');
insert into products_description (products_id, language_id, products_name, products_description, products_url, products_viewed) values ('385', '1', 'Fel-Pro 1604 Valve Cover Gasket', 'SB Chevy valve cover gaskets. For 1957-1985. 5/16\" thick steel core Cork-Lam.', '', '30');
insert into products_description (products_id, language_id, products_name, products_description, products_url, products_viewed) values ('386', '1', 'Mr. Gasket SBC Valve Cover Gasket', 'SB Chevy valve cover gasket. Fits 1955-1986. 3/16\" thick.', '', '26');
insert into products_description (products_id, language_id, products_name, products_description, products_url, products_viewed) values ('387', '1', 'Mr. Gasket SBC Valve Cover Gasket X-Thick', 'SB Chevy valve cover gaskets for 1955-1986. 5/16\" thick.', '', '25');
insert into products_description (products_id, language_id, products_name, products_description, products_url, products_viewed) values ('390', '1', 'K&N 4\" Air Filter', '14\" outside diameter x 4\" deep air filter.', '', '39');
insert into products_description (products_id, language_id, products_name, products_description, products_url, products_viewed) values ('391', '1', 'K&N 3\" Air Filter', '14\" outside diameter x 3\" deep air filter.', '', '36');
insert into products_description (products_id, language_id, products_name, products_description, products_url, products_viewed) values ('392', '1', 'R.J.S. - Super Gear Bag', 'Black, all purpose bag for hauling your helmet, suit, shoes, gloves and other accessories. Approximate size is 12\" x 12\" x 28\" long.', '', '3');
insert into products_description (products_id, language_id, products_name, products_description, products_url, products_viewed) values ('393', '1', 'Ultra Shield Driving/Racing Jacket', 'Ultra Shield single layer driving jacket. SFI spec 3.2A/1 . Made from the highest quality 100% flame retardent materials available, with Nomex cuffs and Nomex lined brass zippers. Shoulder epaulettes. Color matching cuffs. Sporty stripes and trim detail. Your choice of Black, Blue or Red. Jacket sizes available are ( Small - 40\"- 42\" chest ) ( Medium - 42\"- 45\" chest ) ( Large - 45\"- 48\" chest ) ( X-Large - 48\"- 52\" chest ) ( XX-Large 52\"- 54\" chest ) ( XXX-Large - 54\"- 56\" chest ), XX-Large and XXX-Large sizes are an additonal $5.00 per piece.', '', '147');
insert into products_description (products_id, language_id, products_name, products_description, products_url, products_viewed) values ('394', '1', 'Fuel Cell - Jaz 12 Gal. Circle Track with Can', 'All Jaz fuel cells have a seamless cross-linked inner shell. The can is made of 20 gauge steel, then powder coated red. A D-ring bail handle cap is used with a check valve vent that closes if the cell gets upside down. They come standard with #8 vent with a rollover valve, and #8 pickup with the hose routed to right rear corner. Dimentions: 18\" long x 16.5\" wide x 10.5\" deep.', '', '45');
insert into products_description (products_id, language_id, products_name, products_description, products_url, products_viewed) values ('395', '1', 'Fuel Cell - Jaz 16 Gal. Circle Track with Can', 'All Jaz fuel cells have a seamless cross-linked inner shell. The can is made of 20 gauge steel, then powder coated red. A D-ring bail handle cap is used with a check valve vent that closes if the cell gets upside down. They come standard with #8 vent with a rollover valve, and #8 pickup with the hose routed to right rear corner. Dimentions: 26\" long x 18\" wide x 9.5\" deep.', '', '46');
insert into products_description (products_id, language_id, products_name, products_description, products_url, products_viewed) values ('396', '1', '350 Chevy 993 Performance Heads 76cc -  2.02/1.60', 'Pair of casting #993 heads with intake valve size increased to 2.02, 1.60 exhaust valves. Approx. 76cc combustion chamber. These heads will work on the street with unleaded fuel and have bolt holes on ends of heads for all accessories. These heads are for carbureted engines. Three angle valve job, surfaced, new valve guides, assembled with new premium stainless 2.02 intake valves and 1.60 exhaust valves with necked down stems. New .550 lift Z-28 valve springs, new steel retainers and hardened valve locks, umbrella valve stem seals. Heads have 3/8\\\" press in rocker studs. All machine work is done in our own shop on quality equipment.', '', '7');
insert into products_description (products_id, language_id, products_name, products_description, products_url, products_viewed) values ('397', '1', 'Kluhsman - Throttle Rod Kit', 'Kluhsman quick disconnect throttle rod kit.', '', '34');
insert into products_description (products_id, language_id, products_name, products_description, products_url, products_viewed) values ('398', '1', 'Chassis Mount Clip', 'Clip for holding chassis mount fitting in bracket.', '', '35');
insert into products_description (products_id, language_id, products_name, products_description, products_url, products_viewed) values ('399', '1', 'Chassis Mount Bracket', 'Weld on bracket for chassis mount fitting.', '', '33');
insert into products_description (products_id, language_id, products_name, products_description, products_url, products_viewed) values ('400', '1', 'Chassis Mount Fitting', 'Fitting adapts 3/16\" brake line to #4 braided line.', '', '33');
insert into products_description (products_id, language_id, products_name, products_description, products_url, products_viewed) values ('401', '1', 'AQP -6 90 to 3/8\" Hose Steel', '#6 90 degrees to 3.8\" hose steel.', '', '9');
insert into products_description (products_id, language_id, products_name, products_description, products_url, products_viewed) values ('402', '1', 'AQP -8 90 to 1/2\" Hose Steel', '#8 90 degrees to 1/2\" hose steel.', '', '9');
insert into products_description (products_id, language_id, products_name, products_description, products_url, products_viewed) values ('403', '1', 'AQP -10 90 to 5/8\" Hose Steel', '#10 90 degrees to 5/8\" hose steel.', '', '10');
insert into products_description (products_id, language_id, products_name, products_description, products_url, products_viewed) values ('404', '1', 'Fitting - 1/8\" Male Pipe to -4 Male 90 Long', '1/8\" male pipe to male #4 90 degrees long. Brass.', '', '1');
insert into products_description (products_id, language_id, products_name, products_description, products_url, products_viewed) values ('405', '1', 'Fitting - 1/8\" Female Pipe to -4 Male Straight', '1/8\" female pipe to -4 male straight. Brass.', '', '1');
insert into products_description (products_id, language_id, products_name, products_description, products_url, products_viewed) values ('406', '1', 'Fitting - 1/8\" Male Pipe to -4 Male Straight', '1/8\" male pipe to -4 male straight. Brass.', '', '1');
insert into products_description (products_id, language_id, products_name, products_description, products_url, products_viewed) values ('407', '1', 'Fitting - -6 Female to 3/8\" Barb', '-6 female to 3/8\" barb brass fitting.', '', '8');
insert into products_description (products_id, language_id, products_name, products_description, products_url, products_viewed) values ('408', '1', 'Fitting - -8 Female to 3/8\" Barb', '-8 female to 3/8\" barb brass fitting.', '', '10');
insert into products_description (products_id, language_id, products_name, products_description, products_url, products_viewed) values ('409', '1', 'Fitting - -8 Female to 1/2\" Barb', '-8 female to 1/2\" barb brass fitting.', '', '10');
insert into products_description (products_id, language_id, products_name, products_description, products_url, products_viewed) values ('410', '1', 'Fitting - -10 Female to 1/2\" Barb', '-10 female to 1/2\" barb brass fitting.', '', '9');
insert into products_description (products_id, language_id, products_name, products_description, products_url, products_viewed) values ('411', '1', 'Fitting - -10 Female to 5/8\" Barb', '-10 female to 5/8\" barb brass fitting.', '', '9');
insert into products_description (products_id, language_id, products_name, products_description, products_url, products_viewed) values ('412', '1', 'Fitting - 1/4\" Male Pipe to 3/8\" Hose Straight', '1/4\" male pipe to 3/8\" hose straight brass fitting.', '', '1');
insert into products_description (products_id, language_id, products_name, products_description, products_url, products_viewed) values ('413', '1', 'Fitting - 3/8\" Male Pipe to 3/8\" Barb Straight', '3/8\" male pipe to 3/8\" barb straight brass fitting.', '', '1');
insert into products_description (products_id, language_id, products_name, products_description, products_url, products_viewed) values ('414', '1', 'Fitting - 3/8\" Male Pipe to 1/2\" Barb Straight', '3/8\" male pipe to 1/2\" barb straight brass fitting.', '', '1');
insert into products_description (products_id, language_id, products_name, products_description, products_url, products_viewed) values ('415', '1', 'Fitting - 1/2\" Male Pipe to 1/2\" Barb Straight', '1/2\" male pipe tp 1/2\" barb straight brass fitting.', '', '1');
insert into products_description (products_id, language_id, products_name, products_description, products_url, products_viewed) values ('416', '1', 'Fitting - 1/8\" Male Pipe to -4 Male 90', '1/8\" male pipe to -4 male 90 degree brass fitting.', '', '1');
insert into products_description (products_id, language_id, products_name, products_description, products_url, products_viewed) values ('417', '1', 'Fitting - 1/4\" Male Pipe to -6 Male Straight', '1/4\" male pipe to -6 male straight brass fittng.', '', '1');
insert into products_description (products_id, language_id, products_name, products_description, products_url, products_viewed) values ('418', '1', 'Fitting - 1/4\" Male Pipe to -8 Male Straight', '1/4\" male pipe to -8 male straight brass fitting.', '', '1');
insert into products_description (products_id, language_id, products_name, products_description, products_url, products_viewed) values ('419', '1', 'Fitting - 3/8\" Male Pipe to -6 Male Straight', '3/8\" male pipe to -6 male straight brass fitting.', '', '1');
insert into products_description (products_id, language_id, products_name, products_description, products_url, products_viewed) values ('420', '1', 'Fitting - 3/8\" Male Pipe to -8 Male Straight', '3/8\" male pipe to -8 male straight brass fitting.', '', '1');
insert into products_description (products_id, language_id, products_name, products_description, products_url, products_viewed) values ('421', '1', 'Fitting - 1/2\" Male Pipe to -8 Male Straight', '1/2\" male pipe to -8 male straight brass fitting.', '', '12');
insert into products_description (products_id, language_id, products_name, products_description, products_url, products_viewed) values ('422', '1', 'Fitting - 1/2\" Male Pipe to -10 Male Straight', '1/2\" male pipe to -10 male straght brass fitting.', '', '11');
insert into products_description (products_id, language_id, products_name, products_description, products_url, products_viewed) values ('423', '1', 'Fitting - 1/4\" Male Pipe 90 to -6 Male', '1/4\" male pipe 90 degrees to -6 male steel fitting.', '', '1');
insert into products_description (products_id, language_id, products_name, products_description, products_url, products_viewed) values ('424', '1', 'Fitting - 1/4\" Male Pipe 90 to -8 Male', '1/4\" male pipe 90 degrees to -8 male steel fitting.', '', '1');
insert into products_description (products_id, language_id, products_name, products_description, products_url, products_viewed) values ('425', '1', 'Fitting - 3/8\" Male Pipe 90 to -8 Male', '3/8\" male pipe 90 degrees to -8 male steel fitting.', '', '1');
insert into products_description (products_id, language_id, products_name, products_description, products_url, products_viewed) values ('426', '1', 'Fitting - 1/2\" 90 Male Pipe to -8 Male', '1/2\" male pipe 90 degrees to -8 male steel fitting.', '', '10');
insert into products_description (products_id, language_id, products_name, products_description, products_url, products_viewed) values ('427', '1', 'Fitting - 1/2\" Male Pipe 90 to -10 Male', '1/2\" male pipe 90 degrees to -10 male steel fitting.', '', '11');
insert into products_description (products_id, language_id, products_name, products_description, products_url, products_viewed) values ('428', '1', 'Fitting - -4 Cap', '-4 steel cap.', '', '10');
insert into products_description (products_id, language_id, products_name, products_description, products_url, products_viewed) values ('429', '1', '-6 Cap', '-6 steel cap.', '', '9');
insert into products_description (products_id, language_id, products_name, products_description, products_url, products_viewed) values ('430', '1', '-8 Cap', '-8 steel cap.', '', '11');
insert into products_description (products_id, language_id, products_name, products_description, products_url, products_viewed) values ('431', '1', '-10 Cap', '-10 steel cap.', '', '10');
insert into products_description (products_id, language_id, products_name, products_description, products_url, products_viewed) values ('432', '1', 'AQP -6 To 3/8\" 45', '-6 to 3/8\" 45 degree steel fitting.', '', '8');
insert into products_description (products_id, language_id, products_name, products_description, products_url, products_viewed) values ('433', '1', 'AQP -8 To 1/2\" 45', 'AQP -8 to 1/2\" 45 degree steel fitting.', '', '9');
insert into products_description (products_id, language_id, products_name, products_description, products_url, products_viewed) values ('434', '1', 'Fitting - -4 T', '-4 Male T brass fitting.', '', '9');
insert into products_description (products_id, language_id, products_name, products_description, products_url, products_viewed) values ('435', '1', 'Fitting - -6 T', '-6 male T brass fitting.', '', '10');
insert into products_description (products_id, language_id, products_name, products_description, products_url, products_viewed) values ('436', '1', 'Weight Jack, Swivler', 'Allows cup in top of spring to pivot on bolt, eliminating bind during travel. Standard with 1\" coarse bolt. For use with front springs only. Bolt interchaneable with fine thread bolts.', '', '39');
insert into products_description (products_id, language_id, products_name, products_description, products_url, products_viewed) values ('437', '1', 'Aeroquip -6 90 To Hose Fitting', 'Aluminum -6 90 degree to hose fitting.', '', '9');
insert into products_description (products_id, language_id, products_name, products_description, products_url, products_viewed) values ('438', '1', 'Aeroquip -8 Straight To Hose Fitting', 'Aluminum -8 straight to hose fitting.', '', '9');
insert into products_description (products_id, language_id, products_name, products_description, products_url, products_viewed) values ('439', '1', 'Aeroquip -8 90 To Hose Fitting', 'Aluminum -8 90 degree to hose fitting.', '', '9');
insert into products_description (products_id, language_id, products_name, products_description, products_url, products_viewed) values ('440', '1', 'Aeroquip -10 Straight To Hose Fitting', 'Aluminum -10 straight to hose fitting.', '', '11');
insert into products_description (products_id, language_id, products_name, products_description, products_url, products_viewed) values ('441', '1', 'Aeroquip -6 Straight To Hose Fitting', 'Aluminum -6 straight to hose fitting.', '', '10');
insert into products_description (products_id, language_id, products_name, products_description, products_url, products_viewed) values ('442', '1', 'Aeroquip -6 Aluminum Crushwashers', 'Package of 5 -6 aluminum crushwashers.', '', '10');
insert into products_description (products_id, language_id, products_name, products_description, products_url, products_viewed) values ('443', '1', 'Aeroquip -10 Aluminum Crushwashers', 'Package of 5 -10 aluminum crushwashers.', '', '9');
insert into products_description (products_id, language_id, products_name, products_description, products_url, products_viewed) values ('444', '1', 'Aeroquip -6 To 7/8-20 THD Holley', 'Aluminum -6 to 7/8 20THD for Holley carb..', '', '11');
insert into products_description (products_id, language_id, products_name, products_description, products_url, products_viewed) values ('445', '1', 'Aeroquip -6 To 3/8\" Pipe Male Connector', 'Aluminum -6 to 3/8\" pipe male connector.', '', '11');
insert into products_description (products_id, language_id, products_name, products_description, products_url, products_viewed) values ('446', '1', 'Aeroquip -8 To 1/2\" Pipe Male Connector', 'Aluminum -8 to 1/2\" pipe male connector.', '', '1');
insert into products_description (products_id, language_id, products_name, products_description, products_url, products_viewed) values ('447', '1', 'Aeroquip -8 To 3/8\" pipe 90 Male Elbow', 'Aluminum -8 to 3/8\" pipe 90 degree male elbow.', '', '0');
insert into products_description (products_id, language_id, products_name, products_description, products_url, products_viewed) values ('448', '1', 'Aeroquip -8 To 3/8\" Pipe Male Connector', 'Aluminum -8 to 3/8\" pipe male connector.', '', '1');
insert into products_description (products_id, language_id, products_name, products_description, products_url, products_viewed) values ('449', '1', 'Aeroquip -6 To 1/4\" Pipe Male Connector', 'Aluminum -6 to 1/4\" pipe male connector.', '', '9');
insert into products_description (products_id, language_id, products_name, products_description, products_url, products_viewed) values ('450', '1', 'Aeroquip -8 To 1/2\" Pipe 90 Male Elbow', 'Aluminum -8 to 1/2\" pipe 90 degree male elbow.', '', '8');
insert into products_description (products_id, language_id, products_name, products_description, products_url, products_viewed) values ('451', '1', 'Aeroquip -6 Flare Union', '-6 aluminum flared union.', '', '9');
insert into products_description (products_id, language_id, products_name, products_description, products_url, products_viewed) values ('452', '1', 'Aeroquip -8 Flare Union', '-8 aluminum flared union.', '', '8');
insert into products_description (products_id, language_id, products_name, products_description, products_url, products_viewed) values ('453', '1', 'Aeroquip -10 Flare Union', '-10 aluminum flared union.', '', '30');
insert into products_description (products_id, language_id, products_name, products_description, products_url, products_viewed) values ('454', '1', 'Aeroquip -8 to -6 Union Reducer', '-8 to -6 aluminum union reducer.', '', '32');
insert into products_description (products_id, language_id, products_name, products_description, products_url, products_viewed) values ('455', '1', 'Aeroquip -8 Bulkhead Union', '-8 aluminum bulkhead union.', '', '29');
insert into products_description (products_id, language_id, products_name, products_description, products_url, products_viewed) values ('456', '1', 'Aeroquip -6 Flare Plug', '-6 aluminum flared plug.', '', '31');
insert into products_description (products_id, language_id, products_name, products_description, products_url, products_viewed) values ('457', '1', 'Aeroquip -8 Lock Nut', '-8 aluminum lock nut.', '', '31');
insert into products_description (products_id, language_id, products_name, products_description, products_url, products_viewed) values ('458', '1', 'Aeroquip -10 Lock Nut', '-10 aluminum lock nut.', '', '33');
insert into products_description (products_id, language_id, products_name, products_description, products_url, products_viewed) values ('459', '1', 'Aeroquip -8 To 7/8\"-20THD Holley Carb', '-8 to 7/8\"THD Holley carb. Aluminum.', '', '23');
insert into products_description (products_id, language_id, products_name, products_description, products_url, products_viewed) values ('460', '1', 'Aeroquip -6 To 9/16THD Holley Carb', '-6 to 9/16\" 24THD Holley carb.. Aluminum.', '', '37');
insert into products_description (products_id, language_id, products_name, products_description, products_url, products_viewed) values ('461', '1', 'Aeroquip -8 Union Tee', '-8 aluminum union tee.', '', '26');
insert into products_description (products_id, language_id, products_name, products_description, products_url, products_viewed) values ('462', '1', 'Afco Rear Spring Seat 5\" Conventional', 'Conventional 5\" spring seat, changeable spring pilot, clamps on or welds to rearend. For 5\" conventional springs. Sold each.', '', '42');
insert into products_description (products_id, language_id, products_name, products_description, products_url, products_viewed) values ('463', '1', 'Afco Rear Spring Seat - Pigtail Spring', 'Rear spring seat, changeable spring pilot, clamps on or welds on rear end. For pigtail style springs. Sold each.', '', '43');
insert into products_description (products_id, language_id, products_name, products_description, products_url, products_viewed) values ('464', '1', 'Afco 12\" Swing Arm', 'Afco short swing arm, 12\". Two coil over mount locations for ultimate chassis tuning. 3/4\" mounts. Will replace most popular swing arms. Powder coated for longer life.', '', '47');
insert into products_description (products_id, language_id, products_name, products_description, products_url, products_viewed) values ('465', '1', 'IMCA Upper Control Arm Left', 'IMCA approved upper control arm. Heavy duty stock car left upper control arm. Weight 4.8 lbs.', '', '47');
insert into products_description (products_id, language_id, products_name, products_description, products_url, products_viewed) values ('466', '1', 'IMCA Upper Control Arm Right', 'IMCA approved upper control arm. Heavy duty stock car right control arm. Weight 4.7 lbs.', '', '50');
insert into products_description (products_id, language_id, products_name, products_description, products_url, products_viewed) values ('467', '1', 'Racing Fan - Steel 4 Blade', '4 bladed steel racing fan. Designed with the perfect blade pitch to move more air. Available in 15\",(2.4lbs.) or 18\",(2.9lbs.)', '', '60');
insert into products_description (products_id, language_id, products_name, products_description, products_url, products_viewed) values ('468', '1', 'Wilwood Forward Mount Dual Pedal Assembly -6.25:1 Ratio', 'Dual pedal assembly, forward mount.  6.25:1 ratio.  Lightweight construction only 3.7 lbs. High strength computer design. Includes brake balance bar. High strength steel master cyinder mounting studs. Easy mounting location. Non-slip pedals.  First quality hardware. Fully anodized finish.', '', '55');
insert into products_description (products_id, language_id, products_name, products_description, products_url, products_viewed) values ('551', '1', 'Afco 19\" Swing Arm', 'Afco 19\" swing arm. Two coil over mount locations for ultimate chassis tuning. 3/4\" mounts. Will replace most popular swing arms. Powder coated for longer life.', '', '2');
insert into products_description (products_id, language_id, products_name, products_description, products_url, products_viewed) values ('469', '1', 'Wilwood Reverse Mount Dual Pedal Assembly -6.25:1 Ratio', 'Dual pedal assembly, reverse mount. 6.25:1 ratio. Lightweight construction only 3.7 lbs. High strength computer design. Includes brake balance bar. High strength steel master cylinder mounting studs. Easy mounting location. Non-slip pedals. First quality hardware. Fully anodized finish.', '', '46');
insert into products_description (products_id, language_id, products_name, products_description, products_url, products_viewed) values ('472', '1', 'CLOSEOUT DRIVING JACKETS', 'CLOSEOUT on  Ultrashield 2004 style jackets, single layer banox with nomex cuffs, SFI 3-2A/1. We have size small (40\"- 42\" chest), in black, red and blue, size medium (42\"- 45\" chest) in blue or red. CALL TO CHECK AVAILABILITY AND PLACE AN ORDER AS WE HAVE A LIMITED NUMBER OF THESE JACKETS.', '', '117');
insert into products_description (products_id, language_id, products_name, products_description, products_url, products_viewed) values ('473', '1', 'Pistons - 350 Flat Top Forged Pistons - Coated Skirts - Balanced', 'Set of 8 Sealed Power # L2256F  Forged pistons. CNC machined. Teflon coated skirts. Piston set is fully balanced in our machine shop to within 1 gram.  Flat top pistons with 4 valve reliefs. 5/64\", 5/64\", 3/16\" ring grooves. For use with 5.7\" rods (stock 350 rod length) Compression with 64cc heads is approx. 9.7 to 1, with 76cc heads is approx. 8.6 to 1. Pistons are for press fit rods only. Gram weights between sets vary but are approx. 612 grams piston weight and 145 grams pin weight.', '', '65');
insert into products_description (products_id, language_id, products_name, products_description, products_url, products_viewed) values ('471', '1', 'G-Force Pro Force 1 Graphix Helmet', 'G-Force Pro Force 1 graphix helmet #4405. Size Small 6-7/8-7, Medium 7-1/8-7-1/4, Large -7 3/8 -7 1/2, X-Large 7-5/8-7-3/4, XX-large7-7/8-8.  SA 2000 certifiied. Lightweight composite shell, Fire-retardant interior, speedfit shield, G-Flow ventilation, Black only. The Pro - Force 1 Graphix is a new helmet with super sleek styling. A Z38 composite shell keeps this helmet light on your shoulders. Keep cool with the integral G - Flow ventilation system that brings in cool air and vents the hot air out of the top and back of the helmet. A Cool Tec liner helps keep you comfortable. The new Speed Fit shield system allows you to change out the optically correct scratch-resistant face shield in seconds without the need for any tools. Helmet includes factory mounting points for the G-FORCE racing gear SRS-1 helmet restraint system.', '', '85');
insert into products_description (products_id, language_id, products_name, products_description, products_url, products_viewed) values ('474', '1', 'JET - Rochester 2GC Carbureter', 'The Circle Track 500CFM 2G begins with a .130 needle and seat assembly for adequate fuel supply and a small diameter float for maximum float bowl volume. The cluster is modified to keep the fuel curve correct throughout the RPM range. Tapped to accept Holley jets for ease of tuning and finished with a 3/8\" fuel inlet. Factory color diechromate. (We have had an IMCA tech official check these carbs for legality in IMCA hobby stock and have been told the carb is legal.) Note: This 2G is modified to 500 CFM from a smaller core. The casing ridge has been removed but it will pass a gauge test. Venture size: 1 3/8\", Bore size: 1 11/16\".', '', '54');
insert into products_description (products_id, language_id, products_name, products_description, products_url, products_viewed) values ('477', '1', 'Pistons - 383 Dish Top - Coated Skirts-Balanced Set', 'Set of 8 Speed Pro #H859CP hypereutectic pistons. Piston set is fully balanced in our machine shop to within 1 gram. Teflon coated skirts. Dish top pistons with .110 dish and 2 valve reliefs. 5/64\", 5/64\", 3/16\" ring grooves. For use with 5.7\" length rods. Compression with 64cc heads is approx. 9.7 to 1, with 76cc heads is approx. 8.7 to 1. Includes snap rings, pistons can be pressed or full floated. Gram weights between sets vary but are approx. 511 grams piston weight.', '', '23');
insert into products_description (products_id, language_id, products_name, products_description, products_url, products_viewed) values ('478', '1', 'Pistons - 383 - SRP - L.W. - Dome - 5.7\" Rod', 'Set of 8 SRP lightweight Forged dome pistons. For use with 5.7\" rods. CNC machined domes with radiused valve reliefs provide optimum flame travel. Designed for use with most popular 23 degree heads. Forged from premium2618 aluminum alloy. Pin fitting and double spiro locks included. 927-2750 - 150 wall wrist pins included(130 grams). CNC machined ring grooves accept 1/16\", 1/16\", 3/16\" rings. Compression with 64cc heads is approx. 12.9 to1, with 70cc heads is approx. 11.9 to 1. Piston weight in .030 is approx. 483 grams, pinweight is 130 grams.', '', '11');
insert into products_description (products_id, language_id, products_name, products_description, products_url, products_viewed) values ('479', '1', 'Pistons - 383 - SRP - L.W. - Dome - 6.0\" Rod', 'Set of 8 SRP lightweight Forged dome pistons. For use with 6.0\" rods(includes oil rail support). CNC machined domes with radiused valve reliefs provide optimum flame travel. Designed for use with most popular 23 degree heads. Forged from premium2618 aluminum alloy. Pin fitting and double spiro locks included. 927-2750 - 150 wall wrist pins included(130 grams). CNC machined ring grooves accept 1/16\", 1/16\", 3/16\" rings. Compression with 64cc heads is approx. 12.9 to1, with 70cc heads is approx. 11.9 to 1. Piston weight in .030 is approx. 426 grams, pinweight is 130 grams.', '', '7');
insert into products_description (products_id, language_id, products_name, products_description, products_url, products_viewed) values ('480', '1', 'Pistons - 350 - SRP - L.W. - Dome - 5.7\" Rod', 'Set of 8 SRP lightweight Forged dome pistons. For use with 5.7\" rods. CNC machined domes with radiused valve reliefs provide optimum flame travel. Designed for use with most popular 23 degree heads. Forged from premium2618 aluminum alloy. Pin fitting and double spiro locks included. 927-2750 - 150 wall wrist pins included(130 grams). CNC machined ring grooves accept 1/16\", 1/16\", 3/16\" rings. Compression with 64cc heads is approx. 12.7 to1, with 70cc heads is approx. 11.7 to 1. Piston weight in .030 is approx. 509 grams.', '', '13');
insert into products_description (products_id, language_id, products_name, products_description, products_url, products_viewed) values ('481', '1', 'Pistons - 350 - SRP - L.W. - Dome - 6.0\" Rod', 'Set of 8 SRP lightweight Forged dome pistons. For use with 5.7\" rods. CNC machined domes with radiused valve reliefs provide optimum flame travel. Designed for use with most popular 23 degree heads. Forged from premium2618 aluminum alloy. Pin fitting and double spiro locks included. 927-2750 - 150 wall wrist pins included(130 grams). CNC machined ring grooves accept 1/16\", 1/16\", 3/16\" rings. Compression with 64cc heads is approx. 12.9 to1, with 70cc heads is approx. 11.9 to 1. Piston weight in .030 is approx. 459 grams.', '', '5');
insert into products_description (products_id, language_id, products_name, products_description, products_url, products_viewed) values ('482', '1', 'Pistons - 377 - SRP - L.W. - Dome - 5.7\" Rod', 'Set of 8 SRP lightweight Forged dome pistons. For use with 5.7\" rods. CNC machined domes with radiused valve reliefs provide optimum flame travel. Designed for use with most popular 23 degree heads. Forged from premium2618 aluminum alloy. Pin fitting and double spiro locks included. 927-2750 - 150 wall wrist pins included(130 grams). CNC machined ring grooves accept 1/16\", 1/16\", 3/16\" rings. Compression with 64cc heads is approx. 13.0 to1, with 70cc heads is approx. 12.0 to 1. Piston weight in .030 is approx. 530 grams.', '', '5');
insert into products_description (products_id, language_id, products_name, products_description, products_url, products_viewed) values ('483', '1', 'Pistons - 377 - SRP - L.W. - Dome - 6.0\" Rod', 'Set of 8 SRP lightweight Forged dome pistons. For use with 5.7\" rods. CNC machined domes with radiused valve reliefs provide optimum flame travel. Designed for use with most popular 23 degree heads. Forged from premium2618 aluminum alloy. Pin fitting and double spiro locks included. 927-2750 - 150 wall wrist pins included(130 grams). CNC machined ring grooves accept 1/16\", 1/16\", 3/16\" rings. Compression with 64cc heads is approx. 13.0 to1, with 70cc heads is approx. 12.0 to 1. Piston weight in .030 is approx. 485 grams.', '', '4');
insert into products_description (products_id, language_id, products_name, products_description, products_url, products_viewed) values ('484', '1', 'Pistons - 400 - SRP - L.W. - Dome - 5.7\" Rod', 'Set of 8 SRP lightweight Forged dome pistons. For use with 5.7\" rods. CNC machined domes with radiused valve reliefs provide optimum flame travel. Designed for use with most popular 23 degree heads. Forged from premium2618 aluminum alloy. Pin fitting and double spiro locks included. 927-2750 - 150 wall wrist pins included(130 grams). CNC machined ring grooves accept 1/16\", 1/16\", 3/16\" rings. Compression with 64cc heads is approx. 12.9 to1, with 70cc heads is approx. 11.9 to 1. Piston weight in .030 is approx. 500 grams.', '', '4');
insert into products_description (products_id, language_id, products_name, products_description, products_url, products_viewed) values ('485', '1', 'Pistons - 400 - SRP - L.W. - Dome - 6.0\" Rod', 'Set of 8 SRP lightweight Forged dome pistons(Includes oil rail supports). For use with 5.7\" rods. CNC machined domes with radiused valve reliefs provide optimum flame travel. Designed for use with most popular 23 degree heads. Forged from premium2618 aluminum alloy. Pin fitting and double spiro locks included. 927-2750 - 150 wall wrist pins included(130 grams). CNC machined ring grooves accept 1/16\", 1/16\", 3/16\" rings. Compression with 64cc heads is approx. 12.9 to1, with 70cc heads is approx. 11.9 to 1. Piston weight in .030 is approx. 445 grams.', '', '7');
insert into products_description (products_id, language_id, products_name, products_description, products_url, products_viewed) values ('486', '1', 'Eagle - SB Chevy 5.7\" H-Beam Rods - Bushed', 'Set of 8 - 5.7\" long connecting rods. 4340 steel. H-beam construction. Sized and balanced to +/- 1 gram. 190,000 p.s.i. ARP capscrews. Approx. weight is 630 grams. Each rod set is double checked in our machine shop for roundness and pin fit. Rods are for 1968 and newer cranks. Cam clearencing is available for large stroke applications.', '', '13');
insert into products_description (products_id, language_id, products_name, products_description, products_url, products_viewed) values ('487', '1', 'Eagle - SB Chevy 6.0\" H-Beam Rods - Bushed', 'Set of 8 - 6.0\" long connecting rods. 4340 steel. H-beam construction. Sized and balanced to +/- 1 gram. 190,000 p.s.i. ARP capscrews. Approx. weight is 645 grams. Each rod set is double checked in our machine shop for roundness and pin fit. Rods are for 1968 and newer cranks. Cam clearencing is available for large stroke applications.', '', '9');
insert into products_description (products_id, language_id, products_name, products_description, products_url, products_viewed) values ('488', '1', '350 - Eagle - SBC - 4340 Steel Crankshaft - 3.48 Stroke', 'Eagle 350 Chevy 4340 steel crankshaft. Internally balanced. Designed for 2-piece rear main seal blocks. For use with 5.7\" or 6.0\" rods. Must use chamfered rod and main bearings. Forged 4340 Steel non-twisting forging. Cranks are 100% x-rayed, magnafluxed & sonic-tested. .125\" radius on rod and main journals for increased strength. Cross-drilled And chamfered oil holes for improved oiling. Nitrided journal surfaces for superiour wear resistance. Stress relieved & shot peened. Indexed for correct stroke. Multi-stage heat treat process. Full counterweight designed for easy balancing. Precision ground & micro-polished journals.', '', '6');
insert into products_description (products_id, language_id, products_name, products_description, products_url, products_viewed) values ('489', '1', '383 - Eagle - SBC - 4340 Steel Crankshaft - 3.75 Stroke', 'Eagle 383 Chevy 4340 steel crankshaft. Internally balanced. Designed for 2-piece rear main seal blocks. For use with 5.7\" or 6.0\" rods. Must use chamfered rod and main bearings. Forged 4340 Steel non-twisting forging. Cranks are 100% x-rayed, magnafluxed & sonic-tested. .125\" radius on rod and main journals for increased strength. Cross-drilled And chamfered oil holes for improved oiling. Nitrided journal surfaces for superiour wear resistance. Stress relieved & shot peened. Indexed for correct stroke. Multi-stage heat treat process. Full counterweight designed for easy balancing. Precision ground & micro-polished journals.', '', '7');
insert into products_description (products_id, language_id, products_name, products_description, products_url, products_viewed) values ('490', '1', '400 - Eagle - SBC - 4340 Steel Crankshaft - 3.75 Stroke', 'Eagle 400 Chevy 4340 steel crankshaft. Internally balanced. Designed for 2-piece rear main seal blocks. For use with 5.7\" or 6.0\" rods. Must use chamfered rod and main bearings. Forged 4340 Steel non-twisting forging. Cranks are 100% x-rayed, magnafluxed & sonic-tested. .125\" radius on rod and main journals for increased strength. Cross-drilled And chamfered oil holes for improved oiling. Nitrided journal surfaces for superiour wear resistance. Stress relieved & shot peened. Indexed for correct stroke. Multi-stage heat treat process. Full counterweight designed for easy balancing. Precision ground & micro-polished journals.', '', '3');
insert into products_description (products_id, language_id, products_name, products_description, products_url, products_viewed) values ('491', '1', '420 - Eagle - SBC - 4340 Steel Crankshaft - 3.875 Stroke', 'Eagle 350 Chevy 4340 steel crankshaft. Internally balanced. Designed for 2-piece rear main seal blocks. For use with 6.0\" rods. Must use chamfered rod and main bearings. Forged 4340 Steel non-twisting forging. Cranks are 100% x-rayed, magnafluxed & sonic-tested. .125\" radius on rod and main journals for increased strength. Cross-drilled And chamfered oil holes for improved oiling. Nitrided journal surfaces for superiour wear resistance. Stress relieved & shot peened. Indexed for correct stroke. Multi-stage heat treat process. Full counterweight designed for easy balancing. Precision ground & micro-polished journals.', '', '7');
insert into products_description (products_id, language_id, products_name, products_description, products_url, products_viewed) values ('492', '1', '434 - Eagle - SBC - 4340 Steel Crankshaft - 4.00 Stroke', 'Eagle 434 Chevy 4340 steel crankshaft. Internally balanced. Designed for 2-piece rear main seal blocks. For use with 6.0\" rods. Must use chamfered rod and main bearings. Forged 4340 Steel non-twisting forging. Cranks are 100% x-rayed, magnafluxed & sonic-tested. .125\" radius on rod and main journals for increased strength. Cross-drilled And chamfered oil holes for improved oiling. Nitrided journal surfaces for superiour wear resistance. Stress relieved & shot peened. Indexed for correct stroke. Multi-stage heat treat process. Full counterweight designed for easy balancing. Precision ground & micro-polished journals.', '', '9');
insert into products_description (products_id, language_id, products_name, products_description, products_url, products_viewed) values ('493', '1', 'SBC - Dart Iron Eagle Platinum Heads - 64cc - 2.02/1.60 - 200cc', 'Pair of assembled Dart Iron Eagle Platinum cylinder heads for carbureted small block Chevy engines (ALLOW 2-3 DAYS FOR OUR SHOP TO CUSTOM ASSEMBLE A PAIR OF HEADS FOR YOU). 377 and 400 applications for street would require steamholes to be drilled. These heads are assembled in our machine shop. Seat concentricity and valve guide clearance is checked and valve springs are installed at the correct installed height. Heads are assembled with premium stainless swirl polished 2.02 intake valves and 1.60 exhaust valves with undercut stems for increased flow. Hardened steel retainers, hardened locks and high temperature positive Viton seals. Screw in rocker arm studs (3/8\") and guideplates are also included. Assembled with Z-28 single valve springs w/damper with 110# of seat pressure and will handle up to  .550 lift. (Dual springs w/damper option is available for an additional $80.00. Dual springs are 1.44 O.D. with 135# of seat pressure and will handle up to .600 lift. Dual spring option also includes chrome moly retainers and machined valve locks.) Dart has introduced the next generation Iron Eagle small block Chevy cylinder head - The Platinum Series. Speed Flow Technology has produced more efficient port designs with improved velocity and airflow. Combustion chambers have been redesigned for improved breathing and controllable combustion efficiency and fit most standard pistons. Multi-angle seats and radiused exhaust seats dramatically increase flow. Hardened exhaust seats are compatible with unleaded fuel. Manganese bronze intake valve guides and phosphorous bronze exhaust valve guides. Accepts most stock bolt on components.', '', '45');
insert into products_description (products_id, language_id, products_name, products_description, products_url, products_viewed) values ('494', '1', 'SBC - Dart Iron Eagle Platinum Heads - 72cc - 2.02/1.60 - 200cc', 'Pair of assembled Dart Iron Eagle Platinum cylinder heads for carbureted small block Chevy engines (ALLOW 2-3 DAYS FOR OUR SHOP TO CUSTOM ASSEMBLE A PAIR OF HEADS FOR YOU). 377 and 400 applications for street would require steamholes to be drilled. These heads are assembled in our machine shop. Seat concentricity and valve guide clearance is checked and valve springs are installed at the correct installed height. Heads are assembled with premium stainless swirl polished 2.02 intake valves and 1.60 exhaust valves with undercut stems for increased flow. Hardened steel retainers, hardened locks and high temperature positive Viton seals. Screw in rocker arm studs (3/8\") and guideplates are also included. Assembled with Z-28 single valve springs w/damper with 110# of seat pressure and will handle up to  .550 lift. (Dual springs w/damper option is available for an additional $80.00. Dual springs are 1.44 O.D. with 135# of seat pressure and will handle up to .600 lift. Dual spring option also includes chrome moly retainers and machined valve locks.) Dart has introduced the next generation Iron Eagle small block Chevy cylinder head - The Platinum Series. Speed Flow Technology has produced more efficient port designs with improved velocity and airflow. Combustion chambers have been redesigned for improved breathing and controllable combustion efficiency and fit most standard pistons. Multi-angle seats and radiused exhaust seats dramatically increase flow. Hardened exhaust seats are compatible with unleaded fuel. Manganese bronze intake valve guides and phosphorous bronze exhaust valve guides. Accepts most stock bolt on components.', '', '34');
insert into products_description (products_id, language_id, products_name, products_description, products_url, products_viewed) values ('495', '1', 'SBC - Dart Iron Eagle Platinum Heads - 72cc - 2.05/1.60 - 215cc', 'Pair of assembled Dart Iron Eagle Platinum cylinder heads for carbureted small block Chevy engines (ALLOW 2-3 DAYS FOR OUR SHOP TO CUSTOM ASSEMBLE A PAIR OF HEADS FOR YOU). 377 and 400 applications for street would require steamholes to be drilled. These heads are assembled in our machine shop. Seat concentricity and valve guide clearance is checked and valve springs are installed at the correct installed height. Heads are assembled with premium stainless swirl polished 2.02 intake valves and 1.60 exhaust valves with undercut stems for increased flow. Hardened steel retainers, hardened locks and high temperature positive Viton seals. Screw in rocker arm studs (3/8\") and guideplates are also included. Assembled with Z-28 single valve springs w/damper with 110# of seat pressure and will handle up to  .550 lift. (Dual springs w/damper option is available for an additional $80.00. Dual springs are 1.44 O.D. with 135# of seat pressure and will handle up to .600 lift. Dual spring option also includes chrome moly retainers and machined valve locks.) Dart has introduced the next generation Iron Eagle small block Chevy cylinder head - The Platinum Series. Speed Flow Technology has produced more efficient port designs with improved velocity and airflow. Combustion chambers have been redesigned for improved breathing and controllable combustion efficiency and fit most standard pistons. Multi-angle seats and radiused exhaust seats dramatically increase flow. Hardened exhaust seats are compatible with unleaded fuel. Manganese bronze intake valve guides and phosphorous bronze exhaust valve guides. Accepts most stock bolt on components.', '', '9');
insert into products_description (products_id, language_id, products_name, products_description, products_url, products_viewed) values ('496', '1', 'SBC - Dart Iron Eagle Platinum Heads - 64cc - 2.05/1.60 - 215cc', 'Pair of assembled Dart Iron Eagle Platinum cylinder heads for carbureted small block Chevy engines (ALLOW 2-3 DAYS FOR OUR SHOP TO CUSTOM ASSEMBLE A PAIR OF HEADS FOR YOU). 377 and 400 applications for street would require steamholes to be drilled. These heads are assembled in our machine shop. Seat concentricity and valve guide clearance is checked and valve springs are installed at the correct installed height. Heads are assembled with premium stainless swirl polished 2.02 intake valves and 1.60 exhaust valves with undercut stems for increased flow. Hardened steel retainers, hardened locks and high temperature positive Viton seals. Screw in rocker arm studs (3/8\") and guideplates are also included. Assembled with Z-28 single valve springs w/damper with 110# of seat pressure and will handle up to  .550 lift. (Dual springs w/damper option is available for an additional $80.00. Dual springs are 1.44 O.D. with 135# of seat pressure and will handle up to .600 lift. Dual spring option also includes chrome moly retainers and machined valve locks.) Dart has introduced the next generation Iron Eagle small block Chevy cylinder head - The Platinum Series. Speed Flow Technology has produced more efficient port designs with improved velocity and airflow. Combustion chambers have been redesigned for improved breathing and controllable combustion efficiency and fit most standard pistons. Multi-angle seats and radiused exhaust seats dramatically increase flow. Hardened exhaust seats are compatible with unleaded fuel. Manganese bronze intake valve guides and phosphorous bronze exhaust valve guides. Accepts most stock bolt on components.', '', '16');
insert into products_description (products_id, language_id, products_name, products_description, products_url, products_viewed) values ('497', '1', 'SBC - Dart Iron Eagle Platinum Heads - 64cc - 2.08/1.60 - 230cc', 'Pair of assembled Dart Iron Eagle Platinum cylinder heads for carbureted small block Chevy engines (ALLOW 2-3 DAYS FOR OUR SHOP TO CUSTOM ASSEMBLE A PAIR OF HEADS FOR YOU). 377 and 400 applications for street would require steamholes to be drilled. These heads are assembled in our machine shop. Seat concentricity and valve guide clearance is checked and valve springs are installed at the correct installed height. Heads are assembled with premium stainless swirl polished 2.02 intake valves and 1.60 exhaust valves with undercut stems for increased flow. Hardened steel retainers, hardened locks and high temperature positive Viton seals. Screw in rocker arm studs (3/8\") and guideplates are also included. Assembled with Z-28 single valve springs w/damper with 110# of seat pressure and will handle up to  .550 lift. (Dual springs w/damper option is available for an additional $80.00. Dual springs are 1.44 O.D. with 135# of seat pressure and will handle up to .600 lift. Dual spring option also includes chrome moly retainers and machined valve locks.) Dart has introduced the next generation Iron Eagle small block Chevy cylinder head - The Platinum Series. Speed Flow Technology has produced more efficient port designs with improved velocity and airflow. Combustion chambers have been redesigned for improved breathing and controllable combustion efficiency and fit most standard pistons. Multi-angle seats and radiused exhaust seats dramatically increase flow. Hardened exhaust seats are compatible with unleaded fuel. Manganese bronze intake valve guides and phosphorous bronze exhaust valve guides. Accepts most stock bolt on components.', '', '18');
insert into products_description (products_id, language_id, products_name, products_description, products_url, products_viewed) values ('498', '1', 'SBC - Dart Iron Eagle Platinum Heads - 72cc - 2.08/1.60 - 230cc', 'Pair of assembled Dart Iron Eagle Platinum cylinder heads for carbureted small block Chevy engines (ALLOW 2-3 DAYS FOR OUR SHOP TO CUSTOM ASSEMBLE A PAIR OF HEADS FOR YOU). 377 and 400 applications for street would require steamholes to be drilled. These heads are assembled in our machine shop. Seat concentricity and valve guide clearance is checked and valve springs are installed at the correct installed height. Heads are assembled with premium stainless swirl polished 2.02 intake valves and 1.60 exhaust valves with undercut stems for increased flow. Hardened steel retainers, hardened locks and high temperature positive Viton seals. Screw in rocker arm studs (3/8\") and guideplates are also included. Assembled with Z-28 single valve springs w/damper with 110# of seat pressure and will handle up to  .550 lift. (Dual springs w/damper option is available for an additional $80.00. Dual springs are 1.44 O.D. with 135# of seat pressure and will handle up to .600 lift. Dual spring option also includes chrome moly retainers and machined valve locks.) Dart has introduced the next generation Iron Eagle small block Chevy cylinder head - The Platinum Series. Speed Flow Technology has produced more efficient port designs with improved velocity and airflow. Combustion chambers have been redesigned for improved breathing and controllable combustion efficiency and fit most standard pistons. Multi-angle seats and radiused exhaust seats dramatically increase flow. Hardened exhaust seats are compatible with unleaded fuel. Manganese bronze intake valve guides and phosphorous bronze exhaust valve guides. Accepts most stock bolt on components.', '', '19');
insert into products_description (products_id, language_id, products_name, products_description, products_url, products_viewed) values ('499', '1', 'SBC - Dart Iron Eagle Platinum Heads - 49cc - 2.02/1.60 - 200cc', 'MUST USE FLAT TOP OR DISH PISTONS. 49cc HEADS COME IN ANGLE PLUG ONLY. Pair of assembled Dart Iron Eagle Platinum cylinder heads for carbureted small block Chevy engines (ALLOW 2-3 DAYS FOR OUR SHOP TO CUSTOM ASSEMBLE A PAIR OF HEADS FOR YOU). 377 and 400 applications for street would require steamholes to be drilled. These heads are assembled in our machine shop. Seat concentricity and valve guide clearance is checked and valve springs are installed at the correct installed height. Heads are assembled with premium stainless swirl polished 2.02 intake valves and 1.60 exhaust valves with undercut stems for increased flow. Hardened steel retainers, hardened locks and high temperature positive Viton seals. Screw in rocker arm studs (3/8\") and guideplates are also included. Assembled with Z-28 single valve springs w/damper with 110# of seat pressure and will handle up to  .550 lift. (Dual springs w/damper option is available for an additional $80.00. Dual springs are 1.44 O.D. with 135# of seat pressure and will handle up to .600 lift. Dual spring option also includes chrome moly retainers and machined valve locks.) Dart has introduced the next generation Iron Eagle small block Chevy cylinder head - The Platinum Series. Speed Flow Technology has produced more efficient port designs with improved velocity and airflow. Combustion chambers have been redesigned for improved breathing and controllable combustion efficiency and fit most standard pistons. Multi-angle seats and radiused exhaust seats dramatically increase flow. Hardened exhaust seats are compatible with unleaded fuel. Manganese bronze intake valve guides and phosphorous bronze exhaust valve guides. Accepts most stock bolt on components.', '', '25');
insert into products_description (products_id, language_id, products_name, products_description, products_url, products_viewed) values ('500', '1', 'SBC - Dart Iron Eagle Platinum Heads - 49cc - 2.05/1.60 - 215cc', 'MUST USE FLAT TOP PISTONS. 49cc HEADS COME IN ANGLE PLUG ONLY. Pair of assembled Dart Iron Eagle Platinum cylinder heads for carbureted small block Chevy engines (ALLOW 2-3 DAYS FOR OUR SHOP TO CUSTOM ASSEMBLE A PAIR OF HEADS FOR YOU). 377 and 400 applications for street would require steamholes to be drilled. These heads are assembled in our machine shop. Seat concentricity and valve guide clearance is checked and valve springs are installed at the correct installed height. Heads are assembled with premium stainless swirl polished 2.02 intake valves and 1.60 exhaust valves with undercut stems for increased flow. Hardened steel retainers, hardened locks and high temperature positive Viton seals. Screw in rocker arm studs (3/8\") and guideplates are also included. Assembled with Z-28 single valve springs w/damper with 110# of seat pressure and will handle up to  .550 lift. (Dual springs w/damper option is available for an additional $80.00. Dual springs are 1.44 O.D. with 135# of seat pressure and will handle up to .600 lift. Dual spring option also includes chrome moly retainers and machined valve locks.) Dart has introduced the next generation Iron Eagle small block Chevy cylinder head - The Platinum Series. Speed Flow Technology has produced more efficient port designs with improved velocity and airflow. Combustion chambers have been redesigned for improved breathing and controllable combustion efficiency and fit most standard pistons. Multi-angle seats and radiused exhaust seats dramatically increase flow. Hardened exhaust seats are compatible with unleaded fuel. Manganese bronze intake valve guides and phosphorous bronze exhaust valve guides. Accepts most stock bolt on components.', '', '30');
insert into products_description (products_id, language_id, products_name, products_description, products_url, products_viewed) values ('501', '1', 'Ultra Shield Youth 2-Piece Single Layer Driving / Racing Suit', 'Youth single layer 2 piece Ultrashield driving suit. Includes jacket and pants. SFI spec 3.2A/1. Made from the highest quality 100% flame retardent materials available with Nomex cuffs and Nomex lined brass zippers. Shoulder epaulettes. Color matching cuffs. Sporty stripes and trim detail. Available in Black, Red or Blue. Sizes available are Small (8-10), Medium (12-14), Large (16 - 18).', '', '20');
insert into products_description (products_id, language_id, products_name, products_description, products_url, products_viewed) values ('502', '1', 'Pistons - 350 - SRP - L.W. - Flat Top - 5.7\" Rod', 'Set of 8 SRP lightweight Forged Flat top pistons. For use with 5.7\" rods. Ideal for oval track to street/strip applications. Forged from 4032 low expansion high silicon aluminum alloy heat treated to SRP specifications. Forced pin oiler for increased wrist pin lubrication. Pin fitting and double spiro locks included. 927-2750 - 150 wall wrist pins included. (130 grams). CNC machined ring grooves accept 1/16\", 1/16\", 3/16\" rings. Compression with 64cc heads is approx. 10.3 to1, with 70cc heads is approx. 9.6 to 1. Piston weight in .030 is approx. 497 grams.', '', '16');
insert into products_description (products_id, language_id, products_name, products_description, products_url, products_viewed) values ('503', '1', 'G-Force Pro Force 1 Helmet', 'G-Force Pro Force 1 helmet #4408. Size Small 6-7/8-7, Medium 7-1/8-7-1/4, Large -7 3/8 -7 1/2, X-Large 7-5/8-7-3/4, XX-large7-7/8-8.  SA 2000 certifiied. Lightweight composite shell, Fire-retardant interior, speedfit shield, G-Flow ventilation, White only. A Z38 composite shell keeps this helmet light on your shoulders. Keep cool with the integral G - Flow ventilation system that brings in cool air and vents the hot air out of the top and back of the helmet. A Cool Tec liner helps keep you comfortable. The new Speed Fit shield system allows you to change out the optically correct scratch-resistant face shield in seconds without the need for any tools. Helmet includes factory mounting points for the G-FORCE racing gear SRS-1 helmet restraint system.', '', '11');
insert into products_description (products_id, language_id, products_name, products_description, products_url, products_viewed) values ('504', '1', 'Pistons - 350 - SRP - L.W. - Flat Top - 6.0\" Rod', 'Set of 8 SRP lightweight Forged Flat top pistons. For use with 6.0\" rods. Ideal for oval track to street/strip applications. Forged from 4032 low expansion high silicon aluminum alloy heat treated to SRP specifications. Forced pin oiler for increased wrist pin lubrication. Pin fitting and double spiro locks included. 927-2750 - 150 wall wrist pins included. (130 grams). CNC machined ring grooves accept 1/16\", 1/16\", 3/16\" rings. Compression with 64cc heads is approx. 10.3 to1, with 70cc heads is approx. 9.6 to 1. Piston weight in .030 is approx. 442 grams.', '', '4');
insert into products_description (products_id, language_id, products_name, products_description, products_url, products_viewed) values ('505', '1', 'Pistons - 377 - SRP - L.W. - Flat Top - 5.7\" Rod', 'Set of 8 SRP lightweight Forged Flat top pistons. For use with 5.7\" rods. Ideal for oval track to street/strip applications. Forged from 4032 low expansion high silicon aluminum alloy heat treated to SRP specifications. Forced pin oiler for increased wrist pin lubrication. Pin fitting and double spiro locks included. 927-2750 - 150 wall wrist pins included. (130 grams). CNC machined ring grooves accept 1/16\", 1/16\", 3/16\" rings. Compression with 64cc heads is approx. 10.8 to1, with 70cc heads is approx. 10.0 to 1. Piston weight in .030 is approx. 515 grams.', '', '3');
insert into products_description (products_id, language_id, products_name, products_description, products_url, products_viewed) values ('506', '1', 'Pistons - 377 - SRP - L.W. - Flat Top - 6.0\" Rod', 'Set of 8 SRP lightweight Forged Flat top pistons. For use with 6.0\" rods. Ideal for oval track to street/strip applications. Forged from 4032 low expansion high silicon aluminum alloy heat treated to SRP specifications. Forced pin oiler for increased wrist pin lubrication. Pin fitting and double spiro locks included. 927-2750 - 150 wall wrist pins included. (130 grams). CNC machined ring grooves accept 1/16\", 1/16\", 3/16\" rings. Compression with 64cc heads is approx. 10.8 to1, with 70cc heads is approx. 10.0 to 1. Piston weight in .030 is approx. 469 grams.', '', '6');
insert into products_description (products_id, language_id, products_name, products_description, products_url, products_viewed) values ('507', '1', 'Pistons - 383 - SRP - L.W. - Flat Top - 5.7\" Rod', 'Set of 8 SRP lightweight Forged Flat top pistons. For use with 5.7\" rods. Ideal for oval track to street/strip applications. Forged from 4032 low expansion high silicon aluminum alloy heat treated to SRP specifications. Forced pin oiler for increased wrist pin lubrication. Pin fitting and double spiro locks included. 927-2750 - 150 wall wrist pins included. (130 grams). CNC machined ring grooves accept 1/16\", 1/16\", 3/16\" rings. Compression with 64cc heads is approx. 11.0 to1, with 70cc heads is approx. 10.3 to 1. Piston weight in .030 is approx. 472 grams.', '', '13');
insert into products_description (products_id, language_id, products_name, products_description, products_url, products_viewed) values ('508', '1', 'Pistons - 383 - SRP - L.W. - Flat Top - 6.0\" Rod', 'Set of 8 SRP lightweight Forged Flat top pistons. For use with 6.0\" rods. Ideal for oval track to street/strip applications. Forged from 4032 low expansion high silicon aluminum alloy heat treated to SRP specifications. Forced pin oiler for increased wrist pin lubrication. Pin fitting and double spiro locks included. 927-2750 - 150 wall wrist pins included. (130 grams). CNC machined ring grooves accept 1/16\", 1/16\", 3/16\" rings. Compression with 64cc heads is approx. 11.0 to1, with 70cc heads is approx. 10.3 to 1. Piston weight in .030 is approx. 419 grams.', '', '12');
insert into products_description (products_id, language_id, products_name, products_description, products_url, products_viewed) values ('509', '1', 'Pistons - 400 - SRP - L.W. - Flat Top - 5.7\" Rod', 'Set of 8 SRP lightweight Forged Flat top pistons. For use with 5.7\" rods. Ideal for oval track to street/strip applications. Forged from 4032 low expansion high silicon aluminum alloy heat treated to SRP specifications. Forced pin oiler for increased wrist pin lubrication. Pin fitting and double spiro locks included. 927-2750 - 150 wall wrist pins included. (130 grams). CNC machined ring grooves accept 1/16\", 1/16\", 3/16\" rings. Compression with 64cc heads is approx. 111.6 to1, with 70cc heads is approx. 10.8 to 1. Piston weight in .030 is approx. 501 grams.', '', '3');
insert into products_description (products_id, language_id, products_name, products_description, products_url, products_viewed) values ('510', '1', 'Pistons - 400 - SRP - L.W. - Flat Top - 6.0\" Rod', 'Set of 8 SRP lightweight Forged Flat top pistons. For use with 6.0\" rods. Ideal for oval track to street/strip applications. Forged from 4032 low expansion high silicon aluminum alloy heat treated to SRP specifications. Forced pin oiler for increased wrist pin lubrication. Pin fitting and double spiro locks included. 927-2750 - 150 wall wrist pins included. (130 grams). CNC machined ring grooves accept 1/16\", 1/16\", 3/16\" rings. Compression with 64cc heads is approx. 11.6 to1, with 70cc heads is approx. 10.8 to 1. Piston weight in .030 is approx. 440 grams.', '', '7');
insert into products_description (products_id, language_id, products_name, products_description, products_url, products_viewed) values ('511', '1', 'Ultra Shield Adult 1 - Piece Double Layer Driving / Racing Suit', 'Ultrashield double layer SFI 3.2A/5 driving suit. TPP rating of 23. One piece design for safety has 360 expandable NOMEX knit shoulder gussets for unrestricted movement and more airflow. The stretch panel added to the lower back allows for more freedom of movement and comfort. Shoulder epaulettes are double stitched for added strength. Straight leg cuff with NOMEX knit foot stirrups. Side seam pockets and color matching stitching. Your choice of Black, Red or Blue. Size (Small - 36\" - 39\" Chest, 28\" - 32\" waist) ( Medium - 39\" - 42\" Chest, 32\" - 36\" Waist) (Large - 42\" - 45\" Chest, 36\" - 40\" Waist) (X-Large - 45\" - 48\" Chest, 40\" - 44\" Waist) (XX-Large - 48\" - 50\" Chest, 44\" - 47\" Waist) (XXX-Large - 50\" - 52\" Chest, 47\" - 50\" Waist) Sizes small, medium, XX large and XXX large are currently not in stock but can be drop shipped from the manufacturer. ( XXL suit costs an addional $15.00, XXXL suit costs an additional $20.00)', '', '42');
insert into products_description (products_id, language_id, products_name, products_description, products_url, products_viewed) values ('512', '1', 'Ultra Shield Adult 1 - Piece Single Layer Driving / Racing Suit', 'Ultrashield 1 piece single layer driving suit. SFI spec 3.2A/1. Made from the highest quality 100% flame retardent materials available, with NOMEX cuffs and NOMEX lined brass zippers. Shoulder epaulettes. Color matching cuffs. Sporty stripes and trim detail. Your choice of Black, Blue or Red. Suit sizes available are (Small - 36\" - 39\" chest, 28\" - 32\" waist) (Medium - 39\" - 42\" chest, 32\" - 36\" waist) (Large - 42\" - 45\" chest, 36\" - 40\" waist ) ( X-Large - 45\" - 48\" chest, 40\" - 44\" waist ) (XX-Large - 48\" - 50\" chest, 44\" - 47\" waist) (XXX-Large - 50\" - 52\" chest, 47\" - 50\" waist). (XXL and XXXL suit sizes cost an additional $10.00)', '', '28');
insert into products_description (products_id, language_id, products_name, products_description, products_url, products_viewed) values ('513', '1', 'Ultra Shield Youth 1 - Piece Single Layer Driving /  Racing Suit', 'Youth single layer 1 piece Ultrashield driving suit. SFI spec 3.2A/1. Made from the highest quality 100% flame retardent materials available with Nomex cuffs and Nomex lined brass zippers. Shoulder epaulettes. Color matching cuffs. Sporty stripes and trim detail. Available in Black, Red or Blue. Sizes available are Small (8-10), Medium (12-14), Large (16 - 18).', '', '12');
insert into products_description (products_id, language_id, products_name, products_description, products_url, products_viewed) values ('514', '1', 'Ultra Shield Youth Single Layer Driving Gloves', 'Pair of Ultrashield youth single layer driving gloves, SFI spec 3.3/1. Padded leather palm and knuckle area with Velcro closure on arm.  Your choice of black, blue, or red.', '', '9');
insert into products_description (products_id, language_id, products_name, products_description, products_url, products_viewed) values ('515', '1', 'Ultra Shield Youth 360 Neck Collar', 'Ultrashield 360 degree youth neck collar. SFI spec 3.3. Your choice of black, red or blue.', '', '8');
insert into products_description (products_id, language_id, products_name, products_description, products_url, products_viewed) values ('516', '1', 'Aluminum SB Chevy Water Pump - Short', 'High flow water pump features heavy duty bearing and hub. High strength castings. 5/8\" shaft. More efficient impeller. Not drilled or tapped for cam stop. (Short style pump measures 5 7/8\" from leg of pump to face of fan hub.)', '', '6');
insert into products_description (products_id, language_id, products_name, products_description, products_url, products_viewed) values ('517', '1', 'Moroso Aluminum SB Chevy Water Pump - Short', 'Moroso SB Chevy short style aluminum water pump. Low drag impeller helps reduce horsepower loss and yet still maintain an adequate flow. 5/8\" shaft. (Short style pump measures 5 7/8\" from leg of pump to face of fan hub.)', '', '5');
insert into products_description (products_id, language_id, products_name, products_description, products_url, products_viewed) values ('518', '1', 'Pistons - 400 Dish Top - Coated Skirts-Balanced Set', 'Set of 8 Speed Pro #H615CP hypereutectic pistons. Piston set is fully balanced in our machine shop to within 1 gram. Teflon coated skirts. Dish top pistons with .135 dish and 4 valve reliefs. 5/64\", 5/64\", 3/16\" ring grooves. For use with 5.7\" length rods. Compression with 64cc heads is approx. 10.1 to 1, with 76cc heads is approx. 9.1 to 1. Includes snap rings, pistons can be pressed or full floated. Gram weights between sets vary but are approx. 579 grams piston weight.', '', '4');
insert into products_description (products_id, language_id, products_name, products_description, products_url, products_viewed) values ('519', '1', 'Pistons - 400 Flat Top - Coated Skirts-Balanced Set', 'Set of 8 Speed Pro #H616CP hypereutectic pistons. Piston set is fully balanced in our machine shop to within 1 gram. Teflon coated skirts. Flat top pistons with 4 valve reliefs. 5/64\", 5/64\", 3/16\" ring grooves. For use with 5.7\" length rods. Compression with 64cc heads is approx. 10.8 to 1, with 76cc heads is approx. 9.6 to 1. Includes snap rings, pistons can be pressed or full floated. Gram weights between sets vary but are approx. 593 grams piston weight.', '', '3');
insert into products_description (products_id, language_id, products_name, products_description, products_url, products_viewed) values ('520', '1', 'Pistons - 400 - .100 Dome-Coated Skirts-Balanced Set', 'Set of 8 Speed Pro # H623CP pistons. Piston set is balanced in our machine shop to within 1 gram. Teflon coated skirts. Pistons have .100 dome. 5/64\", 5/64\", 3/16\" ring grooves. For use with 5.7\" length rods. Compression with 64cc heads is approx. 12.1 to 1, with 76cc heads is approx. 10.5 to 1. Includes snap rings, pistons can be pressed or full floated. Gram weights between sets vary but are approx. 569 grams piston weight.', '', '7');
insert into products_description (products_id, language_id, products_name, products_description, products_url, products_viewed) values ('521', '1', 'Pistons - 350 - .125 Dome-Coated Skirts-Balanced Set', 'Set of 8 Speed Pro # H618CP pistons. Piston set is balanced in our machine shop to within 1 gram. Teflon coated skirts. Pistons have .125 dome. 5/64\", 5/64\", 3/16\" ring grooves. For use with 5.7\" length rods. Compression with 64cc heads is approx. 10.7 to 1, with 76cc heads is approx. 9.4 to 1. Includes snap rings, pistons can be pressed or full floated. Gram weights between sets vary but are approx. 596 grams piston weight.', '', '7');
insert into products_description (products_id, language_id, products_name, products_description, products_url, products_viewed) values ('522', '1', 'Pistons - 350 - .275 Dome-Coated Skirts-Balanced Set', 'Set of 8 Speed Pro # H617CP pistons. Piston set is balanced in our machine shop to within 1 gram. Teflon coated skirts. Pistons have .275 dome. 5/64\", 5/64\", 3/16\" ring grooves. For use with 5.7\" length rods. Compression with 64cc heads is approx. 11.9 to 1, with 76cc heads is approx. 10.3 to 1. Includes snap rings, pistons can be pressed or full floated. Gram weights between sets vary but are approx. 616 grams piston weight.', '', '3');
insert into products_description (products_id, language_id, products_name, products_description, products_url, products_viewed) values ('523', '1', 'Pistons - 350 - .220 Dome Forged Pistons - Coated Skirts - Balan', 'Set of 8 Speed Pro # L2252AF Forged pistons. CNC machined. Teflon coated skirts. Piston set is fully balanced in our machine shop to within 1 gram. Pistons have .220 dome. 1/16\", 1/16\", 1/8\" ring grooves. For use with 5.7\" rods. Compression with 64cc heads is approx. 11.9 to 1, with 76cc heads is approx. 10.2 to 1. Pistons are for press fit or full floating rods and include snap rings. Gram weights between sets vary but are approx. 599 grams piston weight.', '', '1');
insert into products_description (products_id, language_id, products_name, products_description, products_url, products_viewed) values ('524', '1', 'Pistons - 383 - 6IN Rod - Coated Skirts - Balanced Set', 'Set of 8 Speed Pro #H124CL lightweight CNC machined 383 Chevy hypereutectic flat top pistons with 2 valve reliefs. DurOShield coated skirts. Piston set is fully balanced in our machine shop to within 1 gram. For use with 6.0\" rods. 1/16\", 1/16\", 3/16\" ring grooves. Compression with 64cc heads is approx. 10.5 to 1, with 76cc heads is approx. 9.3 to 1. Includes snap rings, pistons can be pressed or full floated. Gram weights between sets vary but are approx. 560 grams piston weight and 126 grams pin weight.', '', '4');
insert into products_description (products_id, language_id, products_name, products_description, products_url, products_viewed) values ('525', '1', 'Impact - Mini Champ Youth Helmet', 'Impact Racing Mini Champ Youth helmet. Made in the USA. Finding and fitting a helmet for your constantly growing 5 to 10 year old racer just got simpler. The Mini Champ youth helmet with Quick-Fit Inserts is designed to grow with your young racer all the way to adult size. The Quick-Fit memory foam sizing pads (included) makes fitting and refitting the Mini Champ fast and easy. A single Mini Champ helmet fits youth sizes small, medium and large. You can even custom shape the inserts for hard to fit or in between sizes. The Mini Champ youth helmets are SFI 24.1 approved (youth helmet standard) for QMA/WKA/NHRA/IKF use. Available in silver only.', '', '4');
insert into products_description (products_id, language_id, products_name, products_description, products_url, products_viewed) values ('526', '1', 'Impact - Charger Helmet - Silver', 'Impact Racing Charger helmet. (Charger is also available in black.) Made in the USA. Snell SA2005 rated. The Charger features a oversized wrap around eyeport for wide angle panoramic vision. Impact\'s computer generated shell and liner are matched to offer a secure, comfortable and consistent fit. Something you will appreciate every time you put the helmet on. Available in   sizes Small - 6 7/8\"-7\", Medium - 7 1/8\"-7 1/4\", Large - 7 3/8\"-7 1/2\", X-Large - 7 5/8\"-7 3/4\".', '', '1');
insert into products_description (products_id, language_id, products_name, products_description, products_url, products_viewed) values ('527', '1', 'Impact - Charger Helmet - Black', 'Impact Racing Charger helmet. (Charger is also available in silver.) Made in the USA. Snell SA2005 rated. The Charger features a oversized wrap around eyeport for wide angle panoramic vision. Impact\'s computer generated shell and liner are matched to offer a secure, comfortable and consistent fit. Something you will appreciate every time you put the helmet on. Available in sizes Small - 6 7/8\"-7\", Medium - 7 1/8\"-7 1/4\", Large - 7 3/8\"-7 1/2\", X-Large - 7 5/8\"-7 3/4\".', '', '4');
insert into products_description (products_id, language_id, products_name, products_description, products_url, products_viewed) values ('528', '1', 'Impact - Champ Helmet - Black', 'Impact Racing Champ helmet. (Champ helmet is also available in silver.) Made in the USA. Snell SA2005 rated. The Champ features a radical chinbar design that extends coverage over the mouth and nose and acts as a breath deflector. The expanded eyeport is designed to work in every racing cockpit. Available in sizes Small - 6 7/8\"-7\", Medium - 7 1/8\"-7 1/4\", Large - 7 3/8\"-7 1/2\", X-Large - 7 5/8\"-7 3/4\".', '', '4');
insert into products_description (products_id, language_id, products_name, products_description, products_url, products_viewed) values ('529', '1', 'Impact - Champ Helmet - Silver', 'Impact Racing Champ helmet. (Champ helmet is also available in Black.) Made in the USA. Snell SA2005 rated. The Champ features a radical chinbar design that extends coverage over the mouth and nose and acts as a breath deflector. The expanded eyeport is designed to work in every racing cockpit. Available in sizes Small - 6 7/8\"-7\", Medium - 7 1/8\"-7 1/4\", Large - 7 3/8\"-7 1/2\", X-Large - 7 5/8\"-7 3/4\".', '', '4');
insert into products_description (products_id, language_id, products_name, products_description, products_url, products_viewed) values ('530', '1', 'Impact - Super Sport Helmet - Black', 'Impact Racing Super Sport helmet. (Super Sport also available in silver.) Made in the USA. Snell SA2005 rated. From the wide eyeport design to the perfect fit and feel the Super Sport is at home in any race car cockpit. Available in sizes Small - 6 7/8\"-7\", Medium - 7 1/8\"-7 1/4\", Large - 7 3/8\"-7 1/2\", X-Large - 7 5/8\"-7 3/4\".', '', '8');
insert into products_description (products_id, language_id, products_name, products_description, products_url, products_viewed) values ('531', '1', 'Impact - Super Sport Helmet - Silver', 'Impact Racing Super Sport helmet. (Super Sport also available in black.) Made in the USA. Snell SA2005 rated. From the wide eyeport design to the perfect fit and feel the Super Sport is at home in any race car cockpit. Available in sizes Small - 6 7/8\"-7\", Medium - 7 1/8\"-7 1/4\", Large - 7 3/8\"-7 1/2\", X-Large - 7 5/8\"-7 3/4\".', '', '8');
insert into products_description (products_id, language_id, products_name, products_description, products_url, products_viewed) values ('532', '1', 'Impact - Helmet Bag', 'Extra-large size for helmet and accesories. Soft abrasion resistant lining. 2/3 radius zipper for easy access. Durable and tough nylon shell. Dual webbed handles with leather strap keeper. Black with yellow contrast stitching.', '', '1');
insert into products_description (products_id, language_id, products_name, products_description, products_url, products_viewed) values ('533', '1', 'Impact - Gear Bag', '27\" long x 12\" wide x 11\" deep. 3-compartment design for helmet, suit, gloves, shoes and accessories. One large center compartment with top loading full access 3/4 zipper. Two side compartments with 3/4 wrap around zippers for easy access.', '', '1');
insert into products_description (products_id, language_id, products_name, products_description, products_url, products_viewed) values ('534', '1', 'Impact - Seat Belt Kit - V-Harness  Q-Release Latch', 'Impact seat belt kit. V-Style shoulder harness. Quick release latch. Velcros to lap belt to prevent accidental release.', '', '5');
insert into products_description (products_id, language_id, products_name, products_description, products_url, products_viewed) values ('535', '1', 'Impact - Seat Belt Kit - Individual Shoulder Harness', 'Impact seat belt kit with individual shoulder harnrss.', '', '5');
insert into products_description (products_id, language_id, products_name, products_description, products_url, products_viewed) values ('536', '1', 'Impact - High Top Driving Shoes', 'Super padded tonque and ankle collar for comfort and support. Plush knit fire-resistant interior with complete footbed anatomical support. Impact\'s sole design gives positive pedal control and feel with grooved bypass channels that allow air to pass under sole. Dual lacing system provides precision fit for narrow or wide feet. All Impact racing shoes are SFI approved. SFI labels are not included. FITTING NOTE: Driving shoes come in men sizes. Women should subtract 2 sizes to their shoe size for the proper fit.', '', '7');
insert into products_description (products_id, language_id, products_name, products_description, products_url, products_viewed) values ('537', '1', 'Impact - G2 Evolution Racing Gloves', 'Constructed of super soft, hand-hugging suede with a knit fire-resistant shell. Reversed outside seams on the palm side for a seamless fit and feel. Padded wrap-around palm patch and knuckle guard for extra comfort and abrasion resistance. Adjustable quick-fit closure. Available in Black, Red or Blue in sizes Small, Medium, Large or X-Large. ( Glove sizing - Measure around the largest part of your hand, over your knuckles while making a fist, excluding thumb. Glove size - Small - 7\"-8 1/2\", Medium - 8\"-9 1/2\", Large - 9\"-10 1/2\", X-Large -  10\"-11 1/2\" )', '', '3');
insert into products_description (products_id, language_id, products_name, products_description, products_url, products_viewed) values ('538', '1', 'Impact - G1 Open Wheel Racing Gloves', 'Constructed of super soft, hand-hugging suede with a knit fire-resistant shell. Standard feel-less seams on both palm and back. Padded wrap-around palm patch and knuckle guard for extra comfort and abrasion resistance. Adjustable quick-fit closure. Available in Black, Red or Blue in sizes Small, Medium, Large or X-Large. ( Glove sizing - Measure around the largest part of your hand, over your knuckles while making a fist, excluding thumb. Glove size - Small - 7\"-8 1/2\", Medium - 8\"-9 1/2\", Large - 9\"-10 1/2\", X-Large -  10\"-11 1/2\" )', '', '7');
insert into products_description (products_id, language_id, products_name, products_description, products_url, products_viewed) values ('539', '1', 'Fast - Lightweight Racer Series', 'This compact system is the lightest blower system in its class. This little blower is rated at 100cfm and weighs less than 2 lbs. Complete with a blower, mounting bracket, hose and washable filter.', '', '3');
insert into products_description (products_id, language_id, products_name, products_description, products_url, products_viewed) values ('540', '1', 'Fast - Racer Series', 'This complete system was designed using a 12v squirrel cage blower. This blower kit is very durable . Complete with a 105 cfm blower, mounting bracket, hose and washable filter.', '', '2');
insert into products_description (products_id, language_id, products_name, products_description, products_url, products_viewed) values ('541', '1', 'Fast - Pro Series', 'This complete Pro system is the finest blower system on the market today. With an all aluminum filter housing and stainless steel housing bolts this system is the most durable you will find. Complete with a 105cfm blower, mounting bracket, hose and paper filter.', '', '2');
insert into products_description (products_id, language_id, products_name, products_description, products_url, products_viewed) values ('542', '1', 'Fast - Sidekick', 'This plug-on blower comes with a powerful 50cfm motor, 3M filtrate sock filter and a vibration free molded housing. Very popular among drivers from circle tracks to drag strips to sprint cars. Can be wired right into your 12v wiring system. ( A convenient 7.2v ni-cad battery system version is also available for $199.99 )', '', '3');
insert into products_description (products_id, language_id, products_name, products_description, products_url, products_viewed) values ('543', '1', 'Pro-Street Stock Shock-Adjustable-GM Front', 'Pro SS100A shock. Fits front of GM full-size and mid-size. Compressed length is 8.5\", extended length is 13.1\". This shock will allow you to make three quick and painless adjustments. Simply compress shock together and click to preferred setting. ( 1 end of shock must be detached from mount to adjust shock ) Adjustment #1 - easy up for weight transfer. Adjustment #2 - 50/50 valving like a standard SS shock. Adjustment #3 - tiedown for slow weight transfer for pavement or heavy tracks.', '', '2');
insert into products_description (products_id, language_id, products_name, products_description, products_url, products_viewed) values ('544', '1', 'Pro-Street Stock Shock-Adjustable-GM Rear', 'Pro SS201A shock. Fits rear of GM full-size and mid-size Chevelle, Monte, Regal, Cutlass, etc. Compressed length is 12.75\", extended length is 20.95\". This shock will allow you to make three quick and painless adjustments. Simply compress shock together and click to preferred setting. ( 1 end of shock must be detached from mount to adjust shock ) Adjustment #1 - easy up for weight transfer. Adjustment #2 - 50/50 valving like a standard SS shock. Adjustment #3 - tiedown for slow weight transfer for pavement or heavy tracks.', '', '4');
insert into products_description (products_id, language_id, products_name, products_description, products_url, products_viewed) values ('545', '1', 'Rebco 2 Gauge Panel - FLAME', 'Rebco FLAME gauge panel with oil pressure and water temperature gauges. Rebco gauge panels feature Accutech Sportsman 2 5/8\" gauges with backlights. They are pre-wired for easy installation and unmatched reliability. They also come with sending units and warning lights to alert the driver of any problems under the hood.', '', '8');
insert into products_description (products_id, language_id, products_name, products_description, products_url, products_viewed) values ('546', '1', 'Rebco 3 Gauge Panel - FLAME', 'Rebco FLAME gauge panel with oil pressure, water temperature and fuel pressure gauges. Rebco gauge panels feature Accutech Sportsman 2 5/8\" gauges with backlights. They are pre-wired for easy installation and unmatched reliability. They also come with sending units and warning lights to alert the driver of any problems under the hood.', '', '6');
insert into products_description (products_id, language_id, products_name, products_description, products_url, products_viewed) values ('547', '1', 'US Brake - GM Metric Caliper', 'Stock metric GM caliper. Legal replacement for stock classes. Remanufactured casting. Stock appearing, 6.825 lbs. Assembled with new piston and internal parts. Quality control checked and pressure tested. Available for right or left side.', '', '2');
insert into products_description (products_id, language_id, products_name, products_description, products_url, products_viewed) values ('548', '1', 'US Brake - GM Metric Caliper - Oversize', 'Fits all stock metric GM applications. Oversize 2 3/4\" piston provides approx. 20% more caliper clamping force for increased brake bias. Increases range of brake bias adjustment for better brake performance. Allows for more brake system tuneability. Stock appearing. 6.620 lbs. Assembled with new piston and internal parts. Quality control checked and pressure tested.', '', '2');
insert into products_description (products_id, language_id, products_name, products_description, products_url, products_viewed) values ('549', '1', 'Afco Solid Panhard Bar', 'Made to fit over driveshaft. 20 1/2\" long. 3 1/2\" drop.', '', '2');
insert into products_description (products_id, language_id, products_name, products_description, products_url, products_viewed) values ('550', '1', 'Afco Solid Panhard Bar - Kit', 'Uses long bar for special length applications. Cut to length and install bushing. 3 1/2\" Drop.', '', '2');
insert into products_description (products_id, language_id, products_name, products_description, products_url, products_viewed) values ('552', '1', 'Rebuilt Chevy 350 Heads H.D. 1.72/1.50', 'Pair of casting # 458642 heads with 1.72 / 1.50 valves. 76cc combustion chamber. This style head is usually from a 3/4 ton truck application. They are well suited for low RPM torque applications with the smaller 1.72 intake valve size. The exhaust valves in these heads have a larger 3/8\" diameter valve stem for improved exhaust valve cooling in heavy duty use. These heads will work on the street with unleaded fuel and have bolt holes on the ends for all accesories.These heads are for carbureted engines. Heads are oven baked and shot blasted. Magnafluxed to check for cracks. New cast iron valve guides are installed. Three angle valve job is done on valve seats. Valves are checked for wear and refaced. Heads are given a light surface to ensure flatness. Heads are assembled with new umbrella valve stem seals and new stock valve springs and hardened valve locks.These heads have 3/8\" press in studs. All machine work is done in our own shop on quality equipment.', '', '21');
drop table if exists products_notifications;
create table products_notifications (
  products_id int(11) default '0' not null ,
  customers_id int(11) default '0' not null ,
  date_added datetime default '0000-00-00 00:00:00' not null ,
  PRIMARY KEY (products_id, customers_id)
);

insert into products_notifications (products_id, customers_id, date_added) values ('0', '4', '2005-03-02 13:27:06');
insert into products_notifications (products_id, customers_id, date_added) values ('73', '4', '2005-03-02 13:27:25');
insert into products_notifications (products_id, customers_id, date_added) values ('240', '5', '2005-03-02 20:02:33');
insert into products_notifications (products_id, customers_id, date_added) values ('0', '5', '2005-03-05 19:17:23');
insert into products_notifications (products_id, customers_id, date_added) values ('0', '6', '2005-03-16 16:57:25');
insert into products_notifications (products_id, customers_id, date_added) values ('0', '10', '2005-03-26 07:11:23');
insert into products_notifications (products_id, customers_id, date_added) values ('0', '13', '2005-04-04 18:18:40');
insert into products_notifications (products_id, customers_id, date_added) values ('0', '14', '2005-04-07 23:38:20');
insert into products_notifications (products_id, customers_id, date_added) values ('0', '16', '2005-04-13 10:43:49');
insert into products_notifications (products_id, customers_id, date_added) values ('0', '17', '2005-04-13 15:07:11');
insert into products_notifications (products_id, customers_id, date_added) values ('41', '20', '2005-04-28 07:48:38');
insert into products_notifications (products_id, customers_id, date_added) values ('320', '20', '2005-04-28 07:48:38');
insert into products_notifications (products_id, customers_id, date_added) values ('151', '20', '2005-04-28 07:48:38');
insert into products_notifications (products_id, customers_id, date_added) values ('320', '21', '2005-05-02 09:34:03');
insert into products_notifications (products_id, customers_id, date_added) values ('0', '24', '2005-05-18 15:28:08');
insert into products_notifications (products_id, customers_id, date_added) values ('320', '27', '2005-05-26 17:36:56');
insert into products_notifications (products_id, customers_id, date_added) values ('279', '28', '2005-05-27 17:23:13');
insert into products_notifications (products_id, customers_id, date_added) values ('285', '28', '2005-05-27 17:23:13');
insert into products_notifications (products_id, customers_id, date_added) values ('0', '29', '2005-05-30 12:51:27');
insert into products_notifications (products_id, customers_id, date_added) values ('0', '30', '2005-05-31 11:48:31');
insert into products_notifications (products_id, customers_id, date_added) values ('0', '31', '2005-05-31 14:43:33');
insert into products_notifications (products_id, customers_id, date_added) values ('0', '33', '2005-06-03 11:53:54');
insert into products_notifications (products_id, customers_id, date_added) values ('237', '34', '2005-06-06 15:17:17');
insert into products_notifications (products_id, customers_id, date_added) values ('0', '35', '2005-07-12 14:23:17');
insert into products_notifications (products_id, customers_id, date_added) values ('222', '36', '2005-07-30 15:20:55');
insert into products_notifications (products_id, customers_id, date_added) values ('0', '37', '2005-08-01 15:59:20');
insert into products_notifications (products_id, customers_id, date_added) values ('0', '38', '2005-08-02 07:54:50');
insert into products_notifications (products_id, customers_id, date_added) values ('0', '40', '2005-08-07 02:53:43');
insert into products_notifications (products_id, customers_id, date_added) values ('36', '44', '2005-09-26 13:46:27');
insert into products_notifications (products_id, customers_id, date_added) values ('240', '44', '2005-09-26 13:46:27');
insert into products_notifications (products_id, customers_id, date_added) values ('7', '44', '2005-09-26 13:46:27');
insert into products_notifications (products_id, customers_id, date_added) values ('305', '44', '2005-10-05 19:53:08');
insert into products_notifications (products_id, customers_id, date_added) values ('0', '47', '2005-10-13 05:22:02');
insert into products_notifications (products_id, customers_id, date_added) values ('0', '44', '2005-10-25 17:21:29');
insert into products_notifications (products_id, customers_id, date_added) values ('155', '50', '2005-10-31 13:52:57');
insert into products_notifications (products_id, customers_id, date_added) values ('0', '51', '2005-11-02 07:42:50');
insert into products_notifications (products_id, customers_id, date_added) values ('222', '48', '2005-11-04 18:58:39');
insert into products_notifications (products_id, customers_id, date_added) values ('0', '54', '2005-11-15 12:58:49');
insert into products_notifications (products_id, customers_id, date_added) values ('0', '58', '2005-11-30 11:52:05');
insert into products_notifications (products_id, customers_id, date_added) values ('513', '59', '2005-12-01 08:42:03');
insert into products_notifications (products_id, customers_id, date_added) values ('189', '60', '2005-12-01 16:56:43');
insert into products_notifications (products_id, customers_id, date_added) values ('512', '60', '2005-12-01 16:56:43');
insert into products_notifications (products_id, customers_id, date_added) values ('0', '61', '2005-12-02 14:10:49');
insert into products_notifications (products_id, customers_id, date_added) values ('0', '62', '2005-12-07 13:20:32');
insert into products_notifications (products_id, customers_id, date_added) values ('0', '63', '2005-12-08 16:51:56');
insert into products_notifications (products_id, customers_id, date_added) values ('0', '66', '2005-12-16 19:33:03');
insert into products_notifications (products_id, customers_id, date_added) values ('511', '68', '2005-12-21 10:22:37');
drop table if exists products_options;
create table products_options (
  products_options_id int(11) default '0' not null ,
  language_id int(11) default '1' not null ,
  products_options_name varchar(32) not null ,
  PRIMARY KEY (products_options_id, language_id)
);

insert into products_options (products_options_id, language_id, products_options_name) values ('1', '1', 'Color');
insert into products_options (products_options_id, language_id, products_options_name) values ('2', '1', 'Size');
insert into products_options (products_options_id, language_id, products_options_name) values ('7', '1', 'M.C. Bore');
insert into products_options (products_options_id, language_id, products_options_name) values ('6', '1', 'Add Lifters');
insert into products_options (products_options_id, language_id, products_options_name) values ('5', '1', 'Undersize');
insert into products_options (products_options_id, language_id, products_options_name) values ('4', '1', 'Diameter');
insert into products_options (products_options_id, language_id, products_options_name) values ('3', '1', 'Oversize');
insert into products_options (products_options_id, language_id, products_options_name) values ('8', '1', 'Pedal Style');
insert into products_options (products_options_id, language_id, products_options_name) values ('9', '1', 'Ratio');
insert into products_options (products_options_id, language_id, products_options_name) values ('10', '1', 'Shaft Size');
insert into products_options (products_options_id, language_id, products_options_name) values ('11', '1', 'Threads');
insert into products_options (products_options_id, language_id, products_options_name) values ('12', '1', 'Rate');
insert into products_options (products_options_id, language_id, products_options_name) values ('13', '1', 'Outlets');
insert into products_options (products_options_id, language_id, products_options_name) values ('14', '1', 'Width');
insert into products_options (products_options_id, language_id, products_options_name) values ('15', '1', 'Length');
insert into products_options (products_options_id, language_id, products_options_name) values ('16', '1', 'Rod Brg. Size');
insert into products_options (products_options_id, language_id, products_options_name) values ('17', '1', 'Main Brg. Size');
insert into products_options (products_options_id, language_id, products_options_name) values ('18', '1', 'Piston Size');
insert into products_options (products_options_id, language_id, products_options_name) values ('19', '1', 'Jacket Size');
insert into products_options (products_options_id, language_id, products_options_name) values ('20', '1', 'Pants Size');
insert into products_options (products_options_id, language_id, products_options_name) values ('21', '1', '');
insert into products_options (products_options_id, language_id, products_options_name) values ('22', '1', 'Mount Bracket');
insert into products_options (products_options_id, language_id, products_options_name) values ('23', '1', 'Design');
insert into products_options (products_options_id, language_id, products_options_name) values ('24', '1', 'Pressure');
insert into products_options (products_options_id, language_id, products_options_name) values ('25', '1', 'Spark Plug Angle');
insert into products_options (products_options_id, language_id, products_options_name) values ('26', '1', 'Add For Dual Springs');
insert into products_options (products_options_id, language_id, products_options_name) values ('27', '1', 'Side');
drop table if exists products_options_values;
create table products_options_values (
  products_options_values_id int(11) default '0' not null ,
  language_id int(11) default '1' not null ,
  products_options_values_name varchar(64) not null ,
  PRIMARY KEY (products_options_values_id, language_id)
);

insert into products_options_values (products_options_values_id, language_id, products_options_values_name) values ('20', '1', '8 1/2');
insert into products_options_values (products_options_values_id, language_id, products_options_values_name) values ('21', '1', '9');
insert into products_options_values (products_options_values_id, language_id, products_options_values_name) values ('22', '1', '9 1/2');
insert into products_options_values (products_options_values_id, language_id, products_options_values_name) values ('23', '1', '10');
insert into products_options_values (products_options_values_id, language_id, products_options_values_name) values ('24', '1', '10 1/2');
insert into products_options_values (products_options_values_id, language_id, products_options_values_name) values ('14', '1', '15\"');
insert into products_options_values (products_options_values_id, language_id, products_options_values_name) values ('15', '1', '17\"');
insert into products_options_values (products_options_values_id, language_id, products_options_values_name) values ('16', '1', '.010');
insert into products_options_values (products_options_values_id, language_id, products_options_values_name) values ('17', '1', '.020');
insert into products_options_values (products_options_values_id, language_id, products_options_values_name) values ('18', '1', 'Purple');
insert into products_options_values (products_options_values_id, language_id, products_options_values_name) values ('19', '1', '8');
insert into products_options_values (products_options_values_id, language_id, products_options_values_name) values ('1', '1', 'Red');
insert into products_options_values (products_options_values_id, language_id, products_options_values_name) values ('13', '1', '.060');
insert into products_options_values (products_options_values_id, language_id, products_options_values_name) values ('10', '1', 'STD.');
insert into products_options_values (products_options_values_id, language_id, products_options_values_name) values ('2', '1', 'Black');
insert into products_options_values (products_options_values_id, language_id, products_options_values_name) values ('12', '1', '.040');
insert into products_options_values (products_options_values_id, language_id, products_options_values_name) values ('9', '1', 'XXX-Large');
insert into products_options_values (products_options_values_id, language_id, products_options_values_name) values ('3', '1', 'Blue');
insert into products_options_values (products_options_values_id, language_id, products_options_values_name) values ('11', '1', '.030');
insert into products_options_values (products_options_values_id, language_id, products_options_values_name) values ('4', '1', 'Small');
insert into products_options_values (products_options_values_id, language_id, products_options_values_name) values ('5', '1', 'Medium');
insert into products_options_values (products_options_values_id, language_id, products_options_values_name) values ('6', '1', 'Large');
insert into products_options_values (products_options_values_id, language_id, products_options_values_name) values ('7', '1', 'X-Large');
insert into products_options_values (products_options_values_id, language_id, products_options_values_name) values ('8', '1', 'XX-Large');
insert into products_options_values (products_options_values_id, language_id, products_options_values_name) values ('25', '1', '11');
insert into products_options_values (products_options_values_id, language_id, products_options_values_name) values ('26', '1', '11 1/2');
insert into products_options_values (products_options_values_id, language_id, products_options_values_name) values ('27', '1', '12');
insert into products_options_values (products_options_values_id, language_id, products_options_values_name) values ('28', '1', '12 1/2');
insert into products_options_values (products_options_values_id, language_id, products_options_values_name) values ('29', '1', '13');
insert into products_options_values (products_options_values_id, language_id, products_options_values_name) values ('30', '1', 'Set of 16');
insert into products_options_values (products_options_values_id, language_id, products_options_values_name) values ('31', '1', 'No');
insert into products_options_values (products_options_values_id, language_id, products_options_values_name) values ('32', '1', '3/4\"');
insert into products_options_values (products_options_values_id, language_id, products_options_values_name) values ('33', '1', '7/8\"');
insert into products_options_values (products_options_values_id, language_id, products_options_values_name) values ('34', '1', '1\"');
insert into products_options_values (products_options_values_id, language_id, products_options_values_name) values ('35', '1', 'Floor Mount');
insert into products_options_values (products_options_values_id, language_id, products_options_values_name) values ('36', '1', 'Swing Mount');
insert into products_options_values (products_options_values_id, language_id, products_options_values_name) values ('37', '1', '1.5 to 1');
insert into products_options_values (products_options_values_id, language_id, products_options_values_name) values ('38', '1', '2 to 1');
insert into products_options_values (products_options_values_id, language_id, products_options_values_name) values ('39', '1', '7');
insert into products_options_values (products_options_values_id, language_id, products_options_values_name) values ('40', '1', '7 1/8');
insert into products_options_values (products_options_values_id, language_id, products_options_values_name) values ('41', '1', '7 1/4');
insert into products_options_values (products_options_values_id, language_id, products_options_values_name) values ('42', '1', '7 3/8');
insert into products_options_values (products_options_values_id, language_id, products_options_values_name) values ('43', '1', '7 1/2');
insert into products_options_values (products_options_values_id, language_id, products_options_values_name) values ('44', '1', '7 5/8');
insert into products_options_values (products_options_values_id, language_id, products_options_values_name) values ('45', '1', '7 3/4');
insert into products_options_values (products_options_values_id, language_id, products_options_values_name) values ('46', '1', '18\"');
insert into products_options_values (products_options_values_id, language_id, products_options_values_name) values ('47', '1', '5/8\"');
insert into products_options_values (products_options_values_id, language_id, products_options_values_name) values ('48', '1', '7/16\"');
insert into products_options_values (products_options_values_id, language_id, products_options_values_name) values ('49', '1', '1/2\"');
insert into products_options_values (products_options_values_id, language_id, products_options_values_name) values ('50', '1', '5/8\" Coarse');
insert into products_options_values (products_options_values_id, language_id, products_options_values_name) values ('51', '1', '5/8\" Fine');
insert into products_options_values (products_options_values_id, language_id, products_options_values_name) values ('52', '1', '1/4\"');
insert into products_options_values (products_options_values_id, language_id, products_options_values_name) values ('53', '1', '5/16\"');
insert into products_options_values (products_options_values_id, language_id, products_options_values_name) values ('54', '1', '3/8\"');
insert into products_options_values (products_options_values_id, language_id, products_options_values_name) values ('55', '1', 'Right Hand');
insert into products_options_values (products_options_values_id, language_id, products_options_values_name) values ('56', '1', 'Left Hand');
insert into products_options_values (products_options_values_id, language_id, products_options_values_name) values ('57', '1', '100 lb.');
insert into products_options_values (products_options_values_id, language_id, products_options_values_name) values ('58', '1', '125 lb.');
insert into products_options_values (products_options_values_id, language_id, products_options_values_name) values ('59', '1', '150 lb.');
insert into products_options_values (products_options_values_id, language_id, products_options_values_name) values ('60', '1', '175 lb.');
insert into products_options_values (products_options_values_id, language_id, products_options_values_name) values ('61', '1', '200 lb.');
insert into products_options_values (products_options_values_id, language_id, products_options_values_name) values ('62', '1', '225 lb.');
insert into products_options_values (products_options_values_id, language_id, products_options_values_name) values ('63', '1', '250 lb.');
insert into products_options_values (products_options_values_id, language_id, products_options_values_name) values ('64', '1', '275 lb.');
insert into products_options_values (products_options_values_id, language_id, products_options_values_name) values ('65', '1', '300 lb.');
insert into products_options_values (products_options_values_id, language_id, products_options_values_name) values ('66', '1', '325 lb.');
insert into products_options_values (products_options_values_id, language_id, products_options_values_name) values ('67', '1', '350 lb.');
insert into products_options_values (products_options_values_id, language_id, products_options_values_name) values ('68', '1', '375 lb.');
insert into products_options_values (products_options_values_id, language_id, products_options_values_name) values ('69', '1', '400 lb.');
insert into products_options_values (products_options_values_id, language_id, products_options_values_name) values ('70', '1', '425 lb.');
insert into products_options_values (products_options_values_id, language_id, products_options_values_name) values ('71', '1', '450 lb.');
insert into products_options_values (products_options_values_id, language_id, products_options_values_name) values ('72', '1', '475 lb.');
insert into products_options_values (products_options_values_id, language_id, products_options_values_name) values ('73', '1', '500 lb.');
insert into products_options_values (products_options_values_id, language_id, products_options_values_name) values ('74', '1', '525 lb.');
insert into products_options_values (products_options_values_id, language_id, products_options_values_name) values ('75', '1', '550 lb.');
insert into products_options_values (products_options_values_id, language_id, products_options_values_name) values ('76', '1', '575 lb.');
insert into products_options_values (products_options_values_id, language_id, products_options_values_name) values ('77', '1', '600 lb.');
insert into products_options_values (products_options_values_id, language_id, products_options_values_name) values ('78', '1', '650 lb.');
insert into products_options_values (products_options_values_id, language_id, products_options_values_name) values ('79', '1', '700 lb.');
insert into products_options_values (products_options_values_id, language_id, products_options_values_name) values ('80', '1', '750 lb.');
insert into products_options_values (products_options_values_id, language_id, products_options_values_name) values ('81', '1', '800 lb.');
insert into products_options_values (products_options_values_id, language_id, products_options_values_name) values ('82', '1', '850 lb.');
insert into products_options_values (products_options_values_id, language_id, products_options_values_name) values ('83', '1', '900 lb.');
insert into products_options_values (products_options_values_id, language_id, products_options_values_name) values ('84', '1', '1000 lb.');
insert into products_options_values (products_options_values_id, language_id, products_options_values_name) values ('85', '1', '1050 lb.');
insert into products_options_values (products_options_values_id, language_id, products_options_values_name) values ('86', '1', '1100 lb.');
insert into products_options_values (products_options_values_id, language_id, products_options_values_name) values ('87', '1', '1150 lb.');
insert into products_options_values (products_options_values_id, language_id, products_options_values_name) values ('88', '1', '1200 lb.');
insert into products_options_values (products_options_values_id, language_id, products_options_values_name) values ('89', '1', '1300 lb.');
insert into products_options_values (products_options_values_id, language_id, products_options_values_name) values ('90', '1', '1400 lb.');
insert into products_options_values (products_options_values_id, language_id, products_options_values_name) values ('91', '1', '950 lb.');
insert into products_options_values (products_options_values_id, language_id, products_options_values_name) values ('92', '1', '22\"');
insert into products_options_values (products_options_values_id, language_id, products_options_values_name) values ('93', '1', '26\"');
insert into products_options_values (products_options_values_id, language_id, products_options_values_name) values ('94', '1', '27.5\"');
insert into products_options_values (products_options_values_id, language_id, products_options_values_name) values ('95', '1', '31\"');
insert into products_options_values (products_options_values_id, language_id, products_options_values_name) values ('96', '1', 'Chevy');
insert into products_options_values (products_options_values_id, language_id, products_options_values_name) values ('97', '1', 'Ford');
insert into products_options_values (products_options_values_id, language_id, products_options_values_name) values ('98', '1', '12\"');
insert into products_options_values (products_options_values_id, language_id, products_options_values_name) values ('99', '1', '21\"');
insert into products_options_values (products_options_values_id, language_id, products_options_values_name) values ('100', '1', '24\"');
insert into products_options_values (products_options_values_id, language_id, products_options_values_name) values ('101', '1', '30\"');
insert into products_options_values (products_options_values_id, language_id, products_options_values_name) values ('102', '1', '36\"');
insert into products_options_values (products_options_values_id, language_id, products_options_values_name) values ('103', '1', '42\"');
insert into products_options_values (products_options_values_id, language_id, products_options_values_name) values ('104', '1', '48\"');
insert into products_options_values (products_options_values_id, language_id, products_options_values_name) values ('105', '1', '60\"');
insert into products_options_values (products_options_values_id, language_id, products_options_values_name) values ('106', '1', 'Gray');
insert into products_options_values (products_options_values_id, language_id, products_options_values_name) values ('107', '1', 'Yellow');
insert into products_options_values (products_options_values_id, language_id, products_options_values_name) values ('108', '1', 'Orange');
insert into products_options_values (products_options_values_id, language_id, products_options_values_name) values ('109', '1', 'White');
insert into products_options_values (products_options_values_id, language_id, products_options_values_name) values ('110', '1', 'Chevron Blue');
insert into products_options_values (products_options_values_id, language_id, products_options_values_name) values ('111', '1', 'Huron Blue');
insert into products_options_values (products_options_values_id, language_id, products_options_values_name) values ('112', '1', 'Pepsi Blue');
insert into products_options_values (products_options_values_id, language_id, products_options_values_name) values ('113', '1', '# 6');
insert into products_options_values (products_options_values_id, language_id, products_options_values_name) values ('114', '1', '# 8');
insert into products_options_values (products_options_values_id, language_id, products_options_values_name) values ('115', '1', '# 10');
insert into products_options_values (products_options_values_id, language_id, products_options_values_name) values ('116', '1', 'Block');
insert into products_options_values (products_options_values_id, language_id, products_options_values_name) values ('117', '1', 'Cylinder Head');
insert into products_options_values (products_options_values_id, language_id, products_options_values_name) values ('118', '1', '3\" Dish');
insert into products_options_values (products_options_values_id, language_id, products_options_values_name) values ('119', '1', 'Flat');
insert into products_options_values (products_options_values_id, language_id, products_options_values_name) values ('120', '1', '0 - 15 PSI');
insert into products_options_values (products_options_values_id, language_id, products_options_values_name) values ('121', '1', '0 - 20 PSI');
insert into products_options_values (products_options_values_id, language_id, products_options_values_name) values ('122', '1', '0 - 30 PSI');
insert into products_options_values (products_options_values_id, language_id, products_options_values_name) values ('123', '1', '0 - 40 PSI');
insert into products_options_values (products_options_values_id, language_id, products_options_values_name) values ('124', '1', '0 - 60 PSI');
insert into products_options_values (products_options_values_id, language_id, products_options_values_name) values ('125', '1', '4\"');
insert into products_options_values (products_options_values_id, language_id, products_options_values_name) values ('126', '1', '5\"');
insert into products_options_values (products_options_values_id, language_id, products_options_values_name) values ('127', '1', '6\"');
insert into products_options_values (products_options_values_id, language_id, products_options_values_name) values ('128', '1', '7\"');
insert into products_options_values (products_options_values_id, language_id, products_options_values_name) values ('129', '1', '8\"');
insert into products_options_values (products_options_values_id, language_id, products_options_values_name) values ('130', '1', '9\"');
insert into products_options_values (products_options_values_id, language_id, products_options_values_name) values ('131', '1', '10\"');
insert into products_options_values (products_options_values_id, language_id, products_options_values_name) values ('132', '1', '13\"');
insert into products_options_values (products_options_values_id, language_id, products_options_values_name) values ('133', '1', '14\"');
insert into products_options_values (products_options_values_id, language_id, products_options_values_name) values ('134', '1', '16\"');
insert into products_options_values (products_options_values_id, language_id, products_options_values_name) values ('135', '1', '19\"');
insert into products_options_values (products_options_values_id, language_id, products_options_values_name) values ('136', '1', '20\"');
insert into products_options_values (products_options_values_id, language_id, products_options_values_name) values ('137', '1', '23\"');
insert into products_options_values (products_options_values_id, language_id, products_options_values_name) values ('138', '1', '25\"');
insert into products_options_values (products_options_values_id, language_id, products_options_values_name) values ('139', '1', '27\"');
insert into products_options_values (products_options_values_id, language_id, products_options_values_name) values ('140', '1', '11\"');
insert into products_options_values (products_options_values_id, language_id, products_options_values_name) values ('141', '1', '4\"');
insert into products_options_values (products_options_values_id, language_id, products_options_values_name) values ('142', '1', '5\"');
insert into products_options_values (products_options_values_id, language_id, products_options_values_name) values ('143', '1', 'Angle Plug');
insert into products_options_values (products_options_values_id, language_id, products_options_values_name) values ('144', '1', 'Straight Plug');
insert into products_options_values (products_options_values_id, language_id, products_options_values_name) values ('145', '1', 'No');
insert into products_options_values (products_options_values_id, language_id, products_options_values_name) values ('146', '1', 'Dual Spring Option');
drop table if exists products_options_values_to_products_options;
create table products_options_values_to_products_options (
  products_options_values_to_products_options_id int(11) not null auto_increment,
  products_options_id int(11) default '0' not null ,
  products_options_values_id int(11) default '0' not null ,
  PRIMARY KEY (products_options_values_to_products_options_id)
);

insert into products_options_values_to_products_options (products_options_values_to_products_options_id, products_options_id, products_options_values_id) values ('14', '1', '1');
insert into products_options_values_to_products_options (products_options_values_to_products_options_id, products_options_id, products_options_values_id) values ('15', '1', '2');
insert into products_options_values_to_products_options (products_options_values_to_products_options_id, products_options_id, products_options_values_id) values ('16', '1', '3');
insert into products_options_values_to_products_options (products_options_values_to_products_options_id, products_options_id, products_options_values_id) values ('17', '2', '4');
insert into products_options_values_to_products_options (products_options_values_to_products_options_id, products_options_id, products_options_values_id) values ('18', '2', '5');
insert into products_options_values_to_products_options (products_options_values_to_products_options_id, products_options_id, products_options_values_id) values ('19', '2', '6');
insert into products_options_values_to_products_options (products_options_values_to_products_options_id, products_options_id, products_options_values_id) values ('20', '2', '7');
insert into products_options_values_to_products_options (products_options_values_to_products_options_id, products_options_id, products_options_values_id) values ('21', '2', '8');
insert into products_options_values_to_products_options (products_options_values_to_products_options_id, products_options_id, products_options_values_id) values ('22', '2', '9');
insert into products_options_values_to_products_options (products_options_values_to_products_options_id, products_options_id, products_options_values_id) values ('24', '3', '11');
insert into products_options_values_to_products_options (products_options_values_to_products_options_id, products_options_id, products_options_values_id) values ('23', '3', '10');
insert into products_options_values_to_products_options (products_options_values_to_products_options_id, products_options_id, products_options_values_id) values ('25', '3', '12');
insert into products_options_values_to_products_options (products_options_values_to_products_options_id, products_options_id, products_options_values_id) values ('26', '3', '13');
insert into products_options_values_to_products_options (products_options_values_to_products_options_id, products_options_id, products_options_values_id) values ('27', '4', '14');
insert into products_options_values_to_products_options (products_options_values_to_products_options_id, products_options_id, products_options_values_id) values ('28', '4', '15');
insert into products_options_values_to_products_options (products_options_values_to_products_options_id, products_options_id, products_options_values_id) values ('29', '5', '16');
insert into products_options_values_to_products_options (products_options_values_to_products_options_id, products_options_id, products_options_values_id) values ('30', '5', '17');
insert into products_options_values_to_products_options (products_options_values_to_products_options_id, products_options_id, products_options_values_id) values ('31', '1', '18');
insert into products_options_values_to_products_options (products_options_values_to_products_options_id, products_options_id, products_options_values_id) values ('32', '2', '19');
insert into products_options_values_to_products_options (products_options_values_to_products_options_id, products_options_id, products_options_values_id) values ('33', '2', '20');
insert into products_options_values_to_products_options (products_options_values_to_products_options_id, products_options_id, products_options_values_id) values ('34', '2', '21');
insert into products_options_values_to_products_options (products_options_values_to_products_options_id, products_options_id, products_options_values_id) values ('35', '2', '22');
insert into products_options_values_to_products_options (products_options_values_to_products_options_id, products_options_id, products_options_values_id) values ('36', '2', '23');
insert into products_options_values_to_products_options (products_options_values_to_products_options_id, products_options_id, products_options_values_id) values ('37', '2', '24');
insert into products_options_values_to_products_options (products_options_values_to_products_options_id, products_options_id, products_options_values_id) values ('38', '2', '25');
insert into products_options_values_to_products_options (products_options_values_to_products_options_id, products_options_id, products_options_values_id) values ('39', '2', '26');
insert into products_options_values_to_products_options (products_options_values_to_products_options_id, products_options_id, products_options_values_id) values ('40', '2', '27');
insert into products_options_values_to_products_options (products_options_values_to_products_options_id, products_options_id, products_options_values_id) values ('41', '2', '28');
insert into products_options_values_to_products_options (products_options_values_to_products_options_id, products_options_id, products_options_values_id) values ('42', '2', '29');
insert into products_options_values_to_products_options (products_options_values_to_products_options_id, products_options_id, products_options_values_id) values ('43', '6', '30');
insert into products_options_values_to_products_options (products_options_values_to_products_options_id, products_options_id, products_options_values_id) values ('44', '6', '31');
insert into products_options_values_to_products_options (products_options_values_to_products_options_id, products_options_id, products_options_values_id) values ('45', '7', '32');
insert into products_options_values_to_products_options (products_options_values_to_products_options_id, products_options_id, products_options_values_id) values ('46', '7', '33');
insert into products_options_values_to_products_options (products_options_values_to_products_options_id, products_options_id, products_options_values_id) values ('47', '7', '34');
insert into products_options_values_to_products_options (products_options_values_to_products_options_id, products_options_id, products_options_values_id) values ('48', '8', '35');
insert into products_options_values_to_products_options (products_options_values_to_products_options_id, products_options_id, products_options_values_id) values ('49', '8', '36');
insert into products_options_values_to_products_options (products_options_values_to_products_options_id, products_options_id, products_options_values_id) values ('50', '9', '37');
insert into products_options_values_to_products_options (products_options_values_to_products_options_id, products_options_id, products_options_values_id) values ('51', '9', '38');
insert into products_options_values_to_products_options (products_options_values_to_products_options_id, products_options_id, products_options_values_id) values ('52', '2', '39');
insert into products_options_values_to_products_options (products_options_values_to_products_options_id, products_options_id, products_options_values_id) values ('53', '2', '40');
insert into products_options_values_to_products_options (products_options_values_to_products_options_id, products_options_id, products_options_values_id) values ('54', '2', '41');
insert into products_options_values_to_products_options (products_options_values_to_products_options_id, products_options_id, products_options_values_id) values ('55', '2', '42');
insert into products_options_values_to_products_options (products_options_values_to_products_options_id, products_options_id, products_options_values_id) values ('56', '2', '43');
insert into products_options_values_to_products_options (products_options_values_to_products_options_id, products_options_id, products_options_values_id) values ('57', '2', '44');
insert into products_options_values_to_products_options (products_options_values_to_products_options_id, products_options_id, products_options_values_id) values ('58', '2', '45');
insert into products_options_values_to_products_options (products_options_values_to_products_options_id, products_options_id, products_options_values_id) values ('59', '4', '46');
insert into products_options_values_to_products_options (products_options_values_to_products_options_id, products_options_id, products_options_values_id) values ('60', '10', '47');
insert into products_options_values_to_products_options (products_options_values_to_products_options_id, products_options_id, products_options_values_id) values ('61', '11', '48');
insert into products_options_values_to_products_options (products_options_values_to_products_options_id, products_options_id, products_options_values_id) values ('62', '11', '49');
insert into products_options_values_to_products_options (products_options_values_to_products_options_id, products_options_id, products_options_values_id) values ('63', '11', '50');
insert into products_options_values_to_products_options (products_options_values_to_products_options_id, products_options_id, products_options_values_id) values ('64', '11', '51');
insert into products_options_values_to_products_options (products_options_values_to_products_options_id, products_options_id, products_options_values_id) values ('65', '11', '52');
insert into products_options_values_to_products_options (products_options_values_to_products_options_id, products_options_id, products_options_values_id) values ('66', '11', '53');
insert into products_options_values_to_products_options (products_options_values_to_products_options_id, products_options_id, products_options_values_id) values ('67', '11', '54');
insert into products_options_values_to_products_options (products_options_values_to_products_options_id, products_options_id, products_options_values_id) values ('68', '11', '55');
insert into products_options_values_to_products_options (products_options_values_to_products_options_id, products_options_id, products_options_values_id) values ('69', '11', '56');
insert into products_options_values_to_products_options (products_options_values_to_products_options_id, products_options_id, products_options_values_id) values ('70', '12', '57');
insert into products_options_values_to_products_options (products_options_values_to_products_options_id, products_options_id, products_options_values_id) values ('71', '12', '58');
insert into products_options_values_to_products_options (products_options_values_to_products_options_id, products_options_id, products_options_values_id) values ('72', '12', '59');
insert into products_options_values_to_products_options (products_options_values_to_products_options_id, products_options_id, products_options_values_id) values ('73', '12', '60');
insert into products_options_values_to_products_options (products_options_values_to_products_options_id, products_options_id, products_options_values_id) values ('74', '12', '61');
insert into products_options_values_to_products_options (products_options_values_to_products_options_id, products_options_id, products_options_values_id) values ('75', '12', '62');
insert into products_options_values_to_products_options (products_options_values_to_products_options_id, products_options_id, products_options_values_id) values ('76', '12', '63');
insert into products_options_values_to_products_options (products_options_values_to_products_options_id, products_options_id, products_options_values_id) values ('77', '12', '64');
insert into products_options_values_to_products_options (products_options_values_to_products_options_id, products_options_id, products_options_values_id) values ('78', '12', '65');
insert into products_options_values_to_products_options (products_options_values_to_products_options_id, products_options_id, products_options_values_id) values ('79', '12', '66');
insert into products_options_values_to_products_options (products_options_values_to_products_options_id, products_options_id, products_options_values_id) values ('80', '12', '67');
insert into products_options_values_to_products_options (products_options_values_to_products_options_id, products_options_id, products_options_values_id) values ('81', '12', '68');
insert into products_options_values_to_products_options (products_options_values_to_products_options_id, products_options_id, products_options_values_id) values ('82', '12', '69');
insert into products_options_values_to_products_options (products_options_values_to_products_options_id, products_options_id, products_options_values_id) values ('83', '12', '70');
insert into products_options_values_to_products_options (products_options_values_to_products_options_id, products_options_id, products_options_values_id) values ('84', '12', '71');
insert into products_options_values_to_products_options (products_options_values_to_products_options_id, products_options_id, products_options_values_id) values ('85', '12', '72');
insert into products_options_values_to_products_options (products_options_values_to_products_options_id, products_options_id, products_options_values_id) values ('86', '12', '73');
insert into products_options_values_to_products_options (products_options_values_to_products_options_id, products_options_id, products_options_values_id) values ('87', '12', '74');
insert into products_options_values_to_products_options (products_options_values_to_products_options_id, products_options_id, products_options_values_id) values ('88', '12', '75');
insert into products_options_values_to_products_options (products_options_values_to_products_options_id, products_options_id, products_options_values_id) values ('89', '12', '76');
insert into products_options_values_to_products_options (products_options_values_to_products_options_id, products_options_id, products_options_values_id) values ('90', '12', '77');
insert into products_options_values_to_products_options (products_options_values_to_products_options_id, products_options_id, products_options_values_id) values ('91', '12', '78');
insert into products_options_values_to_products_options (products_options_values_to_products_options_id, products_options_id, products_options_values_id) values ('92', '12', '79');
insert into products_options_values_to_products_options (products_options_values_to_products_options_id, products_options_id, products_options_values_id) values ('93', '12', '80');
insert into products_options_values_to_products_options (products_options_values_to_products_options_id, products_options_id, products_options_values_id) values ('94', '12', '81');
insert into products_options_values_to_products_options (products_options_values_to_products_options_id, products_options_id, products_options_values_id) values ('95', '12', '82');
insert into products_options_values_to_products_options (products_options_values_to_products_options_id, products_options_id, products_options_values_id) values ('96', '12', '83');
insert into products_options_values_to_products_options (products_options_values_to_products_options_id, products_options_id, products_options_values_id) values ('97', '12', '84');
insert into products_options_values_to_products_options (products_options_values_to_products_options_id, products_options_id, products_options_values_id) values ('98', '12', '85');
insert into products_options_values_to_products_options (products_options_values_to_products_options_id, products_options_id, products_options_values_id) values ('99', '12', '86');
insert into products_options_values_to_products_options (products_options_values_to_products_options_id, products_options_id, products_options_values_id) values ('100', '12', '87');
insert into products_options_values_to_products_options (products_options_values_to_products_options_id, products_options_id, products_options_values_id) values ('101', '12', '88');
insert into products_options_values_to_products_options (products_options_values_to_products_options_id, products_options_id, products_options_values_id) values ('102', '12', '89');
insert into products_options_values_to_products_options (products_options_values_to_products_options_id, products_options_id, products_options_values_id) values ('103', '12', '90');
insert into products_options_values_to_products_options (products_options_values_to_products_options_id, products_options_id, products_options_values_id) values ('104', '12', '91');
insert into products_options_values_to_products_options (products_options_values_to_products_options_id, products_options_id, products_options_values_id) values ('105', '14', '92');
insert into products_options_values_to_products_options (products_options_values_to_products_options_id, products_options_id, products_options_values_id) values ('106', '14', '93');
insert into products_options_values_to_products_options (products_options_values_to_products_options_id, products_options_id, products_options_values_id) values ('107', '14', '94');
insert into products_options_values_to_products_options (products_options_values_to_products_options_id, products_options_id, products_options_values_id) values ('108', '14', '95');
insert into products_options_values_to_products_options (products_options_values_to_products_options_id, products_options_id, products_options_values_id) values ('109', '13', '96');
insert into products_options_values_to_products_options (products_options_values_to_products_options_id, products_options_id, products_options_values_id) values ('110', '13', '97');
insert into products_options_values_to_products_options (products_options_values_to_products_options_id, products_options_id, products_options_values_id) values ('111', '15', '98');
insert into products_options_values_to_products_options (products_options_values_to_products_options_id, products_options_id, products_options_values_id) values ('112', '15', '99');
insert into products_options_values_to_products_options (products_options_values_to_products_options_id, products_options_id, products_options_values_id) values ('113', '15', '100');
insert into products_options_values_to_products_options (products_options_values_to_products_options_id, products_options_id, products_options_values_id) values ('114', '15', '101');
insert into products_options_values_to_products_options (products_options_values_to_products_options_id, products_options_id, products_options_values_id) values ('115', '15', '102');
insert into products_options_values_to_products_options (products_options_values_to_products_options_id, products_options_id, products_options_values_id) values ('116', '15', '103');
insert into products_options_values_to_products_options (products_options_values_to_products_options_id, products_options_id, products_options_values_id) values ('117', '15', '104');
insert into products_options_values_to_products_options (products_options_values_to_products_options_id, products_options_id, products_options_values_id) values ('118', '15', '105');
insert into products_options_values_to_products_options (products_options_values_to_products_options_id, products_options_id, products_options_values_id) values ('119', '1', '106');
insert into products_options_values_to_products_options (products_options_values_to_products_options_id, products_options_id, products_options_values_id) values ('120', '1', '107');
insert into products_options_values_to_products_options (products_options_values_to_products_options_id, products_options_id, products_options_values_id) values ('121', '1', '108');
insert into products_options_values_to_products_options (products_options_values_to_products_options_id, products_options_id, products_options_values_id) values ('122', '1', '109');
insert into products_options_values_to_products_options (products_options_values_to_products_options_id, products_options_id, products_options_values_id) values ('123', '1', '110');
insert into products_options_values_to_products_options (products_options_values_to_products_options_id, products_options_id, products_options_values_id) values ('124', '1', '111');
insert into products_options_values_to_products_options (products_options_values_to_products_options_id, products_options_id, products_options_values_id) values ('125', '1', '112');
insert into products_options_values_to_products_options (products_options_values_to_products_options_id, products_options_id, products_options_values_id) values ('126', '2', '113');
insert into products_options_values_to_products_options (products_options_values_to_products_options_id, products_options_id, products_options_values_id) values ('127', '2', '114');
insert into products_options_values_to_products_options (products_options_values_to_products_options_id, products_options_id, products_options_values_id) values ('128', '2', '115');
insert into products_options_values_to_products_options (products_options_values_to_products_options_id, products_options_id, products_options_values_id) values ('129', '22', '116');
insert into products_options_values_to_products_options (products_options_values_to_products_options_id, products_options_id, products_options_values_id) values ('130', '22', '117');
insert into products_options_values_to_products_options (products_options_values_to_products_options_id, products_options_id, products_options_values_id) values ('131', '23', '118');
insert into products_options_values_to_products_options (products_options_values_to_products_options_id, products_options_id, products_options_values_id) values ('132', '23', '119');
insert into products_options_values_to_products_options (products_options_values_to_products_options_id, products_options_id, products_options_values_id) values ('133', '24', '120');
insert into products_options_values_to_products_options (products_options_values_to_products_options_id, products_options_id, products_options_values_id) values ('134', '24', '121');
insert into products_options_values_to_products_options (products_options_values_to_products_options_id, products_options_id, products_options_values_id) values ('135', '24', '122');
insert into products_options_values_to_products_options (products_options_values_to_products_options_id, products_options_id, products_options_values_id) values ('136', '24', '123');
insert into products_options_values_to_products_options (products_options_values_to_products_options_id, products_options_id, products_options_values_id) values ('137', '24', '124');
insert into products_options_values_to_products_options (products_options_values_to_products_options_id, products_options_id, products_options_values_id) values ('138', '15', '125');
insert into products_options_values_to_products_options (products_options_values_to_products_options_id, products_options_id, products_options_values_id) values ('139', '15', '126');
insert into products_options_values_to_products_options (products_options_values_to_products_options_id, products_options_id, products_options_values_id) values ('140', '15', '127');
insert into products_options_values_to_products_options (products_options_values_to_products_options_id, products_options_id, products_options_values_id) values ('141', '15', '128');
insert into products_options_values_to_products_options (products_options_values_to_products_options_id, products_options_id, products_options_values_id) values ('142', '15', '129');
insert into products_options_values_to_products_options (products_options_values_to_products_options_id, products_options_id, products_options_values_id) values ('143', '15', '130');
insert into products_options_values_to_products_options (products_options_values_to_products_options_id, products_options_id, products_options_values_id) values ('144', '15', '131');
insert into products_options_values_to_products_options (products_options_values_to_products_options_id, products_options_id, products_options_values_id) values ('145', '15', '132');
insert into products_options_values_to_products_options (products_options_values_to_products_options_id, products_options_id, products_options_values_id) values ('146', '15', '133');
insert into products_options_values_to_products_options (products_options_values_to_products_options_id, products_options_id, products_options_values_id) values ('147', '15', '134');
insert into products_options_values_to_products_options (products_options_values_to_products_options_id, products_options_id, products_options_values_id) values ('148', '15', '135');
insert into products_options_values_to_products_options (products_options_values_to_products_options_id, products_options_id, products_options_values_id) values ('149', '15', '136');
insert into products_options_values_to_products_options (products_options_values_to_products_options_id, products_options_id, products_options_values_id) values ('150', '15', '137');
insert into products_options_values_to_products_options (products_options_values_to_products_options_id, products_options_id, products_options_values_id) values ('151', '15', '138');
insert into products_options_values_to_products_options (products_options_values_to_products_options_id, products_options_id, products_options_values_id) values ('152', '15', '139');
insert into products_options_values_to_products_options (products_options_values_to_products_options_id, products_options_id, products_options_values_id) values ('153', '15', '140');
insert into products_options_values_to_products_options (products_options_values_to_products_options_id, products_options_id, products_options_values_id) values ('154', '15', '141');
insert into products_options_values_to_products_options (products_options_values_to_products_options_id, products_options_id, products_options_values_id) values ('155', '15', '142');
insert into products_options_values_to_products_options (products_options_values_to_products_options_id, products_options_id, products_options_values_id) values ('156', '25', '143');
insert into products_options_values_to_products_options (products_options_values_to_products_options_id, products_options_id, products_options_values_id) values ('157', '25', '144');
insert into products_options_values_to_products_options (products_options_values_to_products_options_id, products_options_id, products_options_values_id) values ('158', '26', '145');
insert into products_options_values_to_products_options (products_options_values_to_products_options_id, products_options_id, products_options_values_id) values ('159', '26', '146');
drop table if exists products_to_categories;
create table products_to_categories (
  products_id int(11) default '0' not null ,
  categories_id int(11) default '0' not null ,
  PRIMARY KEY (products_id, categories_id)
);

insert into products_to_categories (products_id, categories_id) values ('1', '13');
insert into products_to_categories (products_id, categories_id) values ('4', '13');
insert into products_to_categories (products_id, categories_id) values ('7', '17');
insert into products_to_categories (products_id, categories_id) values ('8', '18');
insert into products_to_categories (products_id, categories_id) values ('9', '18');
insert into products_to_categories (products_id, categories_id) values ('10', '17');
insert into products_to_categories (products_id, categories_id) values ('12', '10');
insert into products_to_categories (products_id, categories_id) values ('13', '10');
insert into products_to_categories (products_id, categories_id) values ('14', '20');
insert into products_to_categories (products_id, categories_id) values ('15', '19');
insert into products_to_categories (products_id, categories_id) values ('17', '15');
insert into products_to_categories (products_id, categories_id) values ('18', '15');
insert into products_to_categories (products_id, categories_id) values ('19', '16');
insert into products_to_categories (products_id, categories_id) values ('20', '14');
insert into products_to_categories (products_id, categories_id) values ('21', '13');
insert into products_to_categories (products_id, categories_id) values ('22', '18');
insert into products_to_categories (products_id, categories_id) values ('23', '18');
insert into products_to_categories (products_id, categories_id) values ('24', '21');
insert into products_to_categories (products_id, categories_id) values ('25', '21');
insert into products_to_categories (products_id, categories_id) values ('26', '18');
insert into products_to_categories (products_id, categories_id) values ('27', '18');
insert into products_to_categories (products_id, categories_id) values ('28', '21');
insert into products_to_categories (products_id, categories_id) values ('29', '21');
insert into products_to_categories (products_id, categories_id) values ('30', '21');
insert into products_to_categories (products_id, categories_id) values ('31', '21');
insert into products_to_categories (products_id, categories_id) values ('32', '21');
insert into products_to_categories (products_id, categories_id) values ('33', '21');
insert into products_to_categories (products_id, categories_id) values ('34', '75');
insert into products_to_categories (products_id, categories_id) values ('35', '28');
insert into products_to_categories (products_id, categories_id) values ('36', '29');
insert into products_to_categories (products_id, categories_id) values ('37', '25');
insert into products_to_categories (products_id, categories_id) values ('38', '99');
insert into products_to_categories (products_id, categories_id) values ('40', '20');
insert into products_to_categories (products_id, categories_id) values ('41', '88');
insert into products_to_categories (products_id, categories_id) values ('42', '96');
insert into products_to_categories (products_id, categories_id) values ('43', '96');
insert into products_to_categories (products_id, categories_id) values ('44', '93');
insert into products_to_categories (products_id, categories_id) values ('45', '87');
insert into products_to_categories (products_id, categories_id) values ('46', '19');
insert into products_to_categories (products_id, categories_id) values ('47', '84');
insert into products_to_categories (products_id, categories_id) values ('49', '24');
insert into products_to_categories (products_id, categories_id) values ('50', '24');
insert into products_to_categories (products_id, categories_id) values ('51', '24');
insert into products_to_categories (products_id, categories_id) values ('52', '26');
insert into products_to_categories (products_id, categories_id) values ('53', '16');
insert into products_to_categories (products_id, categories_id) values ('54', '50');
insert into products_to_categories (products_id, categories_id) values ('55', '50');
insert into products_to_categories (products_id, categories_id) values ('56', '143');
insert into products_to_categories (products_id, categories_id) values ('57', '38');
insert into products_to_categories (products_id, categories_id) values ('58', '93');
insert into products_to_categories (products_id, categories_id) values ('59', '101');
insert into products_to_categories (products_id, categories_id) values ('60', '25');
insert into products_to_categories (products_id, categories_id) values ('61', '92');
insert into products_to_categories (products_id, categories_id) values ('62', '62');
insert into products_to_categories (products_id, categories_id) values ('63', '62');
insert into products_to_categories (products_id, categories_id) values ('64', '49');
insert into products_to_categories (products_id, categories_id) values ('65', '48');
insert into products_to_categories (products_id, categories_id) values ('66', '48');
insert into products_to_categories (products_id, categories_id) values ('68', '110');
insert into products_to_categories (products_id, categories_id) values ('69', '85');
insert into products_to_categories (products_id, categories_id) values ('70', '133');
insert into products_to_categories (products_id, categories_id) values ('71', '134');
insert into products_to_categories (products_id, categories_id) values ('72', '22');
insert into products_to_categories (products_id, categories_id) values ('73', '17');
insert into products_to_categories (products_id, categories_id) values ('74', '81');
insert into products_to_categories (products_id, categories_id) values ('76', '143');
insert into products_to_categories (products_id, categories_id) values ('77', '138');
insert into products_to_categories (products_id, categories_id) values ('78', '73');
insert into products_to_categories (products_id, categories_id) values ('79', '107');
insert into products_to_categories (products_id, categories_id) values ('80', '27');
insert into products_to_categories (products_id, categories_id) values ('81', '89');
insert into products_to_categories (products_id, categories_id) values ('82', '138');
insert into products_to_categories (products_id, categories_id) values ('83', '106');
insert into products_to_categories (products_id, categories_id) values ('84', '81');
insert into products_to_categories (products_id, categories_id) values ('85', '68');
insert into products_to_categories (products_id, categories_id) values ('86', '49');
insert into products_to_categories (products_id, categories_id) values ('87', '26');
insert into products_to_categories (products_id, categories_id) values ('88', '29');
insert into products_to_categories (products_id, categories_id) values ('89', '26');
insert into products_to_categories (products_id, categories_id) values ('90', '26');
insert into products_to_categories (products_id, categories_id) values ('91', '26');
insert into products_to_categories (products_id, categories_id) values ('92', '24');
insert into products_to_categories (products_id, categories_id) values ('93', '24');
insert into products_to_categories (products_id, categories_id) values ('94', '24');
insert into products_to_categories (products_id, categories_id) values ('95', '26');
insert into products_to_categories (products_id, categories_id) values ('96', '26');
insert into products_to_categories (products_id, categories_id) values ('97', '139');
insert into products_to_categories (products_id, categories_id) values ('98', '24');
insert into products_to_categories (products_id, categories_id) values ('99', '23');
insert into products_to_categories (products_id, categories_id) values ('100', '23');
insert into products_to_categories (products_id, categories_id) values ('101', '31');
insert into products_to_categories (products_id, categories_id) values ('102', '31');
insert into products_to_categories (products_id, categories_id) values ('103', '31');
insert into products_to_categories (products_id, categories_id) values ('104', '31');
insert into products_to_categories (products_id, categories_id) values ('105', '31');
insert into products_to_categories (products_id, categories_id) values ('106', '31');
insert into products_to_categories (products_id, categories_id) values ('107', '31');
insert into products_to_categories (products_id, categories_id) values ('108', '31');
insert into products_to_categories (products_id, categories_id) values ('109', '30');
insert into products_to_categories (products_id, categories_id) values ('110', '30');
insert into products_to_categories (products_id, categories_id) values ('111', '30');
insert into products_to_categories (products_id, categories_id) values ('112', '33');
insert into products_to_categories (products_id, categories_id) values ('113', '28');
insert into products_to_categories (products_id, categories_id) values ('114', '28');
insert into products_to_categories (products_id, categories_id) values ('115', '32');
insert into products_to_categories (products_id, categories_id) values ('116', '32');
insert into products_to_categories (products_id, categories_id) values ('117', '36');
insert into products_to_categories (products_id, categories_id) values ('118', '36');
insert into products_to_categories (products_id, categories_id) values ('119', '39');
insert into products_to_categories (products_id, categories_id) values ('120', '37');
insert into products_to_categories (products_id, categories_id) values ('121', '37');
insert into products_to_categories (products_id, categories_id) values ('122', '37');
insert into products_to_categories (products_id, categories_id) values ('123', '38');
insert into products_to_categories (products_id, categories_id) values ('124', '38');
insert into products_to_categories (products_id, categories_id) values ('125', '117');
insert into products_to_categories (products_id, categories_id) values ('126', '117');
insert into products_to_categories (products_id, categories_id) values ('127', '117');
insert into products_to_categories (products_id, categories_id) values ('128', '117');
insert into products_to_categories (products_id, categories_id) values ('129', '140');
insert into products_to_categories (products_id, categories_id) values ('130', '140');
insert into products_to_categories (products_id, categories_id) values ('131', '20');
insert into products_to_categories (products_id, categories_id) values ('132', '97');
insert into products_to_categories (products_id, categories_id) values ('133', '108');
insert into products_to_categories (products_id, categories_id) values ('134', '108');
insert into products_to_categories (products_id, categories_id) values ('135', '108');
insert into products_to_categories (products_id, categories_id) values ('136', '76');
insert into products_to_categories (products_id, categories_id) values ('137', '71');
insert into products_to_categories (products_id, categories_id) values ('138', '71');
insert into products_to_categories (products_id, categories_id) values ('139', '71');
insert into products_to_categories (products_id, categories_id) values ('140', '71');
insert into products_to_categories (products_id, categories_id) values ('141', '141');
insert into products_to_categories (products_id, categories_id) values ('142', '104');
insert into products_to_categories (products_id, categories_id) values ('143', '104');
insert into products_to_categories (products_id, categories_id) values ('144', '104');
insert into products_to_categories (products_id, categories_id) values ('145', '104');
insert into products_to_categories (products_id, categories_id) values ('146', '104');
insert into products_to_categories (products_id, categories_id) values ('147', '82');
insert into products_to_categories (products_id, categories_id) values ('148', '82');
insert into products_to_categories (products_id, categories_id) values ('149', '81');
insert into products_to_categories (products_id, categories_id) values ('150', '98');
insert into products_to_categories (products_id, categories_id) values ('151', '98');
insert into products_to_categories (products_id, categories_id) values ('152', '142');
insert into products_to_categories (products_id, categories_id) values ('153', '35');
insert into products_to_categories (products_id, categories_id) values ('154', '100');
insert into products_to_categories (products_id, categories_id) values ('155', '100');
insert into products_to_categories (products_id, categories_id) values ('156', '103');
insert into products_to_categories (products_id, categories_id) values ('157', '102');
insert into products_to_categories (products_id, categories_id) values ('158', '111');
insert into products_to_categories (products_id, categories_id) values ('159', '111');
insert into products_to_categories (products_id, categories_id) values ('160', '51');
insert into products_to_categories (products_id, categories_id) values ('161', '60');
insert into products_to_categories (products_id, categories_id) values ('162', '60');
insert into products_to_categories (products_id, categories_id) values ('163', '60');
insert into products_to_categories (products_id, categories_id) values ('164', '44');
insert into products_to_categories (products_id, categories_id) values ('165', '44');
insert into products_to_categories (products_id, categories_id) values ('166', '44');
insert into products_to_categories (products_id, categories_id) values ('167', '29');
insert into products_to_categories (products_id, categories_id) values ('168', '33');
insert into products_to_categories (products_id, categories_id) values ('169', '120');
insert into products_to_categories (products_id, categories_id) values ('170', '22');
insert into products_to_categories (products_id, categories_id) values ('171', '22');
insert into products_to_categories (products_id, categories_id) values ('172', '22');
insert into products_to_categories (products_id, categories_id) values ('173', '22');
insert into products_to_categories (products_id, categories_id) values ('174', '126');
insert into products_to_categories (products_id, categories_id) values ('175', '122');
insert into products_to_categories (products_id, categories_id) values ('176', '122');
insert into products_to_categories (products_id, categories_id) values ('177', '122');
insert into products_to_categories (products_id, categories_id) values ('178', '144');
insert into products_to_categories (products_id, categories_id) values ('179', '144');
insert into products_to_categories (products_id, categories_id) values ('180', '144');
insert into products_to_categories (products_id, categories_id) values ('181', '95');
insert into products_to_categories (products_id, categories_id) values ('182', '79');
insert into products_to_categories (products_id, categories_id) values ('183', '77');
insert into products_to_categories (products_id, categories_id) values ('184', '77');
insert into products_to_categories (products_id, categories_id) values ('185', '83');
insert into products_to_categories (products_id, categories_id) values ('186', '83');
insert into products_to_categories (products_id, categories_id) values ('187', '145');
insert into products_to_categories (products_id, categories_id) values ('188', '145');
insert into products_to_categories (products_id, categories_id) values ('189', '146');
insert into products_to_categories (products_id, categories_id) values ('190', '112');
insert into products_to_categories (products_id, categories_id) values ('191', '46');
insert into products_to_categories (products_id, categories_id) values ('192', '147');
insert into products_to_categories (products_id, categories_id) values ('193', '147');
insert into products_to_categories (products_id, categories_id) values ('194', '147');
insert into products_to_categories (products_id, categories_id) values ('195', '148');
insert into products_to_categories (products_id, categories_id) values ('196', '147');
insert into products_to_categories (products_id, categories_id) values ('197', '73');
insert into products_to_categories (products_id, categories_id) values ('198', '97');
insert into products_to_categories (products_id, categories_id) values ('199', '21');
insert into products_to_categories (products_id, categories_id) values ('200', '21');
insert into products_to_categories (products_id, categories_id) values ('201', '21');
insert into products_to_categories (products_id, categories_id) values ('202', '21');
insert into products_to_categories (products_id, categories_id) values ('203', '21');
insert into products_to_categories (products_id, categories_id) values ('204', '21');
insert into products_to_categories (products_id, categories_id) values ('205', '21');
insert into products_to_categories (products_id, categories_id) values ('206', '79');
insert into products_to_categories (products_id, categories_id) values ('207', '149');
insert into products_to_categories (products_id, categories_id) values ('208', '149');
insert into products_to_categories (products_id, categories_id) values ('209', '28');
insert into products_to_categories (products_id, categories_id) values ('210', '128');
insert into products_to_categories (products_id, categories_id) values ('211', '150');
insert into products_to_categories (products_id, categories_id) values ('212', '59');
insert into products_to_categories (products_id, categories_id) values ('213', '149');
insert into products_to_categories (products_id, categories_id) values ('214', '88');
insert into products_to_categories (products_id, categories_id) values ('215', '15');
insert into products_to_categories (products_id, categories_id) values ('216', '15');
insert into products_to_categories (products_id, categories_id) values ('217', '57');
insert into products_to_categories (products_id, categories_id) values ('218', '57');
insert into products_to_categories (products_id, categories_id) values ('219', '57');
insert into products_to_categories (products_id, categories_id) values ('220', '57');
insert into products_to_categories (products_id, categories_id) values ('221', '43');
insert into products_to_categories (products_id, categories_id) values ('222', '17');
insert into products_to_categories (products_id, categories_id) values ('223', '122');
insert into products_to_categories (products_id, categories_id) values ('224', '122');
insert into products_to_categories (products_id, categories_id) values ('225', '72');
insert into products_to_categories (products_id, categories_id) values ('226', '72');
insert into products_to_categories (products_id, categories_id) values ('227', '56');
insert into products_to_categories (products_id, categories_id) values ('228', '16');
insert into products_to_categories (products_id, categories_id) values ('229', '34');
insert into products_to_categories (products_id, categories_id) values ('230', '33');
insert into products_to_categories (products_id, categories_id) values ('231', '110');
insert into products_to_categories (products_id, categories_id) values ('232', '149');
insert into products_to_categories (products_id, categories_id) values ('233', '84');
insert into products_to_categories (products_id, categories_id) values ('234', '151');
insert into products_to_categories (products_id, categories_id) values ('235', '151');
insert into products_to_categories (products_id, categories_id) values ('236', '48');
insert into products_to_categories (products_id, categories_id) values ('237', '41');
insert into products_to_categories (products_id, categories_id) values ('238', '41');
insert into products_to_categories (products_id, categories_id) values ('239', '41');
insert into products_to_categories (products_id, categories_id) values ('240', '121');
insert into products_to_categories (products_id, categories_id) values ('241', '121');
insert into products_to_categories (products_id, categories_id) values ('242', '121');
insert into products_to_categories (products_id, categories_id) values ('243', '121');
insert into products_to_categories (products_id, categories_id) values ('244', '82');
insert into products_to_categories (products_id, categories_id) values ('245', '152');
insert into products_to_categories (products_id, categories_id) values ('246', '152');
insert into products_to_categories (products_id, categories_id) values ('247', '43');
insert into products_to_categories (products_id, categories_id) values ('248', '153');
insert into products_to_categories (products_id, categories_id) values ('249', '153');
insert into products_to_categories (products_id, categories_id) values ('250', '153');
insert into products_to_categories (products_id, categories_id) values ('252', '154');
insert into products_to_categories (products_id, categories_id) values ('253', '155');
insert into products_to_categories (products_id, categories_id) values ('254', '155');
insert into products_to_categories (products_id, categories_id) values ('255', '156');
insert into products_to_categories (products_id, categories_id) values ('256', '157');
insert into products_to_categories (products_id, categories_id) values ('257', '42');
insert into products_to_categories (products_id, categories_id) values ('258', '42');
insert into products_to_categories (products_id, categories_id) values ('259', '42');
insert into products_to_categories (products_id, categories_id) values ('260', '42');
insert into products_to_categories (products_id, categories_id) values ('261', '42');
insert into products_to_categories (products_id, categories_id) values ('262', '42');
insert into products_to_categories (products_id, categories_id) values ('263', '40');
insert into products_to_categories (products_id, categories_id) values ('264', '40');
insert into products_to_categories (products_id, categories_id) values ('265', '40');
insert into products_to_categories (products_id, categories_id) values ('266', '40');
insert into products_to_categories (products_id, categories_id) values ('267', '158');
insert into products_to_categories (products_id, categories_id) values ('268', '158');
insert into products_to_categories (products_id, categories_id) values ('269', '158');
insert into products_to_categories (products_id, categories_id) values ('270', '158');
insert into products_to_categories (products_id, categories_id) values ('271', '19');
insert into products_to_categories (products_id, categories_id) values ('272', '19');
insert into products_to_categories (products_id, categories_id) values ('273', '19');
insert into products_to_categories (products_id, categories_id) values ('274', '19');
insert into products_to_categories (products_id, categories_id) values ('275', '45');
insert into products_to_categories (products_id, categories_id) values ('276', '45');
insert into products_to_categories (products_id, categories_id) values ('277', '125');
insert into products_to_categories (products_id, categories_id) values ('278', '125');
insert into products_to_categories (products_id, categories_id) values ('279', '125');
insert into products_to_categories (products_id, categories_id) values ('280', '124');
insert into products_to_categories (products_id, categories_id) values ('281', '124');
insert into products_to_categories (products_id, categories_id) values ('282', '159');
insert into products_to_categories (products_id, categories_id) values ('283', '159');
insert into products_to_categories (products_id, categories_id) values ('284', '123');
insert into products_to_categories (products_id, categories_id) values ('285', '123');
insert into products_to_categories (products_id, categories_id) values ('286', '123');
insert into products_to_categories (products_id, categories_id) values ('287', '160');
insert into products_to_categories (products_id, categories_id) values ('288', '160');
insert into products_to_categories (products_id, categories_id) values ('289', '160');
insert into products_to_categories (products_id, categories_id) values ('290', '160');
insert into products_to_categories (products_id, categories_id) values ('291', '161');
insert into products_to_categories (products_id, categories_id) values ('292', '68');
insert into products_to_categories (products_id, categories_id) values ('293', '68');
insert into products_to_categories (products_id, categories_id) values ('294', '162');
insert into products_to_categories (products_id, categories_id) values ('295', '163');
insert into products_to_categories (products_id, categories_id) values ('296', '29');
insert into products_to_categories (products_id, categories_id) values ('297', '29');
insert into products_to_categories (products_id, categories_id) values ('298', '29');
insert into products_to_categories (products_id, categories_id) values ('299', '29');
insert into products_to_categories (products_id, categories_id) values ('300', '77');
insert into products_to_categories (products_id, categories_id) values ('301', '164');
insert into products_to_categories (products_id, categories_id) values ('302', '164');
insert into products_to_categories (products_id, categories_id) values ('303', '164');
insert into products_to_categories (products_id, categories_id) values ('304', '164');
insert into products_to_categories (products_id, categories_id) values ('305', '165');
insert into products_to_categories (products_id, categories_id) values ('306', '165');
insert into products_to_categories (products_id, categories_id) values ('308', '67');
insert into products_to_categories (products_id, categories_id) values ('309', '67');
insert into products_to_categories (products_id, categories_id) values ('310', '67');
insert into products_to_categories (products_id, categories_id) values ('311', '29');
insert into products_to_categories (products_id, categories_id) values ('311', '167');
insert into products_to_categories (products_id, categories_id) values ('312', '168');
insert into products_to_categories (products_id, categories_id) values ('313', '169');
insert into products_to_categories (products_id, categories_id) values ('314', '29');
insert into products_to_categories (products_id, categories_id) values ('315', '170');
insert into products_to_categories (products_id, categories_id) values ('316', '64');
insert into products_to_categories (products_id, categories_id) values ('317', '64');
insert into products_to_categories (products_id, categories_id) values ('318', '64');
insert into products_to_categories (products_id, categories_id) values ('319', '119');
insert into products_to_categories (products_id, categories_id) values ('320', '86');
insert into products_to_categories (products_id, categories_id) values ('321', '171');
insert into products_to_categories (products_id, categories_id) values ('321', '191');
insert into products_to_categories (products_id, categories_id) values ('322', '92');
insert into products_to_categories (products_id, categories_id) values ('323', '113');
insert into products_to_categories (products_id, categories_id) values ('323', '116');
insert into products_to_categories (products_id, categories_id) values ('324', '172');
insert into products_to_categories (products_id, categories_id) values ('325', '173');
insert into products_to_categories (products_id, categories_id) values ('326', '48');
insert into products_to_categories (products_id, categories_id) values ('327', '48');
insert into products_to_categories (products_id, categories_id) values ('328', '190');
insert into products_to_categories (products_id, categories_id) values ('329', '16');
insert into products_to_categories (products_id, categories_id) values ('330', '16');
insert into products_to_categories (products_id, categories_id) values ('331', '16');
insert into products_to_categories (products_id, categories_id) values ('332', '16');
insert into products_to_categories (products_id, categories_id) values ('333', '16');
insert into products_to_categories (products_id, categories_id) values ('334', '16');
insert into products_to_categories (products_id, categories_id) values ('335', '57');
insert into products_to_categories (products_id, categories_id) values ('336', '68');
insert into products_to_categories (products_id, categories_id) values ('337', '68');
insert into products_to_categories (products_id, categories_id) values ('338', '56');
insert into products_to_categories (products_id, categories_id) values ('339', '68');
insert into products_to_categories (products_id, categories_id) values ('340', '68');
insert into products_to_categories (products_id, categories_id) values ('341', '68');
insert into products_to_categories (products_id, categories_id) values ('342', '68');
insert into products_to_categories (products_id, categories_id) values ('343', '14');
insert into products_to_categories (products_id, categories_id) values ('344', '136');
insert into products_to_categories (products_id, categories_id) values ('345', '33');
insert into products_to_categories (products_id, categories_id) values ('346', '33');
insert into products_to_categories (products_id, categories_id) values ('347', '65');
insert into products_to_categories (products_id, categories_id) values ('348', '63');
insert into products_to_categories (products_id, categories_id) values ('349', '63');
insert into products_to_categories (products_id, categories_id) values ('350', '63');
insert into products_to_categories (products_id, categories_id) values ('351', '63');
insert into products_to_categories (products_id, categories_id) values ('352', '59');
insert into products_to_categories (products_id, categories_id) values ('353', '59');
insert into products_to_categories (products_id, categories_id) values ('354', '59');
insert into products_to_categories (products_id, categories_id) values ('355', '62');
insert into products_to_categories (products_id, categories_id) values ('356', '175');
insert into products_to_categories (products_id, categories_id) values ('357', '175');
insert into products_to_categories (products_id, categories_id) values ('358', '121');
insert into products_to_categories (products_id, categories_id) values ('360', '185');
insert into products_to_categories (products_id, categories_id) values ('361', '77');
insert into products_to_categories (products_id, categories_id) values ('362', '94');
insert into products_to_categories (products_id, categories_id) values ('363', '186');
insert into products_to_categories (products_id, categories_id) values ('364', '187');
insert into products_to_categories (products_id, categories_id) values ('365', '35');
insert into products_to_categories (products_id, categories_id) values ('366', '35');
insert into products_to_categories (products_id, categories_id) values ('367', '185');
insert into products_to_categories (products_id, categories_id) values ('368', '188');
insert into products_to_categories (products_id, categories_id) values ('369', '189');
insert into products_to_categories (products_id, categories_id) values ('370', '173');
insert into products_to_categories (products_id, categories_id) values ('371', '173');
insert into products_to_categories (products_id, categories_id) values ('372', '55');
insert into products_to_categories (products_id, categories_id) values ('373', '55');
insert into products_to_categories (products_id, categories_id) values ('374', '55');
insert into products_to_categories (products_id, categories_id) values ('375', '55');
insert into products_to_categories (products_id, categories_id) values ('376', '188');
insert into products_to_categories (products_id, categories_id) values ('377', '29');
insert into products_to_categories (products_id, categories_id) values ('378', '29');
insert into products_to_categories (products_id, categories_id) values ('379', '29');
insert into products_to_categories (products_id, categories_id) values ('380', '29');
insert into products_to_categories (products_id, categories_id) values ('381', '59');
insert into products_to_categories (products_id, categories_id) values ('382', '29');
insert into products_to_categories (products_id, categories_id) values ('383', '29');
insert into products_to_categories (products_id, categories_id) values ('384', '29');
insert into products_to_categories (products_id, categories_id) values ('385', '29');
insert into products_to_categories (products_id, categories_id) values ('386', '29');
insert into products_to_categories (products_id, categories_id) values ('387', '29');
insert into products_to_categories (products_id, categories_id) values ('390', '68');
insert into products_to_categories (products_id, categories_id) values ('391', '68');
insert into products_to_categories (products_id, categories_id) values ('392', '146');
insert into products_to_categories (products_id, categories_id) values ('393', '86');
insert into products_to_categories (products_id, categories_id) values ('394', '192');
insert into products_to_categories (products_id, categories_id) values ('395', '192');
insert into products_to_categories (products_id, categories_id) values ('396', '17');
insert into products_to_categories (products_id, categories_id) values ('397', '142');
insert into products_to_categories (products_id, categories_id) values ('398', '113');
insert into products_to_categories (products_id, categories_id) values ('399', '113');
insert into products_to_categories (products_id, categories_id) values ('400', '113');
insert into products_to_categories (products_id, categories_id) values ('401', '194');
insert into products_to_categories (products_id, categories_id) values ('402', '194');
insert into products_to_categories (products_id, categories_id) values ('403', '194');
insert into products_to_categories (products_id, categories_id) values ('404', '194');
insert into products_to_categories (products_id, categories_id) values ('405', '194');
insert into products_to_categories (products_id, categories_id) values ('406', '194');
insert into products_to_categories (products_id, categories_id) values ('407', '194');
insert into products_to_categories (products_id, categories_id) values ('408', '194');
insert into products_to_categories (products_id, categories_id) values ('409', '194');
insert into products_to_categories (products_id, categories_id) values ('410', '194');
insert into products_to_categories (products_id, categories_id) values ('411', '194');
insert into products_to_categories (products_id, categories_id) values ('412', '194');
insert into products_to_categories (products_id, categories_id) values ('413', '194');
insert into products_to_categories (products_id, categories_id) values ('414', '194');
insert into products_to_categories (products_id, categories_id) values ('415', '194');
insert into products_to_categories (products_id, categories_id) values ('416', '194');
insert into products_to_categories (products_id, categories_id) values ('417', '194');
insert into products_to_categories (products_id, categories_id) values ('418', '194');
insert into products_to_categories (products_id, categories_id) values ('419', '194');
insert into products_to_categories (products_id, categories_id) values ('420', '194');
insert into products_to_categories (products_id, categories_id) values ('421', '194');
insert into products_to_categories (products_id, categories_id) values ('422', '194');
insert into products_to_categories (products_id, categories_id) values ('423', '194');
insert into products_to_categories (products_id, categories_id) values ('424', '194');
insert into products_to_categories (products_id, categories_id) values ('425', '194');
insert into products_to_categories (products_id, categories_id) values ('426', '194');
insert into products_to_categories (products_id, categories_id) values ('427', '194');
insert into products_to_categories (products_id, categories_id) values ('428', '194');
insert into products_to_categories (products_id, categories_id) values ('429', '194');
insert into products_to_categories (products_id, categories_id) values ('430', '194');
insert into products_to_categories (products_id, categories_id) values ('431', '194');
insert into products_to_categories (products_id, categories_id) values ('432', '194');
insert into products_to_categories (products_id, categories_id) values ('433', '194');
insert into products_to_categories (products_id, categories_id) values ('434', '194');
insert into products_to_categories (products_id, categories_id) values ('435', '194');
insert into products_to_categories (products_id, categories_id) values ('436', '42');
insert into products_to_categories (products_id, categories_id) values ('437', '195');
insert into products_to_categories (products_id, categories_id) values ('438', '195');
insert into products_to_categories (products_id, categories_id) values ('439', '195');
insert into products_to_categories (products_id, categories_id) values ('440', '195');
insert into products_to_categories (products_id, categories_id) values ('441', '195');
insert into products_to_categories (products_id, categories_id) values ('442', '195');
insert into products_to_categories (products_id, categories_id) values ('443', '195');
insert into products_to_categories (products_id, categories_id) values ('444', '195');
insert into products_to_categories (products_id, categories_id) values ('445', '195');
insert into products_to_categories (products_id, categories_id) values ('446', '195');
insert into products_to_categories (products_id, categories_id) values ('447', '195');
insert into products_to_categories (products_id, categories_id) values ('448', '195');
insert into products_to_categories (products_id, categories_id) values ('449', '195');
insert into products_to_categories (products_id, categories_id) values ('450', '195');
insert into products_to_categories (products_id, categories_id) values ('451', '195');
insert into products_to_categories (products_id, categories_id) values ('452', '195');
insert into products_to_categories (products_id, categories_id) values ('453', '195');
insert into products_to_categories (products_id, categories_id) values ('454', '195');
insert into products_to_categories (products_id, categories_id) values ('455', '195');
insert into products_to_categories (products_id, categories_id) values ('456', '195');
insert into products_to_categories (products_id, categories_id) values ('457', '195');
insert into products_to_categories (products_id, categories_id) values ('458', '195');
insert into products_to_categories (products_id, categories_id) values ('459', '195');
insert into products_to_categories (products_id, categories_id) values ('460', '195');
insert into products_to_categories (products_id, categories_id) values ('461', '195');
insert into products_to_categories (products_id, categories_id) values ('462', '196');
insert into products_to_categories (products_id, categories_id) values ('463', '196');
insert into products_to_categories (products_id, categories_id) values ('464', '197');
insert into products_to_categories (products_id, categories_id) values ('465', '198');
insert into products_to_categories (products_id, categories_id) values ('466', '198');
insert into products_to_categories (products_id, categories_id) values ('467', '36');
insert into products_to_categories (products_id, categories_id) values ('468', '143');
insert into products_to_categories (products_id, categories_id) values ('469', '143');
insert into products_to_categories (products_id, categories_id) values ('471', '88');
insert into products_to_categories (products_id, categories_id) values ('472', '86');
insert into products_to_categories (products_id, categories_id) values ('473', '18');
insert into products_to_categories (products_id, categories_id) values ('474', '59');
insert into products_to_categories (products_id, categories_id) values ('475', '18');
insert into products_to_categories (products_id, categories_id) values ('477', '18');
insert into products_to_categories (products_id, categories_id) values ('478', '18');
insert into products_to_categories (products_id, categories_id) values ('479', '18');
insert into products_to_categories (products_id, categories_id) values ('480', '18');
insert into products_to_categories (products_id, categories_id) values ('481', '18');
insert into products_to_categories (products_id, categories_id) values ('482', '18');
insert into products_to_categories (products_id, categories_id) values ('483', '18');
insert into products_to_categories (products_id, categories_id) values ('484', '18');
insert into products_to_categories (products_id, categories_id) values ('485', '18');
insert into products_to_categories (products_id, categories_id) values ('486', '31');
insert into products_to_categories (products_id, categories_id) values ('487', '31');
insert into products_to_categories (products_id, categories_id) values ('488', '30');
insert into products_to_categories (products_id, categories_id) values ('489', '30');
insert into products_to_categories (products_id, categories_id) values ('490', '30');
insert into products_to_categories (products_id, categories_id) values ('491', '30');
insert into products_to_categories (products_id, categories_id) values ('492', '30');
insert into products_to_categories (products_id, categories_id) values ('493', '17');
insert into products_to_categories (products_id, categories_id) values ('494', '17');
insert into products_to_categories (products_id, categories_id) values ('495', '17');
insert into products_to_categories (products_id, categories_id) values ('496', '17');
insert into products_to_categories (products_id, categories_id) values ('497', '17');
insert into products_to_categories (products_id, categories_id) values ('498', '17');
insert into products_to_categories (products_id, categories_id) values ('499', '17');
insert into products_to_categories (products_id, categories_id) values ('500', '17');
insert into products_to_categories (products_id, categories_id) values ('501', '86');
insert into products_to_categories (products_id, categories_id) values ('502', '18');
insert into products_to_categories (products_id, categories_id) values ('503', '88');
insert into products_to_categories (products_id, categories_id) values ('504', '18');
insert into products_to_categories (products_id, categories_id) values ('505', '18');
insert into products_to_categories (products_id, categories_id) values ('506', '18');
insert into products_to_categories (products_id, categories_id) values ('507', '18');
insert into products_to_categories (products_id, categories_id) values ('508', '18');
insert into products_to_categories (products_id, categories_id) values ('509', '18');
insert into products_to_categories (products_id, categories_id) values ('510', '18');
insert into products_to_categories (products_id, categories_id) values ('511', '86');
insert into products_to_categories (products_id, categories_id) values ('512', '86');
insert into products_to_categories (products_id, categories_id) values ('513', '86');
insert into products_to_categories (products_id, categories_id) values ('514', '87');
insert into products_to_categories (products_id, categories_id) values ('515', '89');
insert into products_to_categories (products_id, categories_id) values ('516', '38');
insert into products_to_categories (products_id, categories_id) values ('517', '38');
insert into products_to_categories (products_id, categories_id) values ('518', '18');
insert into products_to_categories (products_id, categories_id) values ('519', '18');
insert into products_to_categories (products_id, categories_id) values ('520', '18');
insert into products_to_categories (products_id, categories_id) values ('521', '18');
insert into products_to_categories (products_id, categories_id) values ('522', '18');
insert into products_to_categories (products_id, categories_id) values ('523', '18');
insert into products_to_categories (products_id, categories_id) values ('524', '18');
insert into products_to_categories (products_id, categories_id) values ('525', '88');
insert into products_to_categories (products_id, categories_id) values ('526', '88');
insert into products_to_categories (products_id, categories_id) values ('527', '88');
insert into products_to_categories (products_id, categories_id) values ('528', '88');
insert into products_to_categories (products_id, categories_id) values ('529', '88');
insert into products_to_categories (products_id, categories_id) values ('530', '88');
insert into products_to_categories (products_id, categories_id) values ('531', '88');
insert into products_to_categories (products_id, categories_id) values ('532', '146');
insert into products_to_categories (products_id, categories_id) values ('533', '146');
insert into products_to_categories (products_id, categories_id) values ('534', '92');
insert into products_to_categories (products_id, categories_id) values ('535', '92');
insert into products_to_categories (products_id, categories_id) values ('536', '93');
insert into products_to_categories (products_id, categories_id) values ('537', '87');
insert into products_to_categories (products_id, categories_id) values ('538', '87');
insert into products_to_categories (products_id, categories_id) values ('539', '199');
insert into products_to_categories (products_id, categories_id) values ('540', '199');
insert into products_to_categories (products_id, categories_id) values ('541', '199');
insert into products_to_categories (products_id, categories_id) values ('542', '199');
insert into products_to_categories (products_id, categories_id) values ('543', '15');
insert into products_to_categories (products_id, categories_id) values ('544', '15');
insert into products_to_categories (products_id, categories_id) values ('545', '152');
insert into products_to_categories (products_id, categories_id) values ('546', '152');
insert into products_to_categories (products_id, categories_id) values ('547', '118');
insert into products_to_categories (products_id, categories_id) values ('548', '118');
insert into products_to_categories (products_id, categories_id) values ('549', '44');
insert into products_to_categories (products_id, categories_id) values ('550', '44');
insert into products_to_categories (products_id, categories_id) values ('551', '197');
insert into products_to_categories (products_id, categories_id) values ('552', '17');
drop table if exists reviews;
create table reviews (
  reviews_id int(11) not null auto_increment,
  products_id int(11) default '0' not null ,
  customers_id int(11) ,
  customers_name varchar(64) not null ,
  reviews_rating int(1) ,
  date_added datetime ,
  last_modified datetime ,
  reviews_read int(5) default '0' not null ,
  PRIMARY KEY (reviews_id)
);

drop table if exists reviews_description;
create table reviews_description (
  reviews_id int(11) default '0' not null ,
  languages_id int(11) default '0' not null ,
  reviews_text text not null ,
  PRIMARY KEY (reviews_id, languages_id)
);

drop table if exists sessions;
create table sessions (
  sesskey varchar(32) not null ,
  expiry int(11) unsigned default '0' not null ,
  value text not null ,
  PRIMARY KEY (sesskey)
);

insert into sessions (sesskey, expiry, value) values ('aa4d335395385642782e0c3f4297e2d9', '1135223371', 'cart|O:12:\"shoppingcart\":4:{s:8:\"contents\";a:0:{}s:5:\"total\";i:0;s:6:\"weight\";i:0;s:12:\"content_type\";b:0;}language|s:7:\"english\";languages_id|s:1:\"1\";currency|s:3:\"USD\";navigation|O:17:\"navigationhistory\":2:{s:4:\"path\";a:1:{i:0;a:4:{s:4:\"page\";s:9:\"index.php\";s:4:\"mode\";s:6:\"NONSSL\";s:3:\"get\";a:0:{}s:4:\"post\";a:0:{}}}s:8:\"snapshot\";a:0:{}}');
insert into sessions (sesskey, expiry, value) values ('d81bae733fd1629fd2f1cf99ddab7357', '1135223312', 'cart|O:12:\"shoppingcart\":5:{s:8:\"contents\";a:0:{}s:5:\"total\";i:0;s:6:\"weight\";i:0;s:6:\"cartID\";N;s:12:\"content_type\";b:0;}language|s:7:\"english\";languages_id|s:1:\"1\";currency|s:3:\"USD\";navigation|O:17:\"navigationhistory\":2:{s:4:\"path\";a:2:{i:0;a:4:{s:4:\"page\";s:9:\"index.php\";s:4:\"mode\";s:6:\"NONSSL\";s:3:\"get\";a:0:{}s:4:\"post\";a:0:{}}i:1;a:4:{s:4:\"page\";s:16:\"product_info.php\";s:4:\"mode\";s:6:\"NONSSL\";s:3:\"get\";a:2:{s:11:\"products_id\";s:3:\"552\";s:6:\"osCsid\";s:32:\"d81bae733fd1629fd2f1cf99ddab7357\";}s:4:\"post\";a:0:{}}}s:8:\"snapshot\";a:0:{}}');
insert into sessions (sesskey, expiry, value) values ('10b1a5e71eff20486176f0fe819c00a1', '1135223361', 'cart|O:12:\"shoppingcart\":5:{s:8:\"contents\";a:0:{}s:5:\"total\";i:0;s:6:\"weight\";i:0;s:6:\"cartID\";N;s:12:\"content_type\";b:0;}language|s:7:\"english\";languages_id|s:1:\"1\";currency|s:3:\"USD\";navigation|O:17:\"navigationhistory\":2:{s:4:\"path\";a:9:{i:0;a:4:{s:4:\"page\";s:9:\"index.php\";s:4:\"mode\";s:6:\"NONSSL\";s:3:\"get\";a:0:{}s:4:\"post\";a:0:{}}i:1;a:4:{s:4:\"page\";s:9:\"index.php\";s:4:\"mode\";s:6:\"NONSSL\";s:3:\"get\";a:2:{s:5:\"cPath\";s:1:\"8\";s:6:\"osCsid\";s:32:\"10b1a5e71eff20486176f0fe819c00a1\";}s:4:\"post\";a:0:{}}i:2;a:4:{s:4:\"page\";s:16:\"product_info.php\";s:4:\"mode\";s:6:\"NONSSL\";s:3:\"get\";a:3:{s:11:\"products_id\";s:3:\"321\";s:6:\"action\";s:11:\"add_product\";s:6:\"osCsid\";s:32:\"10b1a5e71eff20486176f0fe819c00a1\";}s:4:\"post\";a:5:{s:6:\"osCsid\";s:32:\"10b1a5e71eff20486176f0fe819c00a1\";s:2:\"id\";a:1:{i:1;s:1:\"3\";}s:11:\"products_id\";s:3:\"321\";s:1:\"x\";s:2:\"45\";s:1:\"y\";s:2:\"18\";}}i:3;a:4:{s:4:\"page\";s:17:\"shopping_cart.php\";s:4:\"mode\";s:6:\"NONSSL\";s:3:\"get\";a:1:{s:6:\"osCsid\";s:32:\"10b1a5e71eff20486176f0fe819c00a1\";}s:4:\"post\";a:0:{}}i:4;a:4:{s:4:\"page\";s:21:\"checkout_shipping.php\";s:4:\"mode\";s:3:\"SSL\";s:3:\"get\";a:1:{s:6:\"osCsid\";s:32:\"10b1a5e71eff20486176f0fe819c00a1\";}s:4:\"post\";a:6:{s:6:\"osCsid\";s:32:\"10b1a5e71eff20486176f0fe819c00a1\";s:6:\"action\";s:7:\"process\";s:8:\"shipping\";s:9:\"fedex1_90\";s:8:\"comments\";s:0:\"\";s:1:\"x\";s:2:\"51\";s:1:\"y\";s:1:\"7\";}}i:5;a:4:{s:4:\"page\";s:20:\"checkout_payment.php\";s:4:\"mode\";s:3:\"SSL\";s:3:\"get\";a:6:{s:13:\"payment_error\";s:2:\"cc\";s:5:\"error\";s:25:\"CVV code is 3 or 4 digits\";s:8:\"cc_owner\";s:13:\"Mike Sheridan\";s:16:\"cc_expires_month\";s:2:\"01\";s:15:\"cc_expires_year\";s:2:\"09\";s:6:\"osCsid\";s:32:\"10b1a5e71eff20486176f0fe819c00a1\";}s:4:\"post\";a:0:{}}i:6;a:4:{s:4:\"page\";s:25:\"checkout_confirmation.php\";s:4:\"mode\";s:3:\"SSL\";s:3:\"get\";a:1:{s:6:\"osCsid\";s:32:\"10b1a5e71eff20486176f0fe819c00a1\";}s:4:\"post\";a:10:{s:6:\"osCsid\";s:32:\"10b1a5e71eff20486176f0fe819c00a1\";s:7:\"payment\";s:2:\"cc\";s:8:\"cc_owner\";s:13:\"Mike Sheridan\";s:9:\"cc_number\";s:16:\"4355440860114454\";s:7:\"cc_cvv2\";s:3:\"973\";s:16:\"cc_expires_month\";s:2:\"01\";s:15:\"cc_expires_year\";s:2:\"09\";s:8:\"comments\";s:4:\"fdsf\";s:1:\"x\";s:2:\"38\";s:1:\"y\";s:2:\"14\";}}i:7;a:4:{s:4:\"page\";s:20:\"checkout_process.php\";s:4:\"mode\";s:3:\"SSL\";s:3:\"get\";a:1:{s:6:\"osCsid\";s:32:\"10b1a5e71eff20486176f0fe819c00a1\";}s:4:\"post\";a:8:{s:6:\"osCsid\";s:32:\"10b1a5e71eff20486176f0fe819c00a1\";s:8:\"cc_owner\";s:13:\"Mike Sheridan\";s:10:\"cc_expires\";s:4:\"0109\";s:7:\"cc_type\";s:4:\"Visa\";s:7:\"cc_cvv2\";s:3:\"973\";s:9:\"cc_number\";s:16:\"4355440860114454\";s:1:\"x\";s:2:\"90\";s:1:\"y\";s:2:\"13\";}}i:8;a:4:{s:4:\"page\";s:20:\"checkout_success.php\";s:4:\"mode\";s:3:\"SSL\";s:3:\"get\";a:1:{s:6:\"osCsid\";s:32:\"10b1a5e71eff20486176f0fe819c00a1\";}s:4:\"post\";a:0:{}}}s:8:\"snapshot\";a:0:{}}customer_id|s:1:\"3\";customer_default_address_id|s:1:\"3\";customer_first_name|s:4:\"Mike\";customer_country_id|s:3:\"223\";customer_zone_id|s:2:\"25\";');
insert into sessions (sesskey, expiry, value) values ('aa6e64e54ef80ec4787fc083348e8f08', '1135223265', 'cart|O:12:\"shoppingcart\":5:{s:8:\"contents\";a:0:{}s:5:\"total\";i:0;s:6:\"weight\";i:0;s:6:\"cartID\";N;s:12:\"content_type\";b:0;}language|s:7:\"english\";languages_id|s:1:\"1\";currency|s:3:\"USD\";navigation|O:17:\"navigationhistory\":2:{s:4:\"path\";a:2:{i:0;a:4:{s:4:\"page\";s:9:\"index.php\";s:4:\"mode\";s:6:\"NONSSL\";s:3:\"get\";a:0:{}s:4:\"post\";a:0:{}}i:1;a:4:{s:4:\"page\";s:9:\"index.php\";s:4:\"mode\";s:6:\"NONSSL\";s:3:\"get\";a:2:{s:5:\"cPath\";s:2:\"11\";s:6:\"osCsid\";s:32:\"aa6e64e54ef80ec4787fc083348e8f08\";}s:4:\"post\";a:0:{}}}s:8:\"snapshot\";a:0:{}}');
insert into sessions (sesskey, expiry, value) values ('326a4d6e7ddb25cdbbc570642cb1e41c', '1135210860', 'cart|O:12:\"shoppingcart\":5:{s:8:\"contents\";a:0:{}s:5:\"total\";i:0;s:6:\"weight\";i:0;s:6:\"cartID\";N;s:12:\"content_type\";b:0;}language|s:7:\"english\";languages_id|s:1:\"1\";currency|s:3:\"USD\";navigation|O:17:\"navigationhistory\":2:{s:4:\"path\";a:1:{i:0;a:4:{s:4:\"page\";s:9:\"index.php\";s:4:\"mode\";s:6:\"NONSSL\";s:3:\"get\";a:1:{s:6:\"osCsid\";s:32:\"326a4d6e7ddb25cdbbc570642cb1e41c\";}s:4:\"post\";a:0:{}}}s:8:\"snapshot\";a:0:{}}');
insert into sessions (sesskey, expiry, value) values ('aa47913bd3de7bff99081432917aa584', '1135211318', 'cart|O:12:\"shoppingcart\":5:{s:8:\"contents\";a:0:{}s:5:\"total\";i:0;s:6:\"weight\";i:0;s:6:\"cartID\";N;s:12:\"content_type\";b:0;}language|s:7:\"english\";languages_id|s:1:\"1\";currency|s:3:\"USD\";navigation|O:17:\"navigationhistory\":2:{s:4:\"path\";a:6:{i:0;a:4:{s:4:\"page\";s:24:\"account_history_info.php\";s:4:\"mode\";s:3:\"SSL\";s:3:\"get\";a:2:{s:8:\"order_id\";s:2:\"72\";s:6:\"osCsid\";s:32:\"aa47913bd3de7bff99081432917aa584\";}s:4:\"post\";a:0:{}}i:1;a:4:{s:4:\"page\";s:9:\"login.php\";s:4:\"mode\";s:3:\"SSL\";s:3:\"get\";a:1:{s:6:\"osCsid\";s:32:\"aa47913bd3de7bff99081432917aa584\";}s:4:\"post\";a:0:{}}i:2;a:4:{s:4:\"page\";s:9:\"index.php\";s:4:\"mode\";s:6:\"NONSSL\";s:3:\"get\";a:2:{s:5:\"cPath\";s:1:\"9\";s:6:\"osCsid\";s:32:\"aa47913bd3de7bff99081432917aa584\";}s:4:\"post\";a:0:{}}i:3;a:4:{s:4:\"page\";s:9:\"index.php\";s:4:\"mode\";s:6:\"NONSSL\";s:3:\"get\";a:2:{s:5:\"cPath\";s:4:\"9_86\";s:6:\"osCsid\";s:32:\"aa47913bd3de7bff99081432917aa584\";}s:4:\"post\";a:0:{}}i:4;a:4:{s:4:\"page\";s:16:\"product_info.php\";s:4:\"mode\";s:6:\"NONSSL\";s:3:\"get\";a:3:{s:5:\"cPath\";s:4:\"9_86\";s:11:\"products_id\";s:3:\"511\";s:6:\"osCsid\";s:32:\"aa47913bd3de7bff99081432917aa584\";}s:4:\"post\";a:0:{}}i:5;a:4:{s:4:\"page\";s:14:\"contact_us.php\";s:4:\"mode\";s:6:\"NONSSL\";s:3:\"get\";a:1:{s:6:\"osCsid\";s:32:\"aa47913bd3de7bff99081432917aa584\";}s:4:\"post\";a:0:{}}}s:8:\"snapshot\";a:0:{}}customer_id|s:2:\"68\";customer_default_address_id|s:2:\"86\";customer_first_name|s:4:\"Doug\";customer_country_id|s:3:\"223\";customer_zone_id|s:2:\"36\";');
insert into sessions (sesskey, expiry, value) values ('aa2857379e12f60270d3f1fa712f13e1', '1135212056', 'cart|O:12:\"shoppingcart\":5:{s:8:\"contents\";a:0:{}s:5:\"total\";i:0;s:6:\"weight\";i:0;s:6:\"cartID\";N;s:12:\"content_type\";b:0;}language|s:7:\"english\";languages_id|s:1:\"1\";currency|s:3:\"USD\";navigation|O:17:\"navigationhistory\":2:{s:4:\"path\";a:3:{i:0;a:4:{s:4:\"page\";s:9:\"index.php\";s:4:\"mode\";s:6:\"NONSSL\";s:3:\"get\";a:0:{}s:4:\"post\";a:0:{}}i:1;a:4:{s:4:\"page\";s:9:\"index.php\";s:4:\"mode\";s:6:\"NONSSL\";s:3:\"get\";a:2:{s:5:\"cPath\";s:1:\"2\";s:6:\"osCsid\";s:32:\"aa2857379e12f60270d3f1fa712f13e1\";}s:4:\"post\";a:0:{}}i:2;a:4:{s:4:\"page\";s:9:\"index.php\";s:4:\"mode\";s:6:\"NONSSL\";s:3:\"get\";a:2:{s:5:\"cPath\";s:4:\"2_21\";s:6:\"osCsid\";s:32:\"aa2857379e12f60270d3f1fa712f13e1\";}s:4:\"post\";a:0:{}}}s:8:\"snapshot\";a:0:{}}');
insert into sessions (sesskey, expiry, value) values ('1b42cefd90371daed4a7c68fe093e530', '1135214280', 'cart|O:12:\"shoppingcart\":5:{s:8:\"contents\";a:0:{}s:5:\"total\";i:0;s:6:\"weight\";i:0;s:6:\"cartID\";N;s:12:\"content_type\";b:0;}language|s:7:\"english\";languages_id|s:1:\"1\";currency|s:3:\"USD\";navigation|O:17:\"navigationhistory\":2:{s:4:\"path\";a:2:{i:0;a:4:{s:4:\"page\";s:9:\"index.php\";s:4:\"mode\";s:6:\"NONSSL\";s:3:\"get\";a:2:{s:5:\"cPath\";s:1:\"4\";s:6:\"osCsid\";s:32:\"1b42cefd90371daed4a7c68fe093e530\";}s:4:\"post\";a:0:{}}i:1;a:4:{s:4:\"page\";s:9:\"index.php\";s:4:\"mode\";s:6:\"NONSSL\";s:3:\"get\";a:2:{s:5:\"cPath\";s:4:\"4_66\";s:6:\"osCsid\";s:32:\"1b42cefd90371daed4a7c68fe093e530\";}s:4:\"post\";a:0:{}}}s:8:\"snapshot\";a:0:{}}');
insert into sessions (sesskey, expiry, value) values ('0db47caaba320c6c045540a5223ebd71', '1135218102', 'cart|O:12:\"shoppingcart\":4:{s:8:\"contents\";a:0:{}s:5:\"total\";i:0;s:6:\"weight\";i:0;s:12:\"content_type\";b:0;}language|s:7:\"english\";languages_id|s:1:\"1\";currency|s:3:\"USD\";navigation|O:17:\"navigationhistory\":2:{s:4:\"path\";a:1:{i:0;a:4:{s:4:\"page\";s:9:\"index.php\";s:4:\"mode\";s:6:\"NONSSL\";s:3:\"get\";a:0:{}s:4:\"post\";a:0:{}}}s:8:\"snapshot\";a:0:{}}');
insert into sessions (sesskey, expiry, value) values ('964d69971bde069c257697ea3c94ac6b', '1135218764', 'cart|O:12:\"shoppingcart\":4:{s:8:\"contents\";a:0:{}s:5:\"total\";i:0;s:6:\"weight\";i:0;s:12:\"content_type\";b:0;}language|s:7:\"english\";languages_id|s:1:\"1\";currency|s:3:\"USD\";navigation|O:17:\"navigationhistory\":2:{s:4:\"path\";a:1:{i:0;a:4:{s:4:\"page\";s:9:\"index.php\";s:4:\"mode\";s:6:\"NONSSL\";s:3:\"get\";a:0:{}s:4:\"post\";a:0:{}}}s:8:\"snapshot\";a:0:{}}');
insert into sessions (sesskey, expiry, value) values ('3d51faf845ee44c1c46c4710ef328d67', '1135223218', 'cart|O:12:\"shoppingcart\":5:{s:8:\"contents\";a:0:{}s:5:\"total\";i:0;s:6:\"weight\";i:0;s:6:\"cartID\";N;s:12:\"content_type\";b:0;}language|s:7:\"english\";languages_id|s:1:\"1\";currency|s:3:\"USD\";navigation|O:17:\"navigationhistory\":2:{s:4:\"path\";a:2:{i:0;a:4:{s:4:\"page\";s:9:\"index.php\";s:4:\"mode\";s:6:\"NONSSL\";s:3:\"get\";a:0:{}s:4:\"post\";a:0:{}}i:1;a:4:{s:4:\"page\";s:9:\"index.php\";s:4:\"mode\";s:6:\"NONSSL\";s:3:\"get\";a:2:{s:5:\"cPath\";s:2:\"12\";s:6:\"osCsid\";s:32:\"3d51faf845ee44c1c46c4710ef328d67\";}s:4:\"post\";a:0:{}}}s:8:\"snapshot\";a:0:{}}');
insert into sessions (sesskey, expiry, value) values ('84b6172550c55957818cc27d57598744', '1135223269', 'cart|O:12:\"shoppingcart\":5:{s:8:\"contents\";a:0:{}s:5:\"total\";i:0;s:6:\"weight\";i:0;s:6:\"cartID\";N;s:12:\"content_type\";b:0;}language|s:7:\"english\";languages_id|s:1:\"1\";currency|s:3:\"USD\";navigation|O:17:\"navigationhistory\":2:{s:4:\"path\";a:2:{i:0;a:4:{s:4:\"page\";s:9:\"index.php\";s:4:\"mode\";s:6:\"NONSSL\";s:3:\"get\";a:0:{}s:4:\"post\";a:0:{}}i:1;a:4:{s:4:\"page\";s:9:\"index.php\";s:4:\"mode\";s:6:\"NONSSL\";s:3:\"get\";a:2:{s:5:\"cPath\";s:1:\"5\";s:6:\"osCsid\";s:32:\"84b6172550c55957818cc27d57598744\";}s:4:\"post\";a:0:{}}}s:8:\"snapshot\";a:0:{}}');
drop table if exists specials;
create table specials (
  specials_id int(11) not null auto_increment,
  products_id int(11) default '0' not null ,
  specials_new_products_price decimal(15,4) default '0.0000' not null ,
  specials_date_added datetime ,
  specials_last_modified datetime ,
  expires_date datetime ,
  date_status_change datetime ,
  status int(1) default '1' not null ,
  PRIMARY KEY (specials_id)
);

drop table if exists tax_class;
create table tax_class (
  tax_class_id int(11) not null auto_increment,
  tax_class_title varchar(32) not null ,
  tax_class_description varchar(255) not null ,
  last_modified datetime ,
  date_added datetime default '0000-00-00 00:00:00' not null ,
  PRIMARY KEY (tax_class_id)
);

insert into tax_class (tax_class_id, tax_class_title, tax_class_description, last_modified, date_added) values ('1', 'Taxable Goods', 'The following types of products are included non-food, services, etc', '2005-01-27 17:14:43', '2005-01-27 17:14:43');
drop table if exists tax_rates;
create table tax_rates (
  tax_rates_id int(11) not null auto_increment,
  tax_zone_id int(11) default '0' not null ,
  tax_class_id int(11) default '0' not null ,
  tax_priority int(5) default '1' ,
  tax_rate decimal(7,4) default '0.0000' not null ,
  tax_description varchar(255) not null ,
  last_modified datetime ,
  date_added datetime default '0000-00-00 00:00:00' not null ,
  PRIMARY KEY (tax_rates_id)
);

insert into tax_rates (tax_rates_id, tax_zone_id, tax_class_id, tax_priority, tax_rate, tax_description, last_modified, date_added) values ('1', '1', '1', '1', '7.0000', 'FL TAX 7.0%', '2005-01-27 17:14:43', '2005-01-27 17:14:43');
drop table if exists whos_online;
create table whos_online (
  customer_id int(11) ,
  full_name varchar(64) not null ,
  session_id varchar(128) not null ,
  ip_address varchar(15) not null ,
  time_entry varchar(14) not null ,
  time_last_click varchar(14) not null ,
  last_page_url varchar(64) not null 
);

insert into whos_online (customer_id, full_name, session_id, ip_address, time_entry, time_last_click, last_page_url) values ('0', 'Guest', 'aa4d335395385642782e0c3f4297e2d9', '24.1.184.56', '1135221931', '1135221931', '/store/index.php');
insert into whos_online (customer_id, full_name, session_id, ip_address, time_entry, time_last_click, last_page_url) values ('0', 'Guest', 'd81bae733fd1629fd2f1cf99ddab7357', '24.1.184.56', '1135221864', '1135221872', '/store/product_info.php?products_id=552&osCsid=d81bae733fd1629fd');
insert into whos_online (customer_id, full_name, session_id, ip_address, time_entry, time_last_click, last_page_url) values ('0', 'Guest', '3d51faf845ee44c1c46c4710ef328d67', '24.1.184.56', '1135221233', '1135221777', '/store/index.php?cPath=12&osCsid=3d51faf845ee44c1c46c4710ef328d6');
insert into whos_online (customer_id, full_name, session_id, ip_address, time_entry, time_last_click, last_page_url) values ('0', 'Guest', '84b6172550c55957818cc27d57598744', '24.1.184.56', '1135221815', '1135221828', '/store/index.php?cPath=5&osCsid=84b6172550c55957818cc27d57598744');
insert into whos_online (customer_id, full_name, session_id, ip_address, time_entry, time_last_click, last_page_url) values ('0', 'Guest', 'aa6e64e54ef80ec4787fc083348e8f08', '12.205.182.65', '1135221821', '1135221824', '/store/index.php?cPath=11&osCsid=aa6e64e54ef80ec4787fc083348e8f0');
insert into whos_online (customer_id, full_name, session_id, ip_address, time_entry, time_last_click, last_page_url) values ('3', 'Mike Sheridan', '10b1a5e71eff20486176f0fe819c00a1', '12.205.182.65', '1135221827', '1135221921', '/performa//store/checkout_success.php?osCsid=10b1a5e71eff2048617');
drop table if exists zones;
create table zones (
  zone_id int(11) not null auto_increment,
  zone_country_id int(11) default '0' not null ,
  zone_code varchar(32) not null ,
  zone_name varchar(32) not null ,
  PRIMARY KEY (zone_id)
);

insert into zones (zone_id, zone_country_id, zone_code, zone_name) values ('1', '223', 'AL', 'Alabama');
insert into zones (zone_id, zone_country_id, zone_code, zone_name) values ('2', '223', 'AK', 'Alaska');
insert into zones (zone_id, zone_country_id, zone_code, zone_name) values ('3', '223', 'AS', 'American Samoa');
insert into zones (zone_id, zone_country_id, zone_code, zone_name) values ('4', '223', 'AZ', 'Arizona');
insert into zones (zone_id, zone_country_id, zone_code, zone_name) values ('5', '223', 'AR', 'Arkansas');
insert into zones (zone_id, zone_country_id, zone_code, zone_name) values ('6', '223', 'AF', 'Armed Forces Africa');
insert into zones (zone_id, zone_country_id, zone_code, zone_name) values ('7', '223', 'AA', 'Armed Forces Americas');
insert into zones (zone_id, zone_country_id, zone_code, zone_name) values ('8', '223', 'AC', 'Armed Forces Canada');
insert into zones (zone_id, zone_country_id, zone_code, zone_name) values ('9', '223', 'AE', 'Armed Forces Europe');
insert into zones (zone_id, zone_country_id, zone_code, zone_name) values ('10', '223', 'AM', 'Armed Forces Middle East');
insert into zones (zone_id, zone_country_id, zone_code, zone_name) values ('11', '223', 'AP', 'Armed Forces Pacific');
insert into zones (zone_id, zone_country_id, zone_code, zone_name) values ('12', '223', 'CA', 'California');
insert into zones (zone_id, zone_country_id, zone_code, zone_name) values ('13', '223', 'CO', 'Colorado');
insert into zones (zone_id, zone_country_id, zone_code, zone_name) values ('14', '223', 'CT', 'Connecticut');
insert into zones (zone_id, zone_country_id, zone_code, zone_name) values ('15', '223', 'DE', 'Delaware');
insert into zones (zone_id, zone_country_id, zone_code, zone_name) values ('16', '223', 'DC', 'District of Columbia');
insert into zones (zone_id, zone_country_id, zone_code, zone_name) values ('17', '223', 'FM', 'Federated States Of Micronesia');
insert into zones (zone_id, zone_country_id, zone_code, zone_name) values ('18', '223', 'FL', 'Florida');
insert into zones (zone_id, zone_country_id, zone_code, zone_name) values ('19', '223', 'GA', 'Georgia');
insert into zones (zone_id, zone_country_id, zone_code, zone_name) values ('20', '223', 'GU', 'Guam');
insert into zones (zone_id, zone_country_id, zone_code, zone_name) values ('21', '223', 'HI', 'Hawaii');
insert into zones (zone_id, zone_country_id, zone_code, zone_name) values ('22', '223', 'ID', 'Idaho');
insert into zones (zone_id, zone_country_id, zone_code, zone_name) values ('23', '223', 'IL', 'Illinois');
insert into zones (zone_id, zone_country_id, zone_code, zone_name) values ('24', '223', 'IN', 'Indiana');
insert into zones (zone_id, zone_country_id, zone_code, zone_name) values ('25', '223', 'IA', 'Iowa');
insert into zones (zone_id, zone_country_id, zone_code, zone_name) values ('26', '223', 'KS', 'Kansas');
insert into zones (zone_id, zone_country_id, zone_code, zone_name) values ('27', '223', 'KY', 'Kentucky');
insert into zones (zone_id, zone_country_id, zone_code, zone_name) values ('28', '223', 'LA', 'Louisiana');
insert into zones (zone_id, zone_country_id, zone_code, zone_name) values ('29', '223', 'ME', 'Maine');
insert into zones (zone_id, zone_country_id, zone_code, zone_name) values ('30', '223', 'MH', 'Marshall Islands');
insert into zones (zone_id, zone_country_id, zone_code, zone_name) values ('31', '223', 'MD', 'Maryland');
insert into zones (zone_id, zone_country_id, zone_code, zone_name) values ('32', '223', 'MA', 'Massachusetts');
insert into zones (zone_id, zone_country_id, zone_code, zone_name) values ('33', '223', 'MI', 'Michigan');
insert into zones (zone_id, zone_country_id, zone_code, zone_name) values ('34', '223', 'MN', 'Minnesota');
insert into zones (zone_id, zone_country_id, zone_code, zone_name) values ('35', '223', 'MS', 'Mississippi');
insert into zones (zone_id, zone_country_id, zone_code, zone_name) values ('36', '223', 'MO', 'Missouri');
insert into zones (zone_id, zone_country_id, zone_code, zone_name) values ('37', '223', 'MT', 'Montana');
insert into zones (zone_id, zone_country_id, zone_code, zone_name) values ('38', '223', 'NE', 'Nebraska');
insert into zones (zone_id, zone_country_id, zone_code, zone_name) values ('39', '223', 'NV', 'Nevada');
insert into zones (zone_id, zone_country_id, zone_code, zone_name) values ('40', '223', 'NH', 'New Hampshire');
insert into zones (zone_id, zone_country_id, zone_code, zone_name) values ('41', '223', 'NJ', 'New Jersey');
insert into zones (zone_id, zone_country_id, zone_code, zone_name) values ('42', '223', 'NM', 'New Mexico');
insert into zones (zone_id, zone_country_id, zone_code, zone_name) values ('43', '223', 'NY', 'New York');
insert into zones (zone_id, zone_country_id, zone_code, zone_name) values ('44', '223', 'NC', 'North Carolina');
insert into zones (zone_id, zone_country_id, zone_code, zone_name) values ('45', '223', 'ND', 'North Dakota');
insert into zones (zone_id, zone_country_id, zone_code, zone_name) values ('46', '223', 'MP', 'Northern Mariana Islands');
insert into zones (zone_id, zone_country_id, zone_code, zone_name) values ('47', '223', 'OH', 'Ohio');
insert into zones (zone_id, zone_country_id, zone_code, zone_name) values ('48', '223', 'OK', 'Oklahoma');
insert into zones (zone_id, zone_country_id, zone_code, zone_name) values ('49', '223', 'OR', 'Oregon');
insert into zones (zone_id, zone_country_id, zone_code, zone_name) values ('50', '223', 'PW', 'Palau');
insert into zones (zone_id, zone_country_id, zone_code, zone_name) values ('51', '223', 'PA', 'Pennsylvania');
insert into zones (zone_id, zone_country_id, zone_code, zone_name) values ('52', '223', 'PR', 'Puerto Rico');
insert into zones (zone_id, zone_country_id, zone_code, zone_name) values ('53', '223', 'RI', 'Rhode Island');
insert into zones (zone_id, zone_country_id, zone_code, zone_name) values ('54', '223', 'SC', 'South Carolina');
insert into zones (zone_id, zone_country_id, zone_code, zone_name) values ('55', '223', 'SD', 'South Dakota');
insert into zones (zone_id, zone_country_id, zone_code, zone_name) values ('56', '223', 'TN', 'Tennessee');
insert into zones (zone_id, zone_country_id, zone_code, zone_name) values ('57', '223', 'TX', 'Texas');
insert into zones (zone_id, zone_country_id, zone_code, zone_name) values ('58', '223', 'UT', 'Utah');
insert into zones (zone_id, zone_country_id, zone_code, zone_name) values ('59', '223', 'VT', 'Vermont');
insert into zones (zone_id, zone_country_id, zone_code, zone_name) values ('60', '223', 'VI', 'Virgin Islands');
insert into zones (zone_id, zone_country_id, zone_code, zone_name) values ('61', '223', 'VA', 'Virginia');
insert into zones (zone_id, zone_country_id, zone_code, zone_name) values ('62', '223', 'WA', 'Washington');
insert into zones (zone_id, zone_country_id, zone_code, zone_name) values ('63', '223', 'WV', 'West Virginia');
insert into zones (zone_id, zone_country_id, zone_code, zone_name) values ('64', '223', 'WI', 'Wisconsin');
insert into zones (zone_id, zone_country_id, zone_code, zone_name) values ('65', '223', 'WY', 'Wyoming');
insert into zones (zone_id, zone_country_id, zone_code, zone_name) values ('66', '38', 'AB', 'Alberta');
insert into zones (zone_id, zone_country_id, zone_code, zone_name) values ('67', '38', 'BC', 'British Columbia');
insert into zones (zone_id, zone_country_id, zone_code, zone_name) values ('68', '38', 'MB', 'Manitoba');
insert into zones (zone_id, zone_country_id, zone_code, zone_name) values ('69', '38', 'NF', 'Newfoundland');
insert into zones (zone_id, zone_country_id, zone_code, zone_name) values ('70', '38', 'NB', 'New Brunswick');
insert into zones (zone_id, zone_country_id, zone_code, zone_name) values ('71', '38', 'NS', 'Nova Scotia');
insert into zones (zone_id, zone_country_id, zone_code, zone_name) values ('72', '38', 'NT', 'Northwest Territories');
insert into zones (zone_id, zone_country_id, zone_code, zone_name) values ('73', '38', 'NU', 'Nunavut');
insert into zones (zone_id, zone_country_id, zone_code, zone_name) values ('74', '38', 'ON', 'Ontario');
insert into zones (zone_id, zone_country_id, zone_code, zone_name) values ('75', '38', 'PE', 'Prince Edward Island');
insert into zones (zone_id, zone_country_id, zone_code, zone_name) values ('76', '38', 'QC', 'Quebec');
insert into zones (zone_id, zone_country_id, zone_code, zone_name) values ('77', '38', 'SK', 'Saskatchewan');
insert into zones (zone_id, zone_country_id, zone_code, zone_name) values ('78', '38', 'YT', 'Yukon Territory');
insert into zones (zone_id, zone_country_id, zone_code, zone_name) values ('79', '81', 'NDS', 'Niedersachsen');
insert into zones (zone_id, zone_country_id, zone_code, zone_name) values ('80', '81', 'BAW', 'Baden-Wrttemberg');
insert into zones (zone_id, zone_country_id, zone_code, zone_name) values ('81', '81', 'BAY', 'Bayern');
insert into zones (zone_id, zone_country_id, zone_code, zone_name) values ('82', '81', 'BER', 'Berlin');
insert into zones (zone_id, zone_country_id, zone_code, zone_name) values ('83', '81', 'BRG', 'Brandenburg');
insert into zones (zone_id, zone_country_id, zone_code, zone_name) values ('84', '81', 'BRE', 'Bremen');
insert into zones (zone_id, zone_country_id, zone_code, zone_name) values ('85', '81', 'HAM', 'Hamburg');
insert into zones (zone_id, zone_country_id, zone_code, zone_name) values ('86', '81', 'HES', 'Hessen');
insert into zones (zone_id, zone_country_id, zone_code, zone_name) values ('87', '81', 'MEC', 'Mecklenburg-Vorpommern');
insert into zones (zone_id, zone_country_id, zone_code, zone_name) values ('88', '81', 'NRW', 'Nordrhein-Westfalen');
insert into zones (zone_id, zone_country_id, zone_code, zone_name) values ('89', '81', 'RHE', 'Rheinland-Pfalz');
insert into zones (zone_id, zone_country_id, zone_code, zone_name) values ('90', '81', 'SAR', 'Saarland');
insert into zones (zone_id, zone_country_id, zone_code, zone_name) values ('91', '81', 'SAS', 'Sachsen');
insert into zones (zone_id, zone_country_id, zone_code, zone_name) values ('92', '81', 'SAC', 'Sachsen-Anhalt');
insert into zones (zone_id, zone_country_id, zone_code, zone_name) values ('93', '81', 'SCN', 'Schleswig-Holstein');
insert into zones (zone_id, zone_country_id, zone_code, zone_name) values ('94', '81', 'THE', 'Thringen');
insert into zones (zone_id, zone_country_id, zone_code, zone_name) values ('95', '14', 'WI', 'Wien');
insert into zones (zone_id, zone_country_id, zone_code, zone_name) values ('96', '14', 'NO', 'Niedersterreich');
insert into zones (zone_id, zone_country_id, zone_code, zone_name) values ('97', '14', 'OO', 'Obersterreich');
insert into zones (zone_id, zone_country_id, zone_code, zone_name) values ('98', '14', 'SB', 'Salzburg');
insert into zones (zone_id, zone_country_id, zone_code, zone_name) values ('99', '14', 'KN', 'Krnten');
insert into zones (zone_id, zone_country_id, zone_code, zone_name) values ('100', '14', 'ST', 'Steiermark');
insert into zones (zone_id, zone_country_id, zone_code, zone_name) values ('101', '14', 'TI', 'Tirol');
insert into zones (zone_id, zone_country_id, zone_code, zone_name) values ('102', '14', 'BL', 'Burgenland');
insert into zones (zone_id, zone_country_id, zone_code, zone_name) values ('103', '14', 'VB', 'Voralberg');
insert into zones (zone_id, zone_country_id, zone_code, zone_name) values ('104', '204', 'AG', 'Aargau');
insert into zones (zone_id, zone_country_id, zone_code, zone_name) values ('105', '204', 'AI', 'Appenzell Innerrhoden');
insert into zones (zone_id, zone_country_id, zone_code, zone_name) values ('106', '204', 'AR', 'Appenzell Ausserrhoden');
insert into zones (zone_id, zone_country_id, zone_code, zone_name) values ('107', '204', 'BE', 'Bern');
insert into zones (zone_id, zone_country_id, zone_code, zone_name) values ('108', '204', 'BL', 'Basel-Landschaft');
insert into zones (zone_id, zone_country_id, zone_code, zone_name) values ('109', '204', 'BS', 'Basel-Stadt');
insert into zones (zone_id, zone_country_id, zone_code, zone_name) values ('110', '204', 'FR', 'Freiburg');
insert into zones (zone_id, zone_country_id, zone_code, zone_name) values ('111', '204', 'GE', 'Genf');
insert into zones (zone_id, zone_country_id, zone_code, zone_name) values ('112', '204', 'GL', 'Glarus');
insert into zones (zone_id, zone_country_id, zone_code, zone_name) values ('113', '204', 'JU', 'Graubnden');
insert into zones (zone_id, zone_country_id, zone_code, zone_name) values ('114', '204', 'JU', 'Jura');
insert into zones (zone_id, zone_country_id, zone_code, zone_name) values ('115', '204', 'LU', 'Luzern');
insert into zones (zone_id, zone_country_id, zone_code, zone_name) values ('116', '204', 'NE', 'Neuenburg');
insert into zones (zone_id, zone_country_id, zone_code, zone_name) values ('117', '204', 'NW', 'Nidwalden');
insert into zones (zone_id, zone_country_id, zone_code, zone_name) values ('118', '204', 'OW', 'Obwalden');
insert into zones (zone_id, zone_country_id, zone_code, zone_name) values ('119', '204', 'SG', 'St. Gallen');
insert into zones (zone_id, zone_country_id, zone_code, zone_name) values ('120', '204', 'SH', 'Schaffhausen');
insert into zones (zone_id, zone_country_id, zone_code, zone_name) values ('121', '204', 'SO', 'Solothurn');
insert into zones (zone_id, zone_country_id, zone_code, zone_name) values ('122', '204', 'SZ', 'Schwyz');
insert into zones (zone_id, zone_country_id, zone_code, zone_name) values ('123', '204', 'TG', 'Thurgau');
insert into zones (zone_id, zone_country_id, zone_code, zone_name) values ('124', '204', 'TI', 'Tessin');
insert into zones (zone_id, zone_country_id, zone_code, zone_name) values ('125', '204', 'UR', 'Uri');
insert into zones (zone_id, zone_country_id, zone_code, zone_name) values ('126', '204', 'VD', 'Waadt');
insert into zones (zone_id, zone_country_id, zone_code, zone_name) values ('127', '204', 'VS', 'Wallis');
insert into zones (zone_id, zone_country_id, zone_code, zone_name) values ('128', '204', 'ZG', 'Zug');
insert into zones (zone_id, zone_country_id, zone_code, zone_name) values ('129', '204', 'ZH', 'Zrich');
insert into zones (zone_id, zone_country_id, zone_code, zone_name) values ('130', '195', 'A Corua', 'A Corua');
insert into zones (zone_id, zone_country_id, zone_code, zone_name) values ('131', '195', 'Alava', 'Alava');
insert into zones (zone_id, zone_country_id, zone_code, zone_name) values ('132', '195', 'Albacete', 'Albacete');
insert into zones (zone_id, zone_country_id, zone_code, zone_name) values ('133', '195', 'Alicante', 'Alicante');
insert into zones (zone_id, zone_country_id, zone_code, zone_name) values ('134', '195', 'Almeria', 'Almeria');
insert into zones (zone_id, zone_country_id, zone_code, zone_name) values ('135', '195', 'Asturias', 'Asturias');
insert into zones (zone_id, zone_country_id, zone_code, zone_name) values ('136', '195', 'Avila', 'Avila');
insert into zones (zone_id, zone_country_id, zone_code, zone_name) values ('137', '195', 'Badajoz', 'Badajoz');
insert into zones (zone_id, zone_country_id, zone_code, zone_name) values ('138', '195', 'Baleares', 'Baleares');
insert into zones (zone_id, zone_country_id, zone_code, zone_name) values ('139', '195', 'Barcelona', 'Barcelona');
insert into zones (zone_id, zone_country_id, zone_code, zone_name) values ('140', '195', 'Burgos', 'Burgos');
insert into zones (zone_id, zone_country_id, zone_code, zone_name) values ('141', '195', 'Caceres', 'Caceres');
insert into zones (zone_id, zone_country_id, zone_code, zone_name) values ('142', '195', 'Cadiz', 'Cadiz');
insert into zones (zone_id, zone_country_id, zone_code, zone_name) values ('143', '195', 'Cantabria', 'Cantabria');
insert into zones (zone_id, zone_country_id, zone_code, zone_name) values ('144', '195', 'Castellon', 'Castellon');
insert into zones (zone_id, zone_country_id, zone_code, zone_name) values ('145', '195', 'Ceuta', 'Ceuta');
insert into zones (zone_id, zone_country_id, zone_code, zone_name) values ('146', '195', 'Ciudad Real', 'Ciudad Real');
insert into zones (zone_id, zone_country_id, zone_code, zone_name) values ('147', '195', 'Cordoba', 'Cordoba');
insert into zones (zone_id, zone_country_id, zone_code, zone_name) values ('148', '195', 'Cuenca', 'Cuenca');
insert into zones (zone_id, zone_country_id, zone_code, zone_name) values ('149', '195', 'Girona', 'Girona');
insert into zones (zone_id, zone_country_id, zone_code, zone_name) values ('150', '195', 'Granada', 'Granada');
insert into zones (zone_id, zone_country_id, zone_code, zone_name) values ('151', '195', 'Guadalajara', 'Guadalajara');
insert into zones (zone_id, zone_country_id, zone_code, zone_name) values ('152', '195', 'Guipuzcoa', 'Guipuzcoa');
insert into zones (zone_id, zone_country_id, zone_code, zone_name) values ('153', '195', 'Huelva', 'Huelva');
insert into zones (zone_id, zone_country_id, zone_code, zone_name) values ('154', '195', 'Huesca', 'Huesca');
insert into zones (zone_id, zone_country_id, zone_code, zone_name) values ('155', '195', 'Jaen', 'Jaen');
insert into zones (zone_id, zone_country_id, zone_code, zone_name) values ('156', '195', 'La Rioja', 'La Rioja');
insert into zones (zone_id, zone_country_id, zone_code, zone_name) values ('157', '195', 'Las Palmas', 'Las Palmas');
insert into zones (zone_id, zone_country_id, zone_code, zone_name) values ('158', '195', 'Leon', 'Leon');
insert into zones (zone_id, zone_country_id, zone_code, zone_name) values ('159', '195', 'Lleida', 'Lleida');
insert into zones (zone_id, zone_country_id, zone_code, zone_name) values ('160', '195', 'Lugo', 'Lugo');
insert into zones (zone_id, zone_country_id, zone_code, zone_name) values ('161', '195', 'Madrid', 'Madrid');
insert into zones (zone_id, zone_country_id, zone_code, zone_name) values ('162', '195', 'Malaga', 'Malaga');
insert into zones (zone_id, zone_country_id, zone_code, zone_name) values ('163', '195', 'Melilla', 'Melilla');
insert into zones (zone_id, zone_country_id, zone_code, zone_name) values ('164', '195', 'Murcia', 'Murcia');
insert into zones (zone_id, zone_country_id, zone_code, zone_name) values ('165', '195', 'Navarra', 'Navarra');
insert into zones (zone_id, zone_country_id, zone_code, zone_name) values ('166', '195', 'Ourense', 'Ourense');
insert into zones (zone_id, zone_country_id, zone_code, zone_name) values ('167', '195', 'Palencia', 'Palencia');
insert into zones (zone_id, zone_country_id, zone_code, zone_name) values ('168', '195', 'Pontevedra', 'Pontevedra');
insert into zones (zone_id, zone_country_id, zone_code, zone_name) values ('169', '195', 'Salamanca', 'Salamanca');
insert into zones (zone_id, zone_country_id, zone_code, zone_name) values ('170', '195', 'Santa Cruz de Tenerife', 'Santa Cruz de Tenerife');
insert into zones (zone_id, zone_country_id, zone_code, zone_name) values ('171', '195', 'Segovia', 'Segovia');
insert into zones (zone_id, zone_country_id, zone_code, zone_name) values ('172', '195', 'Sevilla', 'Sevilla');
insert into zones (zone_id, zone_country_id, zone_code, zone_name) values ('173', '195', 'Soria', 'Soria');
insert into zones (zone_id, zone_country_id, zone_code, zone_name) values ('174', '195', 'Tarragona', 'Tarragona');
insert into zones (zone_id, zone_country_id, zone_code, zone_name) values ('175', '195', 'Teruel', 'Teruel');
insert into zones (zone_id, zone_country_id, zone_code, zone_name) values ('176', '195', 'Toledo', 'Toledo');
insert into zones (zone_id, zone_country_id, zone_code, zone_name) values ('177', '195', 'Valencia', 'Valencia');
insert into zones (zone_id, zone_country_id, zone_code, zone_name) values ('178', '195', 'Valladolid', 'Valladolid');
insert into zones (zone_id, zone_country_id, zone_code, zone_name) values ('179', '195', 'Vizcaya', 'Vizcaya');
insert into zones (zone_id, zone_country_id, zone_code, zone_name) values ('180', '195', 'Zamora', 'Zamora');
insert into zones (zone_id, zone_country_id, zone_code, zone_name) values ('181', '195', 'Zaragoza', 'Zaragoza');
insert into zones (zone_id, zone_country_id, zone_code, zone_name) values ('182', '223', '', 'us');
drop table if exists zones_to_geo_zones;
create table zones_to_geo_zones (
  association_id int(11) not null auto_increment,
  zone_country_id int(11) default '0' not null ,
  zone_id int(11) ,
  geo_zone_id int(11) ,
  last_modified datetime ,
  date_added datetime default '0000-00-00 00:00:00' not null ,
  PRIMARY KEY (association_id)
);

insert into zones_to_geo_zones (association_id, zone_country_id, zone_id, geo_zone_id, last_modified, date_added) values ('1', '223', '25', '1', '2005-02-13 20:11:49', '2005-01-27 17:14:43');
